version 2
JvmtiExport can_access_local_variables 0
JvmtiExport can_hotswap_or_post_breakpoint 0
JvmtiExport can_post_on_exceptions 0
# 801 ciObject found
instanceKlass org/python/pydev/core/docutils/StringSubstitution
ciInstanceKlass java/lang/Cloneable 1 0 5 1 100 1 100
# instanceKlass java/lang/invoke/LambdaForm$MH+0x0000000800f0e400
# instanceKlass java/lang/invoke/LambdaForm$MH+0x0000000800f0e000
# instanceKlass java/lang/invoke/LambdaForm$MH+0x0000000800f0dc00
# instanceKlass java/lang/invoke/LambdaForm$MH+0x0000000800f0d800
# instanceKlass java/lang/invoke/LambdaForm$MH+0x0000000800f0d000
# instanceKlass java/lang/invoke/LambdaForm$MH+0x0000000800f0d400
# instanceKlass java/lang/invoke/LambdaForm$MH+0x0000000800f0cc00
# instanceKlass java/lang/invoke/LambdaForm$MH+0x0000000800f0c800
# instanceKlass java/lang/invoke/LambdaForm$MH+0x0000000800f0c400
# instanceKlass java/lang/invoke/LambdaForm$MH+0x0000000800f0c000
# instanceKlass java/lang/invoke/LambdaForm$MH+0x0000000800f0bc00
# instanceKlass java/lang/invoke/LambdaForm$MH+0x0000000800f0b800
# instanceKlass java/lang/invoke/LambdaForm$MH+0x0000000800f0b400
# instanceKlass java/lang/invoke/LambdaForm$MH+0x0000000800f0b000
# instanceKlass java/lang/invoke/LambdaForm$MH+0x0000000800f0ac00
# instanceKlass java/lang/invoke/LambdaForm$MH+0x0000000800f0a800
# instanceKlass java/lang/invoke/LambdaForm$MH+0x0000000800f0a400
# instanceKlass java/lang/invoke/LambdaForm$MH+0x0000000800f0a000
# instanceKlass java/lang/invoke/LambdaForm$MH+0x0000000800f09800
# instanceKlass java/lang/invoke/LambdaForm$MH+0x0000000800f09c00
# instanceKlass java/lang/invoke/LambdaForm$MH+0x0000000800f09400
# instanceKlass java/lang/invoke/LambdaForm$MH+0x0000000800f09000
# instanceKlass java/lang/invoke/LambdaForm$MH+0x0000000800f08c00
# instanceKlass java/lang/invoke/LambdaForm$MH+0x0000000800f08800
# instanceKlass java/lang/invoke/LambdaForm$MH+0x0000000800f08400
# instanceKlass java/lang/invoke/LambdaForm$MH+0x0000000800f08000
# instanceKlass java/lang/invoke/LambdaForm$MH+0x0000000800f07c00
# instanceKlass java/lang/invoke/LambdaForm$MH+0x0000000800f07800
# instanceKlass java/lang/invoke/LambdaForm$MH+0x0000000800f07400
# instanceKlass java/lang/invoke/LambdaForm$MH+0x0000000800f07000
# instanceKlass java/lang/invoke/LambdaForm$MH+0x0000000800f06c00
# instanceKlass java/lang/invoke/LambdaForm$MH+0x0000000800f06800
# instanceKlass java/lang/invoke/LambdaForm$MH+0x0000000800f06400
# instanceKlass java/lang/invoke/LambdaForm$MH+0x0000000800f06000
# instanceKlass java/lang/invoke/LambdaForm$MH+0x0000000800f05c00
# instanceKlass java/lang/invoke/LambdaForm$MH+0x0000000800f05800
# instanceKlass java/lang/invoke/LambdaForm$MH+0x0000000800f05400
# instanceKlass java/lang/invoke/LambdaForm$MH+0x0000000800f05000
# instanceKlass java/lang/invoke/LambdaForm$MH+0x0000000800f04c00
# instanceKlass java/lang/invoke/LambdaForm$MH+0x0000000800f04800
# instanceKlass java/lang/invoke/LambdaForm$MH+0x0000000800f04400
# instanceKlass java/lang/invoke/LambdaForm$MH+0x0000000800f04000
# instanceKlass java/lang/invoke/LambdaForm$MH+0x0000000800f03c00
# instanceKlass java/lang/invoke/LambdaForm$MH+0x0000000800f03800
# instanceKlass java/lang/invoke/LambdaForm$MH+0x0000000800f03400
# instanceKlass java/lang/invoke/LambdaForm$MH+0x0000000800f03000
# instanceKlass java/lang/invoke/LambdaForm$MH+0x0000000800f02c00
# instanceKlass java/lang/invoke/LambdaForm$MH+0x0000000800f02800
# instanceKlass java/lang/invoke/LambdaForm$MH+0x0000000800f02400
# instanceKlass java/lang/invoke/LambdaForm$MH+0x0000000800f02000
# instanceKlass java/lang/invoke/LambdaForm$MH+0x0000000800f01c00
# instanceKlass java/lang/invoke/LambdaForm$MH+0x0000000800f01800
# instanceKlass java/lang/invoke/LambdaForm$MH+0x0000000800f01400
# instanceKlass java/lang/invoke/LambdaForm$MH+0x0000000800f01000
# instanceKlass java/lang/invoke/LambdaForm$MH+0x0000000800f00c00
# instanceKlass java/lang/invoke/LambdaForm$MH+0x0000000800f00800
# instanceKlass java/lang/invoke/LambdaForm$MH+0x0000000800f00400
# instanceKlass java/lang/invoke/LambdaForm$MH+0x0000000800f00000
# instanceKlass java/lang/invoke/LambdaForm$MH+0x0000000800edfc00
# instanceKlass java/lang/invoke/LambdaForm$MH+0x0000000800edf800
# instanceKlass java/lang/invoke/LambdaForm$MH+0x0000000800edf400
# instanceKlass java/lang/invoke/LambdaForm$MH+0x0000000800edf000
# instanceKlass java/lang/invoke/LambdaForm$MH+0x0000000800edec00
# instanceKlass java/lang/invoke/LambdaForm$MH+0x0000000800ede800
# instanceKlass java/lang/invoke/LambdaForm$MH+0x0000000800ede400
# instanceKlass java/lang/invoke/LambdaForm$MH+0x0000000800ede000
# instanceKlass java/lang/invoke/LambdaForm$MH+0x0000000800eddc00
# instanceKlass java/lang/invoke/LambdaForm$MH+0x0000000800edd800
# instanceKlass java/lang/invoke/LambdaForm$MH+0x0000000800edd400
# instanceKlass java/lang/invoke/LambdaForm$MH+0x0000000800edd000
# instanceKlass java/lang/invoke/LambdaForm$MH+0x0000000800edcc00
# instanceKlass java/lang/invoke/LambdaForm$MH+0x0000000800edc800
# instanceKlass java/lang/invoke/LambdaForm$MH+0x0000000800edc400
# instanceKlass java/lang/invoke/LambdaForm$MH+0x0000000800edc000
# instanceKlass java/lang/invoke/LambdaForm$MH+0x0000000800edbc00
# instanceKlass java/lang/invoke/LambdaForm$MH+0x0000000800edb800
# instanceKlass java/lang/invoke/LambdaForm$MH+0x0000000800edb400
# instanceKlass java/lang/invoke/LambdaForm$MH+0x0000000800edb000
# instanceKlass java/lang/invoke/LambdaForm$MH+0x0000000800edac00
# instanceKlass java/lang/invoke/LambdaForm$MH+0x0000000800eda800
# instanceKlass java/lang/invoke/LambdaForm$MH+0x0000000800eda000
# instanceKlass java/lang/invoke/LambdaForm$MH+0x0000000800eda400
# instanceKlass java/lang/invoke/LambdaForm$MH+0x0000000800ed9c00
# instanceKlass java/lang/invoke/LambdaForm$MH+0x0000000800ed9800
# instanceKlass java/lang/invoke/LambdaForm$MH+0x0000000800ed9400
# instanceKlass java/lang/invoke/LambdaForm$MH+0x0000000800ed9000
# instanceKlass java/lang/invoke/LambdaForm$MH+0x0000000800ed8c00
# instanceKlass java/lang/invoke/LambdaForm$MH+0x0000000800ed8800
# instanceKlass java/lang/invoke/LambdaForm$MH+0x0000000800ed8400
# instanceKlass java/lang/invoke/LambdaForm$MH+0x0000000800ed8000
# instanceKlass java/lang/invoke/LambdaForm$MH+0x0000000800ed7c00
# instanceKlass java/lang/invoke/LambdaForm$MH+0x0000000800ed7800
# instanceKlass java/lang/invoke/LambdaForm$MH+0x0000000800ed7400
# instanceKlass java/lang/invoke/LambdaForm$MH+0x0000000800ed7000
# instanceKlass java/lang/invoke/LambdaForm$MH+0x0000000800ed6c00
# instanceKlass java/lang/invoke/LambdaForm$MH+0x0000000800ed6800
# instanceKlass java/lang/invoke/LambdaForm$MH+0x0000000800ed6400
# instanceKlass java/lang/invoke/LambdaForm$MH+0x0000000800ed6000
# instanceKlass java/lang/invoke/LambdaForm$MH+0x0000000800ed5c00
# instanceKlass java/lang/invoke/LambdaForm$MH+0x0000000800ed5800
# instanceKlass java/lang/invoke/LambdaForm$MH+0x0000000800ed5400
# instanceKlass java/lang/invoke/LambdaForm$MH+0x0000000800ed5000
# instanceKlass java/lang/invoke/LambdaForm$MH+0x0000000800ed4c00
# instanceKlass java/lang/invoke/LambdaForm$MH+0x0000000800ed4800
# instanceKlass java/lang/invoke/LambdaForm$MH+0x0000000800ed4400
# instanceKlass java/lang/invoke/LambdaForm$MH+0x0000000800ed4000
# instanceKlass java/lang/invoke/LambdaForm$MH+0x0000000800ed3c00
# instanceKlass java/lang/invoke/LambdaForm$MH+0x0000000800ed3800
instanceKlass com/python/pydev/analysis/visitors/ZopeInterfaceComputer
instanceKlass java/io/ObjectInputStream$GetField
instanceKlass  @bci java/io/ObjectInputFilter$Config <clinit> ()V 376 <appendix> argL0 ; # java/io/ObjectInputFilter$Config$$Lambda$252+0x0000000800ee77f8
instanceKlass jdk/internal/access/JavaObjectInputFilterAccess
instanceKlass java/io/ObjectInputFilter$Config$BuiltinFilterFactory
instanceKlass  @bci java/io/ObjectInputFilter$Config <clinit> ()V 80 <appendix> argL0 ; # java/io/ObjectInputFilter$Config$$Lambda$251+0x0000000800ee71d8
instanceKlass  @bci java/io/ObjectInputFilter$Config <clinit> ()V 56 <appendix> argL0 ; # java/io/ObjectInputFilter$Config$$Lambda$250+0x0000000800ee6fd0
instanceKlass jdk/internal/logger/LoggerFinderLoader
instanceKlass  @bci java/lang/System$LoggerFinder accessProvider ()Ljava/lang/System$LoggerFinder; 6 <appendix> argL0 ; # java/lang/System$LoggerFinder$$Lambda$249+0x0000000800ee68c0
instanceKlass jdk/internal/logger/LazyLoggers$LazyLoggerFactories
instanceKlass jdk/internal/logger/LazyLoggers$1
instanceKlass jdk/internal/logger/LazyLoggers
instanceKlass java/io/ObjectInputFilter
instanceKlass java/io/ObjectInputFilter$Config
instanceKlass java/io/ObjectInputStream$ValidationList
instanceKlass java/io/ObjectInputStream$HandleTable$HandleList
instanceKlass java/io/ObjectInputStream$HandleTable
instanceKlass  @bci java/io/ObjectInputStream <clinit> ()V 100 <appendix> argL0 ; # java/io/ObjectInputStream$$Lambda$248+0x0000000800ee4dc0
instanceKlass jdk/internal/access/JavaObjectInputStreamReadString
instanceKlass  @bci java/io/ObjectInputStream <clinit> ()V 92 <appendix> argL0 ; # java/io/ObjectInputStream$$Lambda$247+0x0000000800ee49d0
instanceKlass jdk/internal/access/JavaObjectInputStreamAccess
instanceKlass java/io/SerialCallbackContext
instanceKlass java/io/ObjectStreamClass$ClassDataSlot
instanceKlass java/io/ObjectStreamClass$FieldReflector
instanceKlass java/io/ObjectStreamClass$FieldReflectorKey
instanceKlass jdk/internal/reflect/ClassDefiner$1
instanceKlass jdk/internal/reflect/ClassDefiner
instanceKlass jdk/internal/reflect/MethodAccessorGenerator$1
instanceKlass jdk/internal/reflect/Label$PatchInfo
instanceKlass jdk/internal/reflect/Label
instanceKlass jdk/internal/reflect/UTF8
instanceKlass jdk/internal/reflect/ClassFileAssembler
instanceKlass jdk/internal/reflect/ByteVectorImpl
instanceKlass jdk/internal/reflect/ByteVector
instanceKlass jdk/internal/reflect/ByteVectorFactory
instanceKlass jdk/internal/reflect/AccessorGenerator
instanceKlass jdk/internal/reflect/ClassFileConstants
instanceKlass  @bci jdk/internal/reflect/MethodHandleLongFieldAccessorImpl getLong (Ljava/lang/Object;)J 11 <adapter> ; # java/lang/invoke/LambdaForm$MH+0x0000000800ed2c00
# instanceKlass java/lang/invoke/LambdaForm$DMH+0x0000000800ed2800
instanceKlass java/io/ObjectStreamClass$2
instanceKlass java/io/ClassCache
instanceKlass java/io/ObjectStreamClass$Caches
instanceKlass java/io/ObjectStreamClass
instanceKlass java/io/Bits
instanceKlass java/io/ObjectOutputStream$ReplaceTable
instanceKlass java/io/ObjectOutputStream$HandleTable
instanceKlass java/io/ObjectOutput
instanceKlass java/util/zip/Deflater$DeflaterZStreamRef
instanceKlass java/util/zip/Deflater
instanceKlass org/python/pydev/ast/codecompletion/revisited/modules/CompiledModule$1
instanceKlass  @bci org/python/pydev/ast/codecompletion/revisited/CompletionState checkMaxTimeForCompletion ()V 100 <appendix> form vmentry <vmtarget> ; # java/lang/invoke/LambdaForm$MH+0x0000000800ed2400
instanceKlass  @bci org/python/pydev/ast/codecompletion/revisited/CompletionState checkMaxTimeForCompletion ()V 100 <appendix> argL3 form vmentry <vmtarget> ; # java/lang/invoke/LambdaForm$MH+0x0000000800ed2000
# instanceKlass java/lang/invoke/LambdaForm$MH+0x0000000800ed1c00
# instanceKlass java/lang/invoke/LambdaForm$MH+0x0000000800ed1800
# instanceKlass java/lang/invoke/LambdaForm$MH+0x0000000800ed1400
# instanceKlass java/lang/invoke/LambdaForm$MH+0x0000000800ed1000
instanceKlass  @bci org/python/pydev/ast/codecompletion/revisited/CompletionState checkMaxTimeForCompletion ()V 100 <appendix> argL1 form vmentry <vmtarget> ; # java/lang/invoke/LambdaForm$MH+0x0000000800ed0c00
# instanceKlass java/lang/invoke/LambdaForm$MH+0x0000000800ed0800
# instanceKlass java/lang/invoke/LambdaForm$MH+0x0000000800ed0400
# instanceKlass java/lang/invoke/LambdaForm$MH+0x0000000800ed0000
instanceKlass org/python/pydev/ast/codecompletion/shell/ShellConvert
instanceKlass java/util/IdentityHashMap$IdentityHashMapIterator
instanceKlass  @bci sun/nio/ch/SocketAdaptor getInputStream ()Ljava/io/InputStream; 69 <appendix> member <vmtarget> ; # sun/nio/ch/SocketAdaptor$$Lambda$246+0x0000000800d7ea70
instanceKlass java/util/function/IntSupplier
instanceKlass java/nio/channels/spi/AbstractInterruptibleChannel$1
instanceKlass sun/nio/ch/Interruptible
instanceKlass org/python/pydev/ast/codecompletion/shell/AbstractShell$1
instanceKlass org/python/pydev/shared_core/utils/Timer
instanceKlass java/net/Socket
instanceKlass org/python/pydev/ast/builder/OperationsOnAllAddedFiles
instanceKlass  @bci org/eclipse/core/internal/resources/Resource accept (Lorg/eclipse/core/resources/IResourceVisitor;II)V 7 <appendix> member <vmtarget> ; # org/eclipse/core/internal/resources/Resource$$Lambda$245+0x0000000800ecc450
instanceKlass org/python/pydev/ast/listing_utils/PyFileListing$2
instanceKlass org/python/pydev/ast/builder/PyDevBuilder$1
instanceKlass org/python/pydev/ast/codecompletion/revisited/ModulesManagerWithBuild$4
instanceKlass org/eclipse/core/internal/events/BuildManager$2
instanceKlass org/eclipse/core/internal/events/BuildManager$1
instanceKlass org/eclipse/core/internal/events/BuildContext
instanceKlass org/eclipse/core/internal/resources/Workspace$ProjectBuildConfigOrder
instanceKlass org/eclipse/core/internal/resources/ComputeProjectOrder$VertexOrder
instanceKlass org/eclipse/core/internal/resources/ComputeProjectOrder$Digraph$Vertex
instanceKlass org/eclipse/core/internal/resources/ComputeProjectOrder$Digraph
instanceKlass org/eclipse/core/internal/resources/ComputeProjectOrder
instanceKlass org/eclipse/core/internal/resources/Workspace$BuildConfigurationComparator
instanceKlass org/eclipse/core/internal/jobs/JobQueue$2
instanceKlass  @bci org/eclipse/core/internal/jobs/JobManager wakeUp (Lorg/eclipse/core/internal/jobs/InternalJob;J)V 23 <appendix> member <vmtarget> ; # org/eclipse/core/internal/jobs/JobManager$$Lambda$244+0x0000000800ec8000
instanceKlass org/python/pydev/ast/codecompletion/shell/ProcessCreationInfo
instanceKlass org/python/pydev/shared_core/net/SocketUtil
instanceKlass java/net/SocketImpl
instanceKlass java/net/SocketOptions
instanceKlass  @bci sun/nio/ch/ServerSocketAdaptor create (Lsun/nio/ch/ServerSocketChannelImpl;)Ljava/net/ServerSocket; 1 <appendix> member <vmtarget> ; # sun/nio/ch/ServerSocketAdaptor$$Lambda$243+0x0000000800d7c780
instanceKlass java/net/ServerSocket
instanceKlass sun/net/NetHooks
instanceKlass java/net/InetSocketAddress$InetSocketAddressHolder
instanceKlass jdk/net/ExtendedSocketOptions$PlatformSocketOptions$1
instanceKlass jdk/net/ExtendedSocketOptions$PlatformSocketOptions
instanceKlass jdk/net/ExtendedSocketOptions$ExtSocketOption
instanceKlass java/net/SocketOption
instanceKlass jdk/net/ExtendedSocketOptions
instanceKlass org/python/pydev/ast/codecompletion/revisited/modules/ClassDefTokensExtractor
instanceKlass sun/net/ext/ExtendedSocketOptions
instanceKlass org/python/pydev/ast/codecompletion/revisited/CompletionParticipantsHelper
instanceKlass org/python/pydev/ast/codecompletion/revisited/CompletionState$AlreadySerched
instanceKlass org/python/pydev/shared_core/string/LineCol
instanceKlass java/net/Inet6Address$Inet6AddressHolder
instanceKlass java/net/InetAddress$PlatformResolver
instanceKlass java/net/spi/InetAddressResolver
instanceKlass java/net/spi/InetAddressResolver$LookupPolicy
instanceKlass java/net/Inet4AddressImpl
instanceKlass java/net/Inet6AddressImpl
instanceKlass java/net/InetAddressImpl
instanceKlass java/net/InetAddress$InetAddressHolder
instanceKlass java/net/InetAddress$1
instanceKlass jdk/internal/access/JavaNetInetAddressAccess
instanceKlass sun/nio/ch/Net$1
instanceKlass java/net/ProtocolFamily
instanceKlass sun/nio/ch/Net
instanceKlass  @bci sun/nio/ch/DefaultSelectorProvider <clinit> ()V 0 <appendix> argL0 ; # sun/nio/ch/DefaultSelectorProvider$$Lambda$242+0x0000000800d79658
instanceKlass sun/nio/ch/DefaultSelectorProvider
instanceKlass org/python/pydev/ast/codecompletion/revisited/DefinitionAndCompletions
instanceKlass org/python/pydev/ast/codecompletion/revisited/modules/SourceModule$DefinitionRef
instanceKlass  @bci java/nio/channels/spi/SelectorProvider$Holder provider ()Ljava/nio/channels/spi/SelectorProvider; 0 <appendix> argL0 ; # java/nio/channels/spi/SelectorProvider$Holder$$Lambda$241+0x0000000800d78de0
instanceKlass java/nio/channels/spi/SelectorProvider$Holder
instanceKlass java/nio/channels/spi/SelectorProvider
instanceKlass org/python/pydev/shared_core/io/HttpProtocolUtils
instanceKlass org/python/pydev/ast/codecompletion/revisited/modules/SourceModule$DefinitionsContainer
instanceKlass org/python/pydev/ast/codecompletion/revisited/CompletionState$1
instanceKlass java/util/TreeMap$NavigableSubMap$SubMapIterator
instanceKlass java/util/AbstractMap$2$1
instanceKlass jdk/internal/math/MathUtils
instanceKlass jdk/internal/math/FloatToDecimal
instanceKlass org/python/pydev/shared_core/utils/internal/win32/ProcessListWin32
instanceKlass org/python/pydev/shared_core/markers/PyMarkerUtils$MarkerInfo
instanceKlass org/python/pydev/parser/preferences/PyDevBuilderPreferences
instanceKlass org/python/pydev/core/docutils/TabNannyDocIterator$IndentInfo
instanceKlass org/python/pydev/core/docutils/TabNannyDocIterator
instanceKlass com/python/pydev/analysis/tabnanny/TabNanny
instanceKlass org/python/pydev/parser/fastparser/grammar_fstrings_common/FStringsAST$FStringExpressionContent
instanceKlass org/python/pydev/parser/fastparser/grammar_fstrings_common/FStringsAST
instanceKlass org/python/pydev/parser/fastparser/grammar_fstrings_common/SimpleNode
instanceKlass org/python/pydev/parser/fastparser/grammar_fstrings_common/AbstractFStringsTokenManager
instanceKlass org/python/pydev/parser/fastparser/grammar_fstrings_common/JJTFStringsGrammarState
instanceKlass org/python/pydev/parser/fastparser/grammar_fstrings_common/Node
instanceKlass org/python/pydev/parser/fastparser/grammar_fstrings_common/AbstractFStringsGrammar
instanceKlass org/python/pydev/parser/grammar_fstrings/FStringsGrammarConstants
instanceKlass org/python/pydev/parser/grammar_fstrings/FStringsGrammarTreeConstants
instanceKlass org/python/pydev/parser/grammar_fstrings/FStringsGrammarFactory
instanceKlass com/python/pydev/analysis/visitors/ScopeItems$TryExceptInfo
instanceKlass org/python/pydev/shared_core/utils/ArrayUtils$ArraysIterator
instanceKlass org/python/pydev/ast/codecompletion/revisited/CompletionStateWrapper
instanceKlass org/python/pydev/core/TupleN
instanceKlass org/python/pydev/parser/prettyprinterv2/LinePartsIterator
instanceKlass org/python/pydev/parser/prettyprinterv2/WriteStateV2
instanceKlass org/python/pydev/parser/prettyprinterv2/WriterEraserV2
instanceKlass org/python/pydev/parser/prettyprinterv2/ILinePartIndentMark
instanceKlass org/python/pydev/parser/prettyprinterv2/PrettyPrinterDocLineEntry$1
instanceKlass org/python/pydev/parser/prettyprinterv2/PrettyPrinterDocV2$1
instanceKlass org/python/pydev/parser/prettyprinterv2/ILinePartStatementMark
instanceKlass org/python/pydev/parser/prettyprinterv2/AbstractLinePart
instanceKlass org/python/pydev/parser/prettyprinterv2/ILinePart2
instanceKlass org/python/pydev/parser/prettyprinterv2/PrettyPrinterDocLineEntry
instanceKlass org/python/pydev/parser/prettyprinterv2/ILinePart
instanceKlass org/python/pydev/parser/prettyprinterv2/PrettyPrinterDocV2
instanceKlass org/python/pydev/parser/prettyprinterv2/PrettyPrinterPrefsV2
instanceKlass org/python/pydev/parser/prettyprinterv2/PrettyPrinterV2$1
instanceKlass org/python/pydev/parser/prettyprinterv2/IWriterEraser
instanceKlass org/python/pydev/parser/prettyprinterv2/PrettyPrinterV2
instanceKlass org/python/pydev/core/BaseModuleRequest
instanceKlass com/python/pydev/analysis/visitors/ImportChecker$ImportInfo
instanceKlass org/python/pydev/core/CheckAnalysisErrors
instanceKlass org/python/pydev/ast/analysis/messages/AbstractMessage
instanceKlass org/python/pydev/shared_core/string/FullRepIterable$ReverseFullRepIterator
instanceKlass org/python/pydev/shared_core/structure/FastStack$1
instanceKlass com/python/pydev/analysis/visitors/NoSelfChecker
instanceKlass com/python/pydev/analysis/visitors/DuplicationChecker
instanceKlass com/python/pydev/analysis/visitors/MessagesManager
instanceKlass com/python/pydev/analysis/visitors/GenAndTok
instanceKlass com/python/pydev/analysis/visitors/Found
instanceKlass org/python/pydev/core/IterEntry
instanceKlass org/python/pydev/core/TokensList$1
instanceKlass org/python/pydev/core/ChainIterator
instanceKlass org/python/pydev/shared_core/string/FullRepIterable$FullRepIterator
instanceKlass  @bci org/python/pydev/ast/codecompletion/revisited/modules/SourceToken <clinit> ()V 18 <appendix> argL0 ; # org/python/pydev/ast/codecompletion/revisited/modules/SourceToken$$Lambda$240+0x0000000800eb1d40
instanceKlass  @bci org/python/pydev/ast/codecompletion/revisited/modules/SourceToken <clinit> ()V 0 <appendix> argL0 ; # org/python/pydev/ast/codecompletion/revisited/modules/SourceToken$$Lambda$239+0x0000000800eb1b38
instanceKlass  @bci org/python/pydev/ast/codecompletion/revisited/modules/PredefinedSourceModule <init> (Ljava/lang/String;Ljava/io/File;Lorg/python/pydev/parser/jython/SimpleNode;Ljava/lang/Throwable;Lorg/python/pydev/core/IPythonNature;)V 24 <appendix> argL0 ; # org/python/pydev/ast/codecompletion/revisited/modules/PredefinedSourceModule$$Lambda$238+0x0000000800eb1930
instanceKlass org/python/pydev/ast/codecompletion/revisited/modules/SourceModule$IFilter
instanceKlass org/python/pydev/parser/jython/ast/factory/NodeHelper
instanceKlass org/python/pydev/parser/jython/ast/factory/AdapterPrefs
instanceKlass java/lang/Runtime$VersionPattern
instanceKlass org/python/pydev/ast/codecompletion/revisited/SystemModulesManager$1
instanceKlass com/python/pydev/analysis/pep8/Pep8Visitor
instanceKlass org/python/pydev/ast/interpreter_managers/TypeshedLoader
instanceKlass  @bci org/python/pydev/ast/interpreter_managers/AbstractInterpreterManager getBuiltinCompletions (Ljava/lang/String;Lorg/python/pydev/core/IModuleRequestState;)Lorg/python/pydev/core/TokensList; 19 <appendix> form vmentry <vmtarget> ; # java/lang/invoke/LambdaForm$MH+0x0000000800ebd000
# instanceKlass java/lang/invoke/LambdaForm$MH+0x0000000800ebcc00
instanceKlass  @bci org/python/pydev/ast/interpreter_managers/AbstractInterpreterManager getBuiltinCompletions (Ljava/lang/String;Lorg/python/pydev/core/IModuleRequestState;)Lorg/python/pydev/core/TokensList; 19 <appendix> argL3 form vmentry <vmtarget> ; # java/lang/invoke/LambdaForm$MH+0x0000000800ebc800
# instanceKlass java/lang/invoke/LambdaForm$MH+0x0000000800ebc400
# instanceKlass java/lang/invoke/LambdaForm$MH+0x0000000800ebc000
# instanceKlass java/lang/invoke/LambdaForm$MH+0x0000000800eb7400
instanceKlass org/python/pydev/core/TokensList
instanceKlass org/python/pydev/core/IObjectsList
instanceKlass org/python/pydev/core/preferences/InterpreterGeneralPreferences
instanceKlass org/python/pydev/ast/codecompletion/revisited/CompletionState$Memo
instanceKlass org/python/pydev/core/NoExceptionCloseable
instanceKlass org/python/pydev/ast/codecompletion/revisited/CompletionState
instanceKlass org/python/pydev/ast/codecompletion/revisited/CompletionStateFactory
instanceKlass com/python/pydev/analysis/visitors/ScopeItems
instanceKlass com/python/pydev/analysis/visitors/ImportChecker
instanceKlass com/python/pydev/analysis/visitors/Scope
instanceKlass org/python/pydev/shared_core/structure/StringToIntCounterSmallSet
instanceKlass org/python/pydev/ast/analysis/messages/IMessage
instanceKlass org/python/pydev/core/ITabChangedListener
instanceKlass org/python/pydev/core/autoedit/AbstractIndentPrefs
instanceKlass com/python/pydev/analysis/OccurrencesAnalyzer
instanceKlass org/eclipse/lsp4j/DiagnosticRelatedInformation
instanceKlass org/eclipse/lsp4j/DiagnosticCodeDescription
instanceKlass org/eclipse/lsp4j/Diagnostic
instanceKlass  @bci org/python/pydev/pydev_lsp/PyDevDocumentLifeCycleHandler$PyDevUriInfo publishCodeAnalysisErrors (ILorg/python/pydev/pydev_lsp/PyDevDocumentLifeCycleHandler$AvailableDiagnostics;Ljava/lang/String;)V 38 <appendix> form vmentry <vmtarget> ; # java/lang/invoke/LambdaForm$MH+0x0000000800eb7000
# instanceKlass java/lang/invoke/LambdaForm$MH+0x0000000800eb6c00
instanceKlass  @bci org/python/pydev/pydev_lsp/PyDevDocumentLifeCycleHandler$PyDevUriInfo publishCodeAnalysisErrors (ILorg/python/pydev/pydev_lsp/PyDevDocumentLifeCycleHandler$AvailableDiagnostics;Ljava/lang/String;)V 38 <appendix> form names 8 function resolvedHandle form vmentry <vmtarget> ; # java/lang/invoke/LambdaForm$DMH+0x0000000800eb6800
instanceKlass  @bci org/python/pydev/pydev_lsp/PyDevDocumentLifeCycleHandler$PyDevUriInfo publishCodeAnalysisErrors (ILorg/python/pydev/pydev_lsp/PyDevDocumentLifeCycleHandler$AvailableDiagnostics;Ljava/lang/String;)V 38 <appendix> argL3 form vmentry <vmtarget> ; # java/lang/invoke/LambdaForm$MH+0x0000000800eb6400
# instanceKlass java/lang/invoke/LambdaForm$MH+0x0000000800eb6000
# instanceKlass java/lang/invoke/LambdaForm$MH+0x0000000800eb5c00
# instanceKlass java/lang/invoke/LambdaForm$MH+0x0000000800eb5800
# instanceKlass java/lang/invoke/LambdaForm$MH+0x0000000800eb5400
instanceKlass  @bci org/python/pydev/pydev_lsp/PyDevDocumentLifeCycleHandler$PyDevUriInfo publishCodeAnalysisErrors (ILorg/python/pydev/pydev_lsp/PyDevDocumentLifeCycleHandler$AvailableDiagnostics;Ljava/lang/String;)V 38 <appendix> form names 12 function resolvedHandle form vmentry <vmtarget> ; # java/lang/invoke/LambdaForm$DMH+0x0000000800eb5000
instanceKlass  @bci org/python/pydev/pydev_lsp/PyDevDocumentLifeCycleHandler$PyDevUriInfo publishCodeAnalysisErrors (ILorg/python/pydev/pydev_lsp/PyDevDocumentLifeCycleHandler$AvailableDiagnostics;Ljava/lang/String;)V 38 <appendix> argL1 form vmentry <vmtarget> ; # java/lang/invoke/LambdaForm$MH+0x0000000800eb4c00
# instanceKlass java/lang/invoke/LambdaForm$MH+0x0000000800eb4800
# instanceKlass java/lang/invoke/LambdaForm$MH+0x0000000800eb4400
# instanceKlass java/lang/invoke/LambdaForm$MH+0x0000000800eb4000
instanceKlass com/python/pydev/analysis/PyAnalysisScopedPreferences
instanceKlass com/python/pydev/analysis/additionalinfo/builders/AnalysisRunner
instanceKlass com/python/pydev/analysis/pyright/PyrightVisitorFactory
instanceKlass com/python/pydev/analysis/ruff/RuffVisitorFactory
instanceKlass com/python/pydev/analysis/flake8/Flake8VisitorFactory
instanceKlass com/python/pydev/analysis/mypy/MypyVisitorFactory
instanceKlass com/python/pydev/analysis/external/AbstractExternalCodeAnalysisOnlyRemoveMarkersVisitor
instanceKlass org/python/pydev/shared_core/preferences/ScopedPreferences
instanceKlass org/python/pydev/shared_core/preferences/IScopedPreferences
instanceKlass org/python/pydev/core/preferences/PyScopedPreferences
instanceKlass com/python/pydev/analysis/external/IExternalCodeAnalysisVisitor
instanceKlass com/python/pydev/analysis/pylint/PyLintVisitorFactory
instanceKlass com/python/pydev/analysis/additionalinfo/builders/AbstractAnalysisBuilderRunnable
instanceKlass com/python/pydev/analysis/additionalinfo/builders/KeyForAnalysisRunnable
instanceKlass com/python/pydev/analysis/additionalinfo/builders/IAnalysisBuilderRunnable
instanceKlass com/python/pydev/analysis/additionalinfo/builders/AnalysisBuilderRunnableFactory
instanceKlass com/python/pydev/analysis/additionalinfo/builders/AnalysisBuilderVisitor$3
instanceKlass org/python/pydev/pydev_lsp/LSPMarkerHandler
instanceKlass com/python/pydev/analysis/additionalinfo/builders/DefaultMarkerHandler
instanceKlass org/python/pydev/ast/builder/PyDevBuilderVisitor
instanceKlass org/python/pydev/ast/codecompletion/revisited/ModulesManager$CompletionCache
instanceKlass org/python/pydev/shared_core/resources/DocumentChanged
instanceKlass org/python/pydev/pydev_lsp/PyDevDocumentLifeCycleHandler$AvailableDiagnostics
instanceKlass com/python/pydev/analysis/additionalinfo/builders/IMarkerHandler
instanceKlass org/python/pydev/pydev_lsp/PyDevCodeAnalysis
instanceKlass org/eclipse/debug/internal/core/IInternalDebugCoreConstants
instanceKlass org/eclipse/debug/internal/core/Preferences
instanceKlass org/eclipse/debug/core/commands/IDebugCommandRequest
instanceKlass org/eclipse/debug/core/IRequest
instanceKlass org/eclipse/debug/internal/core/StepFilterManager
instanceKlass org/eclipse/debug/core/ILaunchListener
instanceKlass org/eclipse/debug/internal/core/LaunchManager$LaunchManagerVisitor
instanceKlass org/eclipse/core/internal/resources/ProjectNatureDescriptor
instanceKlass  @bci org/eclipse/core/internal/resources/CheckMissingNaturesListener resourceChanged (Lorg/eclipse/core/resources/IResourceChangeEvent;)V 25 <appendix> member <vmtarget> ; # org/eclipse/core/internal/resources/CheckMissingNaturesListener$$Lambda$237+0x0000000800dc6608
instanceKlass org/eclipse/core/internal/events/NotificationManager$1
instanceKlass  @bci org/eclipse/core/internal/events/ResourceChangeListenerList getListeners ()[Lorg/eclipse/core/internal/events/ResourceChangeListenerList$ListenerEntry; 4 <appendix> argL0 ; # org/eclipse/core/internal/events/ResourceChangeListenerList$$Lambda$236+0x0000000800dc61d8
instanceKlass org/python/pydev/ast/codecompletion/revisited/visitors/LocalScope
instanceKlass org/python/pydev/ast/codecompletion/revisited/AbstractToken
instanceKlass org/python/pydev/core/ILocalScope
instanceKlass org/python/pydev/ast/codecompletion/revisited/visitors/Definition
instanceKlass org/eclipse/lsp4j/adapters/SymbolInformationTypeAdapter$Factory
instanceKlass  @bci org/eclipse/lsp4j/jsonrpc/json/adapters/CollectionTypeAdapter$Factory getConstructor (Ljava/lang/Class;)Ljava/util/function/Supplier; 10 <appendix> member <vmtarget> ; # org/eclipse/lsp4j/jsonrpc/json/adapters/CollectionTypeAdapter$Factory$$Lambda$235+0x0000000800e858c8
instanceKlass org/eclipse/lsp4j/Position
instanceKlass org/python/pydev/shared_core/parsing/BaseParser$ParseOutput
instanceKlass org/python/pydev/shared_core/structure/LowMemoryArrayList$1
instanceKlass org/python/pydev/parser/jython/SpecialStr
instanceKlass org/python/pydev/shared_core/utils/Reflection
instanceKlass org/python/pydev/parser/grammarcommon/TokensIterator
instanceKlass org/python/pydev/parser/jython/Token
instanceKlass org/python/pydev/parser/grammarcommon/IndentLevel
instanceKlass  @bci jdk/internal/reflect/MethodHandleIntegerFieldAccessorImpl getInt (Ljava/lang/Object;)I 11 <adapter> ; # java/lang/invoke/LambdaForm$MH+0x0000000800ea4000
instanceKlass org/python/pydev/parser/grammarcommon/AbstractTokenManagerWithConstants
instanceKlass org/python/pydev/parser/grammar312/PythonGrammar312$JJCalls
instanceKlass org/python/pydev/parser/grammarcommon/IntStack
instanceKlass org/python/pydev/parser/grammarcommon/AbstractTreeBuilderHelpers
instanceKlass org/python/pydev/parser/grammarcommon/ITreeBuilder
instanceKlass org/python/pydev/parser/jython/ISpecialStr
instanceKlass org/python/pydev/parser/grammarcommon/DefaultPythonGrammarActions
instanceKlass org/python/pydev/parser/grammarcommon/IJJTPythonGrammarState
instanceKlass org/python/pydev/parser/grammarcommon/AbstractJJTPythonGrammarState
instanceKlass org/python/pydev/parser/grammarcommon/IPythonGrammarActions
instanceKlass org/python/pydev/parser/grammarcommon/ITokenManager
instanceKlass org/python/pydev/parser/grammarcommon/AbstractGrammarWalkHelpers
instanceKlass org/python/pydev/parser/grammarcommon/ITreeConstants
instanceKlass org/python/pydev/parser/grammar312/PythonGrammar312Constants
instanceKlass org/python/pydev/parser/IGrammar2
instanceKlass org/python/pydev/parser/jython/FastCharStream
instanceKlass org/python/pydev/parser/IGrammar
instanceKlass org/eclipse/core/resources/IWorkspaceRunnable
instanceKlass org/python/pydev/shared_core/parsing/BaseParserManager
instanceKlass org/eclipse/jface/text/IDocumentListener
instanceKlass org/python/pydev/shared_core/parsing/BaseParser
instanceKlass org/python/pydev/core/parser/IPyParser
instanceKlass org/python/pydev/shared_core/parsing/IParser
instanceKlass org/python/pydev/parser/PyParser$ParserInfo
instanceKlass org/python/pydev/core/IGrammarVersionProvider$AdditionalGrammarVersionsToCheck
instanceKlass org/python/pydev/core/IPySyntaxHighlightingAndCodeCompletionEditor
instanceKlass org/python/pydev/core/IIndentPrefs
instanceKlass com/google/gson/internal/bind/NumberTypeAdapter$2
instanceKlass  @bci org/python/pydev/pydev_lsp/PyDevDocumentLifeCycleHandler getPyDevEditorBuffer (Lorg/python/pydev/pydev_lsp/PyDevDocumentLifeCycleHandler$PyDevUriInfo;)Lorg/python/pydev/pydev_lsp/PyDevEditorBuffer; 66 <appendix> member <vmtarget> ; # org/python/pydev/pydev_lsp/PyDevDocumentLifeCycleHandler$$Lambda$234+0x0000000800e82730
instanceKlass  @bci org/python/pydev/pydev_lsp/PyDevTextDocumentService codeLens (Lorg/eclipse/lsp4j/CodeLensParams;)Ljava/util/concurrent/CompletableFuture; 8 <appendix> member <vmtarget> ; # org/python/pydev/pydev_lsp/PyDevTextDocumentService$$Lambda$233+0x0000000800e82500
instanceKlass org/python/pydev/shared_core/locator/GetFiles
instanceKlass  @bci org/python/pydev/pydev_lsp/PyDevTextDocumentService documentSymbol (Lorg/eclipse/lsp4j/DocumentSymbolParams;)Ljava/util/concurrent/CompletableFuture; 2 <appendix> member <vmtarget> ; # org/python/pydev/pydev_lsp/PyDevTextDocumentService$$Lambda$232+0x0000000800e822d0
# instanceKlass java/lang/invoke/LambdaForm$MH+0x0000000800e98400
# instanceKlass java/lang/invoke/LambdaForm$MH+0x0000000800e98000
instanceKlass org/eclipse/lsp4j/TextDocumentIdentifier
instanceKlass java/time/LocalTime$1
instanceKlass java/time/LocalDate$1
instanceKlass java/time/ZonedDateTime$1
instanceKlass java/util/Formatter$DateTime
instanceKlass  @bci java/util/ResourceBundle$ResourceBundleProviderHelper loadPropertyResourceBundle (Ljava/lang/Module;Ljava/lang/Module;Ljava/lang/String;Ljava/util/Locale;)Ljava/util/ResourceBundle; 14 <appendix> member <vmtarget> ; # java/util/ResourceBundle$ResourceBundleProviderHelper$$Lambda$231+0x0000000800d758d8
instanceKlass  @bci java/util/ResourceBundle$ResourceBundleProviderHelper loadResourceBundle (Ljava/lang/Module;Ljava/lang/Module;Ljava/lang/String;Ljava/util/Locale;)Ljava/util/ResourceBundle; 13 <appendix> member <vmtarget> ; # java/util/ResourceBundle$ResourceBundleProviderHelper$$Lambda$230+0x0000000800d75488
instanceKlass java/util/ResourceBundle$3
instanceKlass java/util/logging/Level$RbAccess
instanceKlass  @bci java/util/logging/LogRecord inferCaller ()V 18 <appendix> member <vmtarget> ; # java/util/logging/LogRecord$$Lambda$229+0x0000000800d74e58
instanceKlass java/lang/StackStreamFactory$FrameBuffer
instanceKlass java/lang/StackStreamFactory$1
instanceKlass java/lang/StackStreamFactory
instanceKlass  @bci java/util/logging/LogRecord$CallerFinder get ()Ljava/util/Optional; 4 <appendix> member <vmtarget> ; # java/util/logging/LogRecord$CallerFinder$$Lambda$228+0x0000000800d73570
instanceKlass  @bci java/util/logging/LogRecord$CallerFinder <clinit> ()V 0 <appendix> argL0 ; # java/util/logging/LogRecord$CallerFinder$$Lambda$227+0x0000000800d73368
instanceKlass java/util/logging/LogRecord$CallerFinder
instanceKlass java/util/logging/LogManager$CloseOnReset
instanceKlass java/util/logging/StreamHandler$1
instanceKlass java/util/logging/Handler$1
instanceKlass java/util/logging/ErrorManager
instanceKlass jdk/internal/logger/SimpleConsoleLogger$Formatting
instanceKlass sun/util/logging/PlatformLogger
instanceKlass sun/util/logging/PlatformLogger$ConfigurableBridge$LoggerConfiguration
instanceKlass  @bci java/util/logging/SimpleFormatter <init> ()V 5 <appendix> argL0 ; # java/util/logging/SimpleFormatter$$Lambda$226+0x0000000800d71560
instanceKlass java/util/logging/Formatter
instanceKlass java/time/Clock
instanceKlass java/time/InstantSource
instanceKlass java/util/logging/LogRecord
instanceKlass  @bci org/eclipse/lsp4j/jsonrpc/json/MessageJsonHandler toString (Ljava/lang/Object;)Ljava/lang/String; 13 <appendix> argL0 ; # org/eclipse/lsp4j/jsonrpc/json/MessageJsonHandler$$Lambda$225+0x0000000800e84c98
instanceKlass org/python/pydev/pydev_lsp/PyDevDocumentLifeCycleHandler$AnalysisTargets
instanceKlass org/eclipse/jface/text/Region
instanceKlass org/eclipse/jface/text/DocumentPartitioningChangedEvent
instanceKlass org/eclipse/jface/text/TextUtilities
instanceKlass org/python/pydev/core/partition/MultiLineRuleWithMultipleStarts
instanceKlass org/python/pydev/core/partition/SingleLineRuleWithMultipleStarts
instanceKlass org/python/pydev/shared_core/partitioner/IChangeTokenRule
instanceKlass org/python/pydev/shared_core/partitioner/PatternRule$DecreasingCharArrayLengthComparator
instanceKlass org/python/pydev/shared_core/partitioner/Token
instanceKlass org/python/pydev/shared_core/partitioner/PatternRule
instanceKlass org/python/pydev/shared_core/partitioner/IPredicateRule
instanceKlass org/python/pydev/shared_core/partitioner/FastPartitioner
instanceKlass org/eclipse/jface/text/IDocumentPartitionerExtension3
instanceKlass org/eclipse/jface/text/IDocumentPartitionerExtension2
instanceKlass org/eclipse/jface/text/IDocumentPartitionerExtension
instanceKlass org/eclipse/jface/text/IDocumentPartitioner
instanceKlass org/python/pydev/shared_core/partitioner/IRule
instanceKlass org/python/pydev/shared_core/partitioner/IToken
instanceKlass org/python/pydev/shared_core/partitioner/AbstractCustomRuleBasedScanner
instanceKlass org/python/pydev/shared_core/partitioner/IDocumentScanner
instanceKlass org/python/pydev/shared_core/partitioner/ICharacterScanner
instanceKlass org/python/pydev/shared_core/partitioner/IContentsScanner
instanceKlass org/python/pydev/shared_core/partitioner/IMarkScanner
instanceKlass org/python/pydev/shared_core/partitioner/IPartitionTokenScanner
instanceKlass org/python/pydev/shared_core/partitioner/ITokenScanner
instanceKlass org/eclipse/jface/text/Position
instanceKlass org/eclipse/jface/text/DefaultPositionUpdater
instanceKlass org/eclipse/jface/text/Line
instanceKlass org/eclipse/jface/text/AbstractLineTracker$DelimiterInfo
instanceKlass org/eclipse/jface/text/AbstractLineTracker$SessionData
instanceKlass org/eclipse/jface/text/ListLineTracker
instanceKlass org/eclipse/jface/text/AbstractLineTracker
instanceKlass org/eclipse/jface/text/ILineTrackerExtension
instanceKlass org/eclipse/jface/text/CopyOnWriteTextStore$StringTextStore
instanceKlass org/eclipse/jface/text/GapTextStore
instanceKlass org/eclipse/jface/text/CopyOnWriteTextStore
instanceKlass org/eclipse/jface/text/ILineTracker
instanceKlass org/eclipse/jface/text/ITextStore
instanceKlass org/eclipse/jface/text/IPositionUpdater
instanceKlass org/eclipse/jface/text/ITypedRegion
instanceKlass org/python/pydev/pydev_lsp/PyDevDocument
instanceKlass org/python/pydev/pydev_lsp/PyDevDocumentLifeCycleHandler$1
instanceKlass org/python/pydev/core/concurrency/Semaphore
instanceKlass org/python/pydev/core/MathUtils
instanceKlass org/eclipse/lsp4j/TextDocumentItem
instanceKlass org/python/pydev/pydev_lsp/settings/PyDevManualLSPSettingsMapping
instanceKlass org/python/pydev/pydev_lsp/settings/PyDevLSPSettingsMapping
instanceKlass org/python/pydev/core/PropertiesHelper
instanceKlass  @bci org/python/pydev/ast/interpreter_managers/InterpreterInfo getStringSubstitutionVariables (Z)Ljava/util/Properties; 29 <appendix> member <vmtarget> ; # org/python/pydev/ast/interpreter_managers/InterpreterInfo$$Lambda$224+0x0000000800e5f768
instanceKlass  @bci org/python/pydev/pydev_lsp/projects/PyDevTargetProject getSourceFolders ()Ljava/util/List; 23 <appendix> argL0 ; # org/python/pydev/pydev_lsp/projects/PyDevTargetProject$$Lambda$223+0x0000000800e81698
instanceKlass  @bci org/python/pydev/pydev_lsp/PyDevWorkspaceService didChangeConfiguration (Lorg/eclipse/lsp4j/DidChangeConfigurationParams;)V 238 <appendix> argL0 ; # org/python/pydev/pydev_lsp/PyDevWorkspaceService$$Lambda$222+0x0000000800e81470
instanceKlass org/python/pydev/pydev_lsp/projects/PyDevFoldersSetup$SourceFolderHeristicCollector
instanceKlass  @bci org/python/pydev/pydev_lsp/projects/PyDevFoldersSetup$PathsCache exists (Ljava/nio/file/Path;)Z 5 <appendix> argL0 ; # org/python/pydev/pydev_lsp/projects/PyDevFoldersSetup$PathsCache$$Lambda$221+0x0000000800e81048
instanceKlass  @bci org/python/pydev/pydev_lsp/projects/PyDevFoldersSetup$PathsCache isDirectory (Ljava/nio/file/Path;)Z 5 <appendix> argL0 ; # org/python/pydev/pydev_lsp/projects/PyDevFoldersSetup$PathsCache$$Lambda$220+0x0000000800e80e20
instanceKlass  @bci org/python/pydev/pydev_lsp/projects/PyDevFoldersSetup$PathsCache children (Ljava/nio/file/Path;)[Ljava/nio/file/Path; 33 <appendix> argL0 ; # org/python/pydev/pydev_lsp/projects/PyDevFoldersSetup$PathsCache$$Lambda$219+0x0000000800e80c18
instanceKlass  @bci java/nio/file/Files asUncheckedRunnable (Ljava/io/Closeable;)Ljava/lang/Runnable; 1 <appendix> member <vmtarget> ; # java/nio/file/Files$$Lambda$218+0x0000000800d64638
instanceKlass java/nio/file/Files$2
instanceKlass org/python/pydev/pydev_lsp/projects/PyDevFoldersSetup$PathsCache
instanceKlass org/python/pydev/pydev_lsp/projects/PyDevFoldersSetup
instanceKlass  @bci org/python/pydev/pydev_lsp/Uris normalizeWinPath (Ljava/lang/String;)[Ljava/lang/String; 110 <appendix> form vmentry <vmtarget> ; # java/lang/invoke/LambdaForm$MH+0x0000000800e8d400
# instanceKlass java/lang/invoke/LambdaForm$MH+0x0000000800e8d000
instanceKlass  @bci org/python/pydev/pydev_lsp/Uris normalizeWinPath (Ljava/lang/String;)[Ljava/lang/String; 110 <appendix> form names 8 function resolvedHandle form vmentry <vmtarget> ; # java/lang/invoke/LambdaForm$DMH+0x0000000800e8cc00
instanceKlass  @bci org/python/pydev/pydev_lsp/Uris normalizeWinPath (Ljava/lang/String;)[Ljava/lang/String; 110 <appendix> argL3 form vmentry <vmtarget> ; # java/lang/invoke/LambdaForm$MH+0x0000000800e8c800
# instanceKlass java/lang/invoke/LambdaForm$MH+0x0000000800e8c400
# instanceKlass java/lang/invoke/LambdaForm$MH+0x0000000800e8c000
# instanceKlass java/lang/invoke/LambdaForm$MH+0x0000000800e8bc00
# instanceKlass java/lang/invoke/LambdaForm$MH+0x0000000800e8b800
# instanceKlass java/lang/invoke/LambdaForm$MH+0x0000000800e8b400
# instanceKlass java/lang/invoke/LambdaForm$MH+0x0000000800e8b000
instanceKlass  @bci org/python/pydev/pydev_lsp/Uris normalizeWinPath (Ljava/lang/String;)[Ljava/lang/String; 110 <appendix> form names 12 function resolvedHandle form vmentry <vmtarget> ; # java/lang/invoke/LambdaForm$DMH+0x0000000800e8ac00
instanceKlass  @bci org/python/pydev/pydev_lsp/Uris normalizeWinPath (Ljava/lang/String;)[Ljava/lang/String; 110 <appendix> argL1 form vmentry <vmtarget> ; # java/lang/invoke/LambdaForm$MH+0x0000000800e8a800
# instanceKlass java/lang/invoke/LambdaForm$MH+0x0000000800e8a400
instanceKlass  @bci org/python/pydev/pydev_lsp/Uris normalizeWinPath (Ljava/lang/String;)[Ljava/lang/String; 110 <appendix> argL1 argL0 form vmentry <vmtarget> ; # java/lang/invoke/LambdaForm$MH+0x0000000800e8a000
# instanceKlass java/lang/invoke/LambdaForm$MH+0x0000000800e89c00
# instanceKlass java/lang/invoke/LambdaForm$MH+0x0000000800e89800
# instanceKlass java/lang/invoke/LambdaForm$MH+0x0000000800e89400
# instanceKlass java/lang/invoke/LambdaForm$MH+0x0000000800e89000
instanceKlass org/python/pydev/pydev_lsp/Uris
instanceKlass  @bci org/python/pydev/pydev_lsp/settings/PyDevSettings getSourceFolders ()Ljava/util/List; 16 <appendix> member <vmtarget> ; # org/python/pydev/pydev_lsp/settings/PyDevSettings$$Lambda$217+0x0000000800e803e0
instanceKlass org/eclipse/core/internal/variables/StringSubstitutionEngine
instanceKlass org/eclipse/core/variables/IValueVariable
instanceKlass org/eclipse/core/variables/IStringVariable
instanceKlass org/eclipse/core/internal/variables/StringVariableManager
instanceKlass org/eclipse/core/variables/IStringVariableManager
instanceKlass com/google/gson/internal/bind/ObjectTypeAdapter$2
instanceKlass com/google/gson/internal/LinkedTreeMap$LinkedTreeMapIterator
instanceKlass com/google/gson/internal/ConstructorConstructor$18
instanceKlass org/python/pydev/pydev_lsp/JSONUtility
instanceKlass org/python/pydev/pydev_lsp/StructureTranslationUtilities
instanceKlass java/text/DontCareFieldPosition$1
instanceKlass java/text/Format$FieldDelegate
instanceKlass org/python/pydev/parser/visitors/scope/OutlineIterator
instanceKlass org/python/pydev/shared_core/structure/FastStack$ListItr
instanceKlass org/python/pydev/parser/prettyprinterv2/IPrettyPrinterPrefs
instanceKlass org/python/pydev/parser/visitors/NodeUtils
instanceKlass org/python/pydev/parser/jython/ast/enclosingType
instanceKlass org/python/pydev/parser/jython/ast/cmpopType
instanceKlass org/python/pydev/parser/jython/ast/num_typeType
instanceKlass org/python/pydev/parser/jython/ast/comp_contextType
instanceKlass org/python/pydev/parser/jython/ast/unaryopType
instanceKlass org/python/pydev/parser/jython/ast/boolopType
instanceKlass org/python/pydev/parser/jython/ast/VisitorBase
instanceKlass org/python/pydev/parser/jython/ast/factory/PyAstFactory
instanceKlass org/python/pydev/shared_core/structure/LowMemoryArrayList
instanceKlass org/python/pydev/parser/fastparser/FastDefinitionsParser$NodeEntry
instanceKlass  @bci java/util/regex/Pattern ALL ()Ljava/util/regex/Pattern$CharPredicate; 0 <appendix> argL0 ; # java/util/regex/Pattern$$Lambda$216+0x0000000800d70480
instanceKlass org/python/pydev/core/docutils/IPyDocIterator
instanceKlass org/python/pydev/shared_core/string/BaseParsingUtils
instanceKlass org/python/pydev/core/IPythonPartitions
instanceKlass org/python/pydev/shared_core/structure/FastStack
instanceKlass org/python/pydev/parser/jython/ast/expr_contextType
instanceKlass org/python/pydev/parser/fastparser/FastDefinitionsParser
instanceKlass org/eclipse/core/filebuffers/LocationKind
instanceKlass org/eclipse/core/internal/content/ContentTypeHandler
instanceKlass  @bci org/eclipse/core/runtime/ServiceCaller callOnce (Ljava/lang/Class;Ljava/lang/Class;Ljava/lang/String;Ljava/util/function/Consumer;)Z 14 <appendix> member <vmtarget> ; # org/eclipse/core/runtime/ServiceCaller$$Lambda$215+0x0000000800d8e038
instanceKlass  @bci org/eclipse/core/internal/content/ContentTypeManager$DebuggingHolder <clinit> ()V 9 <appendix> member <vmtarget> ; # org/eclipse/core/internal/content/ContentTypeManager$DebuggingHolder$$Lambda$214+0x0000000800e64ad8
instanceKlass  @cpi org/eclipse/core/internal/content/ContentTypeManager$DebuggingHolder 57 form vmentry <vmtarget> ; # java/lang/invoke/LambdaForm$DMH+0x0000000800e68400
instanceKlass org/eclipse/core/internal/content/ContentTypeManager$DebuggingHolder
instanceKlass  @bci org/eclipse/core/internal/content/ContentTypeBuilder applyPreferences ()V 16 <appendix> member <vmtarget> ; # org/eclipse/core/internal/content/ContentTypeBuilder$$Lambda$213+0x0000000800e646d8
instanceKlass org/eclipse/core/runtime/preferences/IPreferenceNodeVisitor
instanceKlass  @bci org/python/pydev/pydev_lsp/PyDevDocumentLifeCycleHandler$PyDevUriInfo publishCodeAnalysisErrors (ILorg/python/pydev/pydev_lsp/PyDevDocumentLifeCycleHandler$AvailableDiagnostics;Ljava/lang/String;)V 38 <adapter> ; # java/lang/invoke/LambdaForm$MH+0x0000000800e68000
instanceKlass  @bci org/eclipse/core/internal/preferences/EclipsePreferences fireNodeEvent (Lorg/eclipse/core/runtime/preferences/IEclipsePreferences$NodeChangeEvent;Z)V 26 <appendix> form vmentry <vmtarget> ; # java/lang/invoke/LambdaForm$DMH+0x0000000800e63400
instanceKlass  @bci org/eclipse/core/internal/preferences/EclipsePreferences fireNodeEvent (Lorg/eclipse/core/runtime/preferences/IEclipsePreferences$NodeChangeEvent;Z)V 26 <appendix> member <vmtarget> ; # org/eclipse/core/internal/preferences/EclipsePreferences$$Lambda$212+0x0000000800e63800
instanceKlass  @cpi org/eclipse/core/internal/preferences/EclipsePreferences 1040 form vmentry <vmtarget> ; # java/lang/invoke/LambdaForm$DMH+0x0000000800e63000
instanceKlass org/eclipse/core/internal/content/FileSpec
instanceKlass org/eclipse/core/internal/content/ContentType
instanceKlass org/eclipse/core/internal/content/Util
instanceKlass  @bci org/eclipse/core/internal/content/ContentTypeCatalog <init> (Lorg/eclipse/core/internal/content/ContentTypeManager;I)V 118 <appendix> argL0 ; # org/eclipse/core/internal/content/ContentTypeCatalog$$Lambda$211+0x0000000800d11850
instanceKlass  @bci org/eclipse/core/internal/content/ContentTypeCatalog <init> (Lorg/eclipse/core/internal/content/ContentTypeManager;I)V 109 <appendix> argL0 ; # org/eclipse/core/internal/content/ContentTypeCatalog$$Lambda$210+0x0000000800d115d0
instanceKlass  @bci org/eclipse/core/internal/content/ContentTypeCatalog <init> (Lorg/eclipse/core/internal/content/ContentTypeManager;I)V 100 <appendix> argL0 ; # org/eclipse/core/internal/content/ContentTypeCatalog$$Lambda$209+0x0000000800d11350
instanceKlass  @bci org/eclipse/core/internal/content/ContentTypeCatalog <init> (Lorg/eclipse/core/internal/content/ContentTypeManager;I)V 91 <appendix> argL0 ; # org/eclipse/core/internal/content/ContentTypeCatalog$$Lambda$208+0x0000000800d110d0
instanceKlass  @bci org/eclipse/core/internal/content/ContentTypeCatalog <init> (Lorg/eclipse/core/internal/content/ContentTypeManager;I)V 82 <appendix> argL0 ; # org/eclipse/core/internal/content/ContentTypeCatalog$$Lambda$207+0x0000000800d10e50
instanceKlass org/eclipse/core/internal/content/ContentTypeVisitor
instanceKlass org/eclipse/core/internal/filebuffers/ExtensionsRegistry
instanceKlass org/eclipse/core/filebuffers/ITextFileBuffer
instanceKlass org/eclipse/core/internal/filebuffers/AbstractFileBuffer
instanceKlass org/eclipse/core/filebuffers/IStateValidationSupport
instanceKlass org/eclipse/core/filebuffers/IFileBuffer
instanceKlass org/eclipse/core/internal/filebuffers/TextFileBufferManager
instanceKlass org/eclipse/core/internal/filebuffers/FileBuffersPlugin
instanceKlass org/eclipse/core/filebuffers/ITextFileBufferManager
instanceKlass org/eclipse/core/filebuffers/IFileBufferManager
instanceKlass org/python/pydev/plugin/nature/PipenvHelper
instanceKlass com/python/pydev/analysis/system_info_builder/InterpreterInfoBuilder
instanceKlass org/python/pydev/ast/interpreter_managers/IInterpreterInfoBuilder
instanceKlass sun/nio/fs/WindowsUriSupport
instanceKlass com/python/pydev/analysis/additionalinfo/TreeIO$1
instanceKlass com/python/pydev/analysis/additionalinfo/TreeIO$MapEntry
instanceKlass com/python/pydev/analysis/additionalinfo/TreeIO
instanceKlass org/python/pydev/core/cache/CompleteIndexKey
instanceKlass org/python/pydev/shared_core/structure/Tuple3
instanceKlass org/python/pydev/core/FastBufferedReader
instanceKlass com/python/pydev/analysis/additionalinfo/AbstractInfo
instanceKlass org/python/pydev/core/ObjectsInternPool
instanceKlass org/python/pydev/shared_core/string/StringUtils$IterLines
instanceKlass org/python/pydev/shared_core/string/StringUtils$1
instanceKlass com/python/pydev/analysis/additionalinfo/InfoStrFactory
instanceKlass com/python/pydev/analysis/additionalinfo/AbstractAdditionalInfoWithBuild$2
instanceKlass com/python/pydev/analysis/additionalinfo/AbstractAdditionalInfoWithBuild$1
instanceKlass org/python/pydev/core/cache/DiskCache
instanceKlass com/python/pydev/analysis/additionalinfo/AbstractAdditionalTokensInfo$2
instanceKlass com/python/pydev/analysis/additionalinfo/AbstractAdditionalTokensInfo$1
instanceKlass org/python/pydev/shared_core/callbacks/ICallback0
instanceKlass org/python/pydev/core/FileUtilsFileBuffer
instanceKlass com/google/gson/annotations/Expose
instanceKlass com/python/pydev/analysis/additionalinfo/IReferenceSearches
instanceKlass org/python/pydev/parser/jython/ast/VisitorIF
instanceKlass org/python/pydev/core/IInfo
instanceKlass com/python/pydev/analysis/additionalinfo/AbstractAdditionalTokensInfo$Filter
instanceKlass com/python/pydev/analysis/additionalinfo/AbstractAdditionalTokensInfo
instanceKlass java/util/concurrent/locks/ReentrantReadWriteLock$Sync$HoldCounter
instanceKlass org/eclipse/core/runtime/jobs/IJobStatus
instanceKlass  @bci org/eclipse/core/internal/jobs/JobManager reportBlocked (Lorg/eclipse/core/runtime/IProgressMonitor;Ljava/util/Collection;)V 6 <appendix> argL0 ; # org/eclipse/core/internal/jobs/JobManager$$Lambda$206+0x0000000800d37718
instanceKlass java/util/AbstractList$RandomAccessSpliterator
instanceKlass  @bci org/eclipse/core/internal/jobs/JobManager sleep (Lorg/eclipse/core/internal/jobs/InternalJob;)Z 4 <appendix> member <vmtarget> ; # org/eclipse/core/internal/jobs/JobManager$$Lambda$205+0x0000000800d374e8
instanceKlass org/python/pydev/ast/codecompletion/revisited/SyncSystemModulesManagerScheduler$1
instanceKlass sun/nio/fs/AbstractPoller$1
instanceKlass sun/nio/fs/AbstractPoller
instanceKlass java/nio/file/StandardWatchEventKinds$StdWatchEventKind
instanceKlass java/nio/file/WatchEvent$Kind
instanceKlass java/nio/file/StandardWatchEventKinds
instanceKlass sun/nio/fs/AbstractWatchKey$Event
instanceKlass java/nio/file/WatchEvent
instanceKlass sun/nio/fs/AbstractWatchKey
instanceKlass java/nio/file/WatchKey
instanceKlass java/util/concurrent/BlockingDeque
instanceKlass sun/nio/fs/AbstractWatchService
instanceKlass java/nio/file/WatchService
instanceKlass org/python/pydev/shared_core/path_watch/PathWatch$2
instanceKlass org/python/pydev/shared_core/path_watch/PathWatch$1
instanceKlass org/python/pydev/shared_core/path_watch/PathWatch
instanceKlass org/python/pydev/ast/codecompletion/revisited/SyncSystemModulesManagerScheduler$PyDirFilter
instanceKlass org/python/pydev/ast/codecompletion/revisited/SyncSystemModulesManagerScheduler$PyFilesFilter
instanceKlass org/python/pydev/shared_core/path_watch/IFilesystemChangesListener
instanceKlass java/io/FileFilter
instanceKlass org/python/pydev/ast/codecompletion/revisited/SyncSystemModulesManagerScheduler$IInfoTrackerListener
instanceKlass org/python/pydev/shared_core/path_watch/IPathWatch
instanceKlass org/python/pydev/ast/codecompletion/revisited/SyncSystemModulesManagerScheduler
instanceKlass org/python/pydev/ast/codecompletion/revisited/DefaultSyncSystemModulesManagerScheduler
instanceKlass org/python/pydev/core/logging/PyLoggingPreferences
instanceKlass org/python/pydev/core/logging/DebugSettings
instanceKlass org/python/pydev/ast/codecompletion/shell/ShellsContainer
instanceKlass java/net/SocketAddress
instanceKlass org/python/pydev/ast/codecompletion/shell/AbstractShell
instanceKlass sun/nio/fs/WindowsFileCopy
instanceKlass sun/nio/ch/IOStatus
instanceKlass java/nio/DirectByteBuffer$Deallocator
instanceKlass sun/nio/ch/Util$BufferCache
instanceKlass sun/nio/ch/Util
instanceKlass java/nio/channels/NetworkChannel
instanceKlass sun/nio/ch/SelChImpl
instanceKlass sun/nio/ch/Streams
instanceKlass java/nio/channels/Channels
instanceKlass sun/nio/fs/WindowsChannelFactory$2
instanceKlass sun/nio/fs/WindowsPath$1
instanceKlass sun/nio/cs/Surrogate
instanceKlass sun/nio/cs/Surrogate$Parser
instanceKlass sun/nio/fs/WindowsSecurityDescriptor
instanceKlass  @bci org/eclipse/core/internal/preferences/SortedProperties <clinit> ()V 0 <appendix> argL0 ; # org/eclipse/core/internal/preferences/SortedProperties$$Lambda$204+0x0000000800d89bf8
instanceKlass  @bci org/eclipse/core/internal/preferences/EclipsePreferences firePreferenceEvent (Ljava/lang/String;Ljava/lang/Object;Ljava/lang/Object;)V 41 <appendix> member <vmtarget> ; # org/eclipse/core/internal/preferences/EclipsePreferences$$Lambda$203+0x0000000800d899d8
instanceKlass org/python/pydev/shared_core/utils/ArrayUtils
instanceKlass org/python/pydev/shared_core/version/Version
instanceKlass org/python/pydev/ast/interpreter_managers/InterpreterInfo$AdditionalEntries
instanceKlass org/python/pydev/core/interpreters/IInterpreterNewCustomEntries
# instanceKlass java/lang/invoke/LambdaForm$MH+0x0000000800e58000
instanceKlass sun/util/cldr/CLDRBaseLocaleDataMetaInfo$TZCanonicalIDMapHolder
instanceKlass sun/util/resources/provider/NonBaseLocaleDataMetaInfo
instanceKlass  @bci sun/util/locale/provider/JRELocaleProviderAdapter createSupportedLocaleString (Ljava/lang/String;)Ljava/lang/String; 6 <appendix> member <vmtarget> ; # sun/util/locale/provider/JRELocaleProviderAdapter$$Lambda$202+0x0000000800d67888
instanceKlass sun/util/locale/provider/BaseLocaleDataMetaInfo
instanceKlass  @bci sun/util/locale/provider/JRELocaleProviderAdapter getTimeZoneNameProvider ()Ljava/util/spi/TimeZoneNameProvider; 8 <appendix> member <vmtarget> ; # sun/util/locale/provider/JRELocaleProviderAdapter$$Lambda$201+0x0000000800d67438
instanceKlass  @bci sun/util/cldr/CLDRLocaleProviderAdapter getTimeZoneNameProvider ()Ljava/util/spi/TimeZoneNameProvider; 8 <appendix> member <vmtarget> ; # sun/util/cldr/CLDRLocaleProviderAdapter$$Lambda$200+0x0000000800d66dd8
instanceKlass sun/util/locale/provider/TimeZoneNameUtility$TimeZoneNameGetter
instanceKlass sun/util/locale/provider/TimeZoneNameUtility
instanceKlass org/python/pydev/pydev_lsp/lic/LicManager
instanceKlass org/python/pydev/pydev_lsp/lic/CheckRegistered
instanceKlass java/lang/ProcessImpl$2
instanceKlass  @bci java/lang/ProcessHandleImpl lambda$static$1 ()Ljava/util/concurrent/Executor; 48 <appendix> member <vmtarget> ; # java/lang/ProcessHandleImpl$$Lambda$199+0x0000000800d65ea8
instanceKlass  @cpi java/lang/ProcessHandleImpl 368 form vmentry <vmtarget> ; # java/lang/invoke/LambdaForm$DMH+0x0000000800e55c00
# instanceKlass java/lang/invoke/LambdaForm$DMH+0x0000000800e55800
instanceKlass  @bci java/lang/ProcessHandleImpl <clinit> ()V 38 <appendix> argL0 ; # java/lang/ProcessHandleImpl$$Lambda$198+0x0000000800d65ca0
instanceKlass java/lang/ProcessHandleImpl
instanceKlass java/lang/ProcessHandle
instanceKlass  @bci java/lang/ProcessHandleImpl lambda$static$1 ()Ljava/util/concurrent/Executor; 48 <appendix> form vmentry <vmtarget> ; # java/lang/invoke/LambdaForm$DMH+0x0000000800e55400
instanceKlass  @bci java/lang/ProcessImpl <init> ([Ljava/lang/String;Ljava/lang/String;Ljava/lang/String;[JZZ)V 286 <appendix> member <vmtarget> ; # java/lang/ProcessImpl$$Lambda$197+0x0000000800d65628
instanceKlass  @cpi java/lang/ProcessImpl 376 form vmentry <vmtarget> ; # java/lang/invoke/LambdaForm$DMH+0x0000000800e55000
instanceKlass java/lang/Process
instanceKlass java/lang/ProcessBuilder
instanceKlass org/eclipse/debug/internal/core/groups/GroupMemberChangeListener
instanceKlass org/eclipse/core/internal/watson/ElementTreeIterator
instanceKlass  @bci org/eclipse/core/internal/resources/Resource accept (Lorg/eclipse/core/resources/IResourceProxyVisitor;II)V 50 <adapter> ; # java/lang/invoke/LambdaForm$MH+0x0000000800e54c00
# instanceKlass java/lang/invoke/LambdaForm$DMH+0x0000000800e54800
instanceKlass  @bci org/eclipse/core/internal/resources/Resource accept (Lorg/eclipse/core/resources/IResourceProxyVisitor;II)V 50 <appendix> form vmentry <vmtarget> ; # java/lang/invoke/LambdaForm$DMH+0x0000000800e54400
instanceKlass  @bci org/eclipse/core/internal/resources/Resource accept (Lorg/eclipse/core/resources/IResourceProxyVisitor;II)V 50 <appendix> member <vmtarget> ; # org/eclipse/core/internal/resources/Resource$$Lambda$196+0x0000000800dc5780
instanceKlass  @cpi org/eclipse/core/internal/resources/Resource 1628 form vmentry <vmtarget> ; # java/lang/invoke/LambdaForm$DMH+0x0000000800e54000
instanceKlass org/eclipse/core/internal/resources/ResourceProxy
instanceKlass org/eclipse/debug/internal/core/LaunchManager$ResourceProxyVisitor
instanceKlass org/eclipse/core/resources/IResourceProxyVisitor
instanceKlass org/eclipse/debug/core/ILaunchMode
instanceKlass org/eclipse/debug/core/ILaunchDelegate
instanceKlass org/eclipse/debug/core/ILaunchConfiguration
instanceKlass org/eclipse/debug/core/model/IDebugElement
instanceKlass org/eclipse/debug/core/ILaunch
instanceKlass org/eclipse/debug/core/model/ISuspendResume
instanceKlass org/eclipse/debug/core/model/IStepFilters
instanceKlass org/eclipse/debug/core/model/IStep
instanceKlass org/eclipse/debug/core/model/IDropToFrame
instanceKlass  @bci org/eclipse/core/internal/runtime/AdapterManager registerFactory (Lorg/eclipse/core/runtime/IAdapterFactory;Ljava/lang/String;)V 5 <appendix> argL0 ; # org/eclipse/core/internal/runtime/AdapterManager$$Lambda$195+0x0000000800d8de10
instanceKlass org/eclipse/debug/core/model/IDisconnect
instanceKlass  @bci org/eclipse/lsp4j/jsonrpc/RemoteEndpoint handleRequest (Lorg/eclipse/lsp4j/jsonrpc/messages/RequestMessage;)V 142 <appendix> member <vmtarget> ; # org/eclipse/lsp4j/jsonrpc/RemoteEndpoint$$Lambda$194+0x0000000800e4ae60
instanceKlass  @bci org/eclipse/lsp4j/jsonrpc/RemoteEndpoint handleRequest (Lorg/eclipse/lsp4j/jsonrpc/messages/RequestMessage;)V 132 <appendix> member <vmtarget> ; # org/eclipse/lsp4j/jsonrpc/RemoteEndpoint$$Lambda$193+0x0000000800e4ac30
instanceKlass org/eclipse/debug/internal/core/commands/ForEachCommand$ExclusiveRule
instanceKlass org/eclipse/debug/core/commands/AbstractDebugCommand
instanceKlass org/eclipse/debug/core/commands/IStepFiltersHandler
instanceKlass org/eclipse/debug/core/commands/IResumeHandler
instanceKlass org/eclipse/debug/core/commands/ISuspendHandler
instanceKlass org/eclipse/debug/core/commands/IDisconnectHandler
instanceKlass org/eclipse/debug/core/commands/IDropToFrameHandler
instanceKlass org/eclipse/debug/core/commands/IStepReturnHandler
instanceKlass org/eclipse/debug/core/commands/IStepIntoHandler
instanceKlass org/eclipse/debug/core/commands/IStepOverHandler
instanceKlass org/eclipse/debug/core/commands/ITerminateHandler
instanceKlass org/eclipse/debug/core/commands/IDebugCommandHandler
instanceKlass org/eclipse/debug/internal/core/commands/CommandAdapterFactory
instanceKlass org/eclipse/debug/core/DebugPlugin$1$1
instanceKlass org/eclipse/core/resources/ISaveParticipant
instanceKlass org/eclipse/debug/internal/core/DebugOptions
instanceKlass org/eclipse/debug/core/DebugPlugin$AsynchRunner
instanceKlass org/eclipse/debug/core/DebugPlugin$EventNotifier
instanceKlass org/eclipse/debug/core/IMemoryBlockManager
instanceKlass org/eclipse/debug/core/IBreakpointManager
instanceKlass org/eclipse/debug/core/IExpressionManager
instanceKlass org/eclipse/debug/core/ILaunchManager
instanceKlass org/eclipse/debug/core/ILaunchConfigurationListener
instanceKlass org/eclipse/debug/core/model/IProcess
instanceKlass org/eclipse/debug/core/model/ITerminate
instanceKlass org/eclipse/lsp4j/SemanticTokensServerFull
instanceKlass org/eclipse/lsp4j/SemanticTokensLegend
instanceKlass org/eclipse/lsp4j/FileOperationPatternOptions
instanceKlass org/eclipse/lsp4j/FileOperationPattern
instanceKlass org/eclipse/lsp4j/FileOperationFilter
instanceKlass org/eclipse/lsp4j/FileOperationOptions
instanceKlass org/python/pydev/shared_core/process/ProcessUtils
instanceKlass org/eclipse/lsp4j/FileOperationsServerCapabilities
instanceKlass org/eclipse/lsp4j/WorkspaceFoldersOptions
instanceKlass org/python/pydev/ast/runners/SimpleRunner
instanceKlass org/python/pydev/shared_core/bundle/BundleUtils
instanceKlass org/python/pydev/core/CoreBundleInfo
instanceKlass org/python/pydev/shared_core/progress/PrintProgressMonitor
instanceKlass  @bci org/python/pydev/pydev_lsp/projects/PyDevProjects autoConfigProjectNoSaveNoSemaphore (Lorg/python/pydev/pydev_lsp/projects/PyDevFoldersSetup$ProjectInfo;)Z 57 <appendix> argL0 ; # org/python/pydev/pydev_lsp/projects/PyDevProjects$$Lambda$192+0x0000000800df7598
instanceKlass org/eclipse/lsp4j/DocumentFilter
instanceKlass org/python/pydev/json/eclipsesource/JsonParser
instanceKlass org/python/pydev/json/eclipsesource/JsonWriter
instanceKlass org/eclipse/lsp4j/CompletionItemOptions
instanceKlass org/eclipse/lsp4j/NotebookSelectorCell
instanceKlass org/eclipse/lsp4j/NotebookDocumentFilter
instanceKlass org/eclipse/lsp4j/NotebookSelector
instanceKlass org/eclipse/lsp4j/SaveOptions
instanceKlass org/eclipse/lsp4j/TextDocumentSyncOptions
instanceKlass org/eclipse/lsp4j/TextDocumentRegistrationOptions
instanceKlass org/eclipse/lsp4j/WorkspaceServerCapabilities
instanceKlass org/eclipse/lsp4j/NotebookDocumentSyncRegistrationOptions
instanceKlass org/eclipse/lsp4j/ServerInfo
instanceKlass com/google/gson/internal/Streams
instanceKlass  @bci org/eclipse/lsp4j/jsonrpc/RemoteEndpoint handleRequest (Lorg/eclipse/lsp4j/jsonrpc/messages/RequestMessage;)V 121 <appendix> member <vmtarget> ; # org/eclipse/lsp4j/jsonrpc/RemoteEndpoint$$Lambda$191+0x0000000800e44418
instanceKlass  @bci org/python/pydev/pydev_lsp/PyDevLanguageServer initialize (Lorg/eclipse/lsp4j/InitializeParams;)Ljava/util/concurrent/CompletableFuture; 586 <appendix> member <vmtarget> ; # org/python/pydev/pydev_lsp/PyDevLanguageServer$$Lambda$190+0x0000000800df7388
instanceKlass  @bci com/python/pydev/analysis/ruff/RuffPreferences <clinit> ()V 0 <appendix> argL0 ; # com/python/pydev/analysis/ruff/RuffPreferences$$Lambda$189+0x0000000800e421f0
instanceKlass com/python/pydev/analysis/ruff/RuffPreferences
instanceKlass  @bci org/python/pydev/pydev_lsp/PyDevLanguageServer initialize (Lorg/eclipse/lsp4j/InitializeParams;)Ljava/util/concurrent/CompletableFuture; 573 <appendix> member <vmtarget> ; # org/python/pydev/pydev_lsp/PyDevLanguageServer$$Lambda$188+0x0000000800df7178
instanceKlass  @bci com/python/pydev/analysis/pyright/PyrightPreferences <clinit> ()V 0 <appendix> argL0 ; # com/python/pydev/analysis/pyright/PyrightPreferences$$Lambda$187+0x0000000800e41dd8
instanceKlass com/python/pydev/analysis/pyright/PyrightPreferences
instanceKlass  @bci org/python/pydev/pydev_lsp/PyDevLanguageServer initialize (Lorg/eclipse/lsp4j/InitializeParams;)Ljava/util/concurrent/CompletableFuture; 564 <appendix> member <vmtarget> ; # org/python/pydev/pydev_lsp/PyDevLanguageServer$$Lambda$186+0x0000000800df6f68
instanceKlass  @bci com/python/pydev/analysis/mypy/MypyPreferences <clinit> ()V 0 <appendix> argL0 ; # com/python/pydev/analysis/mypy/MypyPreferences$$Lambda$185+0x0000000800e419e0
instanceKlass com/python/pydev/analysis/mypy/MypyPreferences
instanceKlass  @bci org/python/pydev/pydev_lsp/PyDevLanguageServer initialize (Lorg/eclipse/lsp4j/InitializeParams;)Ljava/util/concurrent/CompletableFuture; 555 <appendix> member <vmtarget> ; # org/python/pydev/pydev_lsp/PyDevLanguageServer$$Lambda$184+0x0000000800df6d58
instanceKlass  @bci com/python/pydev/analysis/flake8/Flake8Preferences <clinit> ()V 0 <appendix> argL0 ; # com/python/pydev/analysis/flake8/Flake8Preferences$$Lambda$183+0x0000000800e415e8
instanceKlass com/python/pydev/analysis/flake8/Flake8Preferences
instanceKlass  @bci org/python/pydev/pydev_lsp/PyDevLanguageServer initialize (Lorg/eclipse/lsp4j/InitializeParams;)Ljava/util/concurrent/CompletableFuture; 546 <appendix> member <vmtarget> ; # org/python/pydev/pydev_lsp/PyDevLanguageServer$$Lambda$182+0x0000000800df6b48
instanceKlass  @bci com/python/pydev/analysis/pylint/PyLintPreferences <clinit> ()V 0 <appendix> argL0 ; # com/python/pydev/analysis/pylint/PyLintPreferences$$Lambda$181+0x0000000800e411f0
instanceKlass com/python/pydev/analysis/pylint/PyLintPreferences
instanceKlass  @bci org/python/pydev/pydev_lsp/PyDevLanguageServer initialize (Lorg/eclipse/lsp4j/InitializeParams;)Ljava/util/concurrent/CompletableFuture; 537 <appendix> member <vmtarget> ; # org/python/pydev/pydev_lsp/PyDevLanguageServer$$Lambda$180+0x0000000800df6938
instanceKlass org/eclipse/lsp4j/jsonrpc/CompletableFutures$FutureCancelChecker
instanceKlass java/util/concurrent/ForkJoinTask$Aux
instanceKlass java/util/concurrent/ForkJoinTask
instanceKlass java/util/concurrent/CompletableFuture$AsynchronousCompletionTask
instanceKlass java/util/concurrent/CompletableFuture$AltResult
instanceKlass org/eclipse/lsp4j/jsonrpc/CompletableFutures
instanceKlass  @bci org/python/pydev/pydev_lsp/projects/PyDevProjects restoreInThread ()V 1 <appendix> member <vmtarget> ; # org/python/pydev/pydev_lsp/projects/PyDevProjects$$Lambda$179+0x0000000800df6708
instanceKlass  @bci java/util/stream/Collectors toList ()Ljava/util/stream/Collector; 14 <appendix> argL0 ; # java/util/stream/Collectors$$Lambda$178+0x0000000800d635d8
instanceKlass  @bci java/util/stream/Collectors toList ()Ljava/util/stream/Collector; 9 <appendix> argL0 ; # java/util/stream/Collectors$$Lambda$177+0x0000000800d633c0
instanceKlass  @bci java/util/stream/Collectors toList ()Ljava/util/stream/Collector; 4 <appendix> argL0 ; # java/util/stream/Collectors$$Lambda$176+0x0000000800d631b8
instanceKlass  @bci org/python/pydev/pydev_lsp/PyDevLanguageServer initialize (Lorg/eclipse/lsp4j/InitializeParams;)Ljava/util/concurrent/CompletableFuture; 378 <appendix> argL0 ; # org/python/pydev/pydev_lsp/PyDevLanguageServer$$Lambda$175+0x0000000800df64e0
instanceKlass org/eclipse/lsp4j/DocumentOnTypeFormattingOptions
instanceKlass org/eclipse/lsp4j/AbstractWorkDoneProgressOptions
instanceKlass org/eclipse/lsp4j/WorkDoneProgressOptions
instanceKlass org/eclipse/lsp4j/ServerCapabilities
instanceKlass  @bci org/python/pydev/pydev_lsp/JsonOrRawFacade asIterable ()Ljava/util/List; 32 <appendix> member <vmtarget> ; # org/python/pydev/pydev_lsp/JsonOrRawFacade$$Lambda$174+0x0000000800df62c0
instanceKlass org/python/pydev/pydev_lsp/JsonOrRawFacade
instanceKlass org/python/pydev/plugin/nature/PythonNatureListenersManager
# instanceKlass java/lang/invoke/LambdaForm$MH+0x0000000800e40800
# instanceKlass java/lang/invoke/LambdaForm$DMH+0x0000000800e40400
instanceKlass com/google/gson/internal/LinkedTreeMap$Node
instanceKlass com/google/gson/internal/LinkedTreeMap$1
instanceKlass com/google/gson/internal/bind/TypeAdapters$35
instanceKlass org/eclipse/lsp4j/util/Preconditions
instanceKlass  @bci jdk/internal/reflect/MethodHandleBooleanFieldAccessorImpl setBoolean (Ljava/lang/Object;Z)V 41 <adapter> ; # java/lang/invoke/LambdaForm$MH+0x0000000800e40000
instanceKlass org/eclipse/lsp4j/jsonrpc/json/adapters/JsonElementTypeAdapter$Factory
instanceKlass org/eclipse/lsp4j/StaleRequestCapabilities
instanceKlass org/eclipse/lsp4j/MarkdownCapabilities
instanceKlass org/eclipse/lsp4j/RegularExpressionsCapabilities
instanceKlass org/eclipse/lsp4j/WindowShowMessageRequestActionItemCapabilities
instanceKlass org/eclipse/lsp4j/ShowDocumentCapabilities
instanceKlass org/eclipse/lsp4j/WindowShowMessageRequestCapabilities
instanceKlass org/eclipse/lsp4j/InlayHintResolveSupportCapabilities
instanceKlass org/eclipse/lsp4j/SemanticTokensClientCapabilitiesRequestsFull
instanceKlass org/eclipse/lsp4j/SemanticTokensClientCapabilitiesRequests
instanceKlass org/eclipse/lsp4j/FoldingRangeSupportCapabilities
instanceKlass org/eclipse/lsp4j/FoldingRangeKindSupportCapabilities
instanceKlass org/eclipse/lsp4j/jsonrpc/json/adapters/EitherTypeAdapter$EitherTypeArgument
instanceKlass org/eclipse/lsp4j/DiagnosticsTagSupport
instanceKlass org/eclipse/lsp4j/CodeActionKindCapabilities
instanceKlass org/eclipse/lsp4j/CodeActionResolveSupportCapabilities
instanceKlass org/eclipse/lsp4j/CodeActionLiteralSupportCapabilities
instanceKlass org/eclipse/lsp4j/ParameterInformationCapabilities
instanceKlass org/eclipse/lsp4j/SignatureInformationCapabilities
instanceKlass org/eclipse/lsp4j/CompletionItemInsertTextModeSupportCapabilities
instanceKlass org/eclipse/lsp4j/CompletionItemResolveSupportCapabilities
instanceKlass org/eclipse/lsp4j/CompletionItemTagSupportCapabilities
instanceKlass org/eclipse/lsp4j/CompletionListCapabilities
instanceKlass org/eclipse/lsp4j/CompletionItemCapabilities
instanceKlass org/eclipse/lsp4j/CompletionItemKindCapabilities
instanceKlass org/eclipse/lsp4j/PublishDiagnosticsCapabilities
instanceKlass  @bci jdk/internal/reflect/MethodHandleIntegerFieldAccessorImpl getInt (Ljava/lang/Object;)I 20 <adapter> ; # java/lang/invoke/LambdaForm$MH+0x0000000800e31000
# instanceKlass java/lang/invoke/LambdaForm$MH+0x0000000800e30c00
# instanceKlass java/lang/invoke/LambdaForm$BMH+0x0000000800e30800
instanceKlass  @cpi java/io/ObjectInputStream 1117 form vmentry <vmtarget> ; # java/lang/invoke/LambdaForm$DMH+0x0000000800e30400
instanceKlass org/eclipse/lsp4j/WorkspaceSymbolResolveSupportCapabilities
instanceKlass org/eclipse/lsp4j/SymbolTagSupportCapabilities
instanceKlass org/eclipse/lsp4j/SymbolKindCapabilities
instanceKlass  @bci org/eclipse/lsp4j/jsonrpc/json/adapters/CollectionTypeAdapter$Factory getConstructor (Ljava/lang/Class;)Ljava/util/function/Supplier; 62 <appendix> argL0 ; # org/eclipse/lsp4j/jsonrpc/json/adapters/CollectionTypeAdapter$Factory$$Lambda$173+0x0000000800e367e0
instanceKlass org/eclipse/lsp4j/jsonrpc/json/adapters/TypeUtils$ParameterizedTypeImpl
instanceKlass org/eclipse/lsp4j/WorkspaceEditChangeAnnotationSupportCapabilities
instanceKlass org/eclipse/lsp4j/DiagnosticWorkspaceCapabilities
instanceKlass org/eclipse/lsp4j/InlineValueWorkspaceCapabilities
instanceKlass org/eclipse/lsp4j/InlayHintWorkspaceCapabilities
instanceKlass org/eclipse/lsp4j/CodeLensWorkspaceCapabilities
instanceKlass org/eclipse/lsp4j/SemanticTokensWorkspaceCapabilities
instanceKlass org/eclipse/lsp4j/DynamicRegistrationCapabilities
instanceKlass org/eclipse/lsp4j/WorkspaceEditCapabilities
instanceKlass org/eclipse/lsp4j/GeneralClientCapabilities
instanceKlass org/eclipse/lsp4j/NotebookDocumentClientCapabilities
instanceKlass org/eclipse/lsp4j/WindowClientCapabilities
instanceKlass org/eclipse/lsp4j/TextDocumentClientCapabilities
instanceKlass org/eclipse/lsp4j/WorkspaceClientCapabilities
instanceKlass org/eclipse/lsp4j/ClientCapabilities
# instanceKlass java/lang/invoke/LambdaForm$MH+0x0000000800e30000
# instanceKlass java/lang/invoke/LambdaForm$MH+0x0000000800e28400
instanceKlass com/google/gson/internal/Primitives
instanceKlass org/eclipse/lsp4j/jsonrpc/validation/NonNull
instanceKlass com/google/gson/annotations/SerializedName
instanceKlass org/eclipse/lsp4j/ClientInfo
instanceKlass com/google/gson/internal/ConstructorConstructor$9
instanceKlass com/google/gson/internal/reflect/ReflectionHelper$RecordHelper
instanceKlass com/google/gson/internal/reflect/ReflectionHelper
instanceKlass com/google/gson/internal/ReflectionAccessFilterHelper
instanceKlass org/eclipse/lsp4j/adapters/InitializeParamsTypeAdapter$Factory
instanceKlass com/google/gson/annotations/JsonAdapter
instanceKlass org/eclipse/lsp4j/jsonrpc/messages/Tuple$Two
instanceKlass org/eclipse/lsp4j/jsonrpc/messages/Tuple
instanceKlass org/eclipse/lsp4j/jsonrpc/json/adapters/TypeUtils
instanceKlass com/google/gson/internal/JsonReaderInternalAccess
instanceKlass org/eclipse/lsp4j/jsonrpc/json/StreamMessageProducer$Headers
instanceKlass org/eclipse/equinox/internal/app/EclipseAppHandle$1
instanceKlass org/eclipse/equinox/internal/app/EclipseAppHandle$2
instanceKlass org/eclipse/lsp4j/jsonrpc/json/ConcurrentMessageProcessor$1
instanceKlass org/python/pydev/core/concurrency/IRunnableWithMonitor
instanceKlass org/eclipse/text/edits/TextEdit
instanceKlass org/eclipse/ls/core/LogHandler$1
instanceKlass java/text/DigitList
instanceKlass java/text/FieldPosition
instanceKlass  @bci sun/util/locale/provider/JRELocaleProviderAdapter getNumberFormatProvider ()Ljava/text/spi/NumberFormatProvider; 8 <appendix> member <vmtarget> ; # sun/util/locale/provider/JRELocaleProviderAdapter$$Lambda$64+0x80000006a
instanceKlass  @bci sun/util/locale/provider/JRELocaleProviderAdapter getDateFormatSymbolsProvider ()Ljava/text/spi/DateFormatSymbolsProvider; 8 <appendix> member <vmtarget> ; # sun/util/locale/provider/JRELocaleProviderAdapter$$Lambda$62+0x800000068
instanceKlass java/text/DateFormatSymbols
instanceKlass java/text/AttributedCharacterIterator$Attribute
instanceKlass  @bci sun/util/locale/provider/JRELocaleProviderAdapter getDateFormatProvider ()Ljava/text/spi/DateFormatProvider; 8 <appendix> member <vmtarget> ; # sun/util/locale/provider/JRELocaleProviderAdapter$$Lambda$61+0x800000067
instanceKlass org/eclipse/ls/core/EnhancedClientConnection$1
instanceKlass org/eclipse/ls/core/LogHandler
instanceKlass org/eclipse/ls/core/ILogFilter
instanceKlass org/python/pydev/ast/codecompletion/revisited/SyncSystemModulesManager
instanceKlass org/python/pydev/pydev_lsp/PyDevLanguageServer$GlobalFeedbackListener
instanceKlass org/eclipse/lsp4j/jsonrpc/StandardLauncher
instanceKlass org/eclipse/lsp4j/jsonrpc/json/ConcurrentMessageProcessor
instanceKlass org/eclipse/lsp4j/jsonrpc/json/StreamMessageProducer
instanceKlass  @bci java/lang/reflect/Proxy getProxyConstructor (Ljava/lang/Class;Ljava/lang/ClassLoader;[Ljava/lang/Class;)Ljava/lang/reflect/Constructor; 80 <appendix> argL0 ; # java/lang/reflect/Proxy$$Lambda$169+0x0000000800d60910
instanceKlass  @bci org/eclipse/lsp4j/jsonrpc/services/EndpointProxy <init> (Lorg/eclipse/lsp4j/jsonrpc/Endpoint;Ljava/util/Collection;)V 197 <appendix> member <vmtarget> ; # org/eclipse/lsp4j/jsonrpc/services/EndpointProxy$$Lambda$168+0x0000000800e26e70
instanceKlass  @bci org/eclipse/lsp4j/jsonrpc/services/EndpointProxy <init> (Lorg/eclipse/lsp4j/jsonrpc/Endpoint;Ljava/util/Collection;)V 178 <appendix> member <vmtarget> ; # org/eclipse/lsp4j/jsonrpc/services/EndpointProxy$$Lambda$167+0x0000000800e26c50
instanceKlass org/eclipse/lsp4j/jsonrpc/services/EndpointProxy
instanceKlass  @bci org/eclipse/lsp4j/jsonrpc/RemoteEndpoint <clinit> ()V 11 <appendix> argL0 ; # org/eclipse/lsp4j/jsonrpc/RemoteEndpoint$$Lambda$166+0x0000000800e26808
instanceKlass org/eclipse/lsp4j/jsonrpc/messages/ResponseError
instanceKlass org/eclipse/lsp4j/jsonrpc/RemoteEndpoint
instanceKlass  @bci java/lang/reflect/Executable sharedToString (IZ[Ljava/lang/Class;[Ljava/lang/Class;)Ljava/lang/String; 29 <appendix> argL0 ; # java/lang/reflect/Executable$$Lambda$165+0x0000000800d606e8
instanceKlass org/python/pydev/core/IPyEdit
instanceKlass org/python/pydev/core/IPyEditCore
instanceKlass org/python/pydev/core/IPyEditOfflineActionListener
instanceKlass org/python/pydev/core/IPyFormatStdProvider
instanceKlass org/python/pydev/shared_core/editor/IBaseEditor
instanceKlass org/python/pydev/shared_core/parsing/IParserObserver
instanceKlass org/python/pydev/core/structure/DecoratableObject
instanceKlass org/python/pydev/core/formatter/FormatStd
instanceKlass org/eclipse/jface/text/AbstractDocument
instanceKlass org/eclipse/jface/text/IRepairableDocumentExtension
instanceKlass org/eclipse/jface/text/IRepairableDocument
instanceKlass org/eclipse/jface/text/IDocumentExtension4
instanceKlass org/eclipse/jface/text/IDocumentExtension3
instanceKlass org/eclipse/jface/text/IDocumentExtension2
instanceKlass org/eclipse/jface/text/IDocumentExtension
instanceKlass org/python/pydev/shared_core/locator/BaseItemPointer
instanceKlass org/eclipse/lsp4j/CodeActionContext
instanceKlass org/python/pydev/pydev_lsp/PyDevDocumentLifeCycleHandler$PyDevUriInfo
instanceKlass org/python/pydev/pydev_lsp/completions/LSPCompletionProposal
instanceKlass org/python/pydev/shared_core/code_completion/IPyCompletionProposal
instanceKlass org/python/pydev/ast/codecompletion/IPyCompletionProposal2
instanceKlass org/python/pydev/pydev_lsp/PyDevEditorBuffer
instanceKlass  @bci org/eclipse/lsp4j/jsonrpc/services/GenericEndpoint recursiveFindRpcMethods (Ljava/lang/Object;Ljava/util/Set;Ljava/util/Set;)V 24 <appendix> member <vmtarget> ; # org/eclipse/lsp4j/jsonrpc/services/GenericEndpoint$$Lambda$164+0x0000000800e24bc8
instanceKlass  @cpi org/eclipse/lsp4j/jsonrpc/services/GenericEndpoint 205 form vmentry <vmtarget> ; # java/lang/invoke/LambdaForm$DMH+0x0000000800e28000
instanceKlass  @bci org/eclipse/lsp4j/jsonrpc/services/GenericEndpoint lambda$recursiveFindRpcMethods$1 (Ljava/lang/Object;Lorg/eclipse/lsp4j/jsonrpc/services/AnnotationUtil$MethodInfo;)V 3 <appendix> member <vmtarget> ; # org/eclipse/lsp4j/jsonrpc/services/GenericEndpoint$$Lambda$163+0x0000000800e24998
instanceKlass  @bci org/eclipse/lsp4j/jsonrpc/services/GenericEndpoint recursiveFindRpcMethods (Ljava/lang/Object;Ljava/util/Set;Ljava/util/Set;)V 7 <appendix> member <vmtarget> ; # org/eclipse/lsp4j/jsonrpc/services/GenericEndpoint$$Lambda$162+0x0000000800e24778
instanceKlass jdk/internal/logger/DefaultLoggerFinder$1
instanceKlass java/util/logging/Logger$SystemLoggerHelper$1
instanceKlass java/util/logging/Logger$SystemLoggerHelper
instanceKlass java/util/logging/LogManager$4
instanceKlass jdk/internal/logger/BootstrapLogger$BootstrapExecutors
instanceKlass jdk/internal/logger/BootstrapLogger$RedirectedLoggers
instanceKlass jdk/internal/logger/BootstrapLogger$DetectBackend$1
instanceKlass jdk/internal/logger/BootstrapLogger$DetectBackend
instanceKlass jdk/internal/logger/BootstrapLogger
instanceKlass sun/util/logging/PlatformLogger$ConfigurableBridge
instanceKlass sun/util/logging/PlatformLogger$Bridge
instanceKlass java/util/stream/Streams
instanceKlass java/util/stream/Stream$Builder
instanceKlass java/util/stream/Streams$AbstractStreamBuilderImpl
instanceKlass  @bci java/util/logging/Level$KnownLevel findByName (Ljava/lang/String;Ljava/util/function/Function;)Ljava/util/Optional; 29 <appendix> argL0 ; # java/util/logging/Level$KnownLevel$$Lambda$15+0x800000023
instanceKlass  @bci java/util/logging/Level findLevel (Ljava/lang/String;)Ljava/util/logging/Level; 13 <appendix> argL0 ; # java/util/logging/Level$$Lambda$12+0x800000010
instanceKlass java/util/logging/LogManager$LoggerContext$1
instanceKlass java/util/logging/LogManager$VisitedLoggers
instanceKlass java/util/logging/LogManager$2
instanceKlass java/lang/System$LoggerFinder
instanceKlass java/util/logging/LogManager$LoggingProviderAccess
instanceKlass sun/util/logging/internal/LoggingProviderImpl$LogManagerAccess
instanceKlass java/util/logging/LogManager$LogNode
instanceKlass java/util/logging/LogManager$LoggerContext
instanceKlass java/util/logging/LogManager$1
instanceKlass java/util/logging/LogManager
instanceKlass java/util/logging/Logger$ConfigurationData
instanceKlass java/util/logging/Logger$LoggerBundle
instanceKlass  @bci java/util/logging/Level$KnownLevel add (Ljava/util/logging/Level;)V 49 <appendix> argL0 ; # java/util/logging/Level$KnownLevel$$Lambda$14+0x800000022
instanceKlass  @bci java/util/logging/Level$KnownLevel add (Ljava/util/logging/Level;)V 19 <appendix> argL0 ; # java/util/logging/Level$KnownLevel$$Lambda$13+0x800000021
instanceKlass java/util/logging/Level
instanceKlass java/util/logging/Handler
instanceKlass java/util/logging/Logger
instanceKlass org/eclipse/lsp4j/jsonrpc/services/GenericEndpoint
instanceKlass  @bci org/eclipse/ls/core/ParentProcessWatcher apply (Lorg/eclipse/lsp4j/jsonrpc/MessageConsumer;)Lorg/eclipse/lsp4j/jsonrpc/MessageConsumer; 2 <appendix> member <vmtarget> ; # org/eclipse/ls/core/ParentProcessWatcher$$Lambda$157+0x0000000800e240d8
instanceKlass org/eclipse/lsp4j/jsonrpc/messages/Message
instanceKlass org/eclipse/lsp4j/jsonrpc/json/StreamMessageConsumer
instanceKlass org/eclipse/lsp4j/jsonrpc/json/MessageConstants
instanceKlass com/google/gson/internal/bind/ReflectiveTypeAdapterFactory$BoundField
instanceKlass com/google/gson/internal/bind/ReflectiveTypeAdapterFactory
instanceKlass com/google/gson/internal/bind/JsonAdapterAnnotationTypeAdapterFactory
instanceKlass com/google/gson/internal/bind/MapTypeAdapterFactory
instanceKlass com/google/gson/internal/bind/CollectionTypeAdapterFactory
instanceKlass com/google/gson/internal/bind/ArrayTypeAdapter$1
instanceKlass com/google/gson/internal/bind/DateTypeAdapter$1
instanceKlass java/util/concurrent/atomic/AtomicLongArray
instanceKlass com/google/gson/internal/bind/NumberTypeAdapter$1
instanceKlass com/google/gson/internal/bind/ObjectTypeAdapter$1
instanceKlass com/google/gson/internal/bind/TypeAdapters$29
instanceKlass com/google/gson/internal/bind/TypeAdapters$33
instanceKlass java/util/Currency
instanceKlass com/google/gson/internal/bind/TypeAdapters$34
instanceKlass java/net/InetAddress
instanceKlass java/util/concurrent/atomic/AtomicIntegerArray
instanceKlass com/google/gson/internal/bind/TypeAdapters$32
instanceKlass com/google/gson/internal/bind/TypeAdapters$31
instanceKlass com/google/gson/internal/bind/TypeAdapters
instanceKlass com/google/gson/internal/ObjectConstructor
instanceKlass com/google/gson/internal/ConstructorConstructor
instanceKlass com/google/gson/internal/sql/SqlTimestampTypeAdapter$1
instanceKlass com/google/gson/internal/sql/SqlTimeTypeAdapter$1
instanceKlass com/google/gson/internal/sql/SqlDateTypeAdapter$1
instanceKlass java/text/Format
instanceKlass com/google/gson/internal/bind/DefaultDateTypeAdapter$DateType
instanceKlass com/google/gson/internal/sql/SqlTypesSupport
instanceKlass org/eclipse/lsp4j/jsonrpc/json/adapters/MessageTypeAdapter$Factory
instanceKlass org/eclipse/lsp4j/jsonrpc/json/adapters/EnumTypeAdapter$Factory
instanceKlass org/eclipse/lsp4j/jsonrpc/json/adapters/TupleTypeAdapters$TwoTypeAdapterFactory
instanceKlass org/eclipse/lsp4j/jsonrpc/json/adapters/EitherTypeAdapter$Factory
instanceKlass org/eclipse/lsp4j/jsonrpc/json/adapters/ThrowableTypeAdapter$Factory
instanceKlass org/eclipse/lsp4j/jsonrpc/json/adapters/CollectionTypeAdapter$Factory
instanceKlass com/google/gson/stream/JsonWriter
instanceKlass com/google/gson/stream/JsonReader
instanceKlass com/google/gson/ToNumberStrategy
instanceKlass com/google/gson/Gson
instanceKlass com/google/gson/JsonElement
instanceKlass com/google/gson/internal/Excluder
instanceKlass com/google/gson/FieldNamingStrategy
instanceKlass com/google/gson/GsonBuilder
instanceKlass org/eclipse/lsp4j/jsonrpc/messages/CancelParams
instanceKlass org/eclipse/lsp4j/jsonrpc/json/MessageJsonHandler
instanceKlass org/eclipse/lsp4j/DidOpenNotebookDocumentParams
instanceKlass org/eclipse/lsp4j/DidCloseNotebookDocumentParams
instanceKlass org/eclipse/lsp4j/DidSaveNotebookDocumentParams
instanceKlass org/eclipse/lsp4j/DidChangeNotebookDocumentParams
instanceKlass org/eclipse/lsp4j/WorkspaceDiagnosticReport
instanceKlass org/eclipse/lsp4j/adapters/WorkspaceSymbolResponseAdapter
instanceKlass org/eclipse/lsp4j/ExecuteCommandParams
instanceKlass org/eclipse/lsp4j/DeleteFilesParams
instanceKlass org/eclipse/lsp4j/CreateFilesParams
instanceKlass org/eclipse/lsp4j/RenameFilesParams
instanceKlass org/eclipse/lsp4j/DidChangeConfigurationParams
instanceKlass org/eclipse/lsp4j/DidChangeWorkspaceFoldersParams
instanceKlass org/eclipse/lsp4j/DidChangeWatchedFilesParams
instanceKlass org/eclipse/lsp4j/WorkspaceSymbol
instanceKlass org/eclipse/lsp4j/CallHierarchyIncomingCall
instanceKlass org/eclipse/lsp4j/CallHierarchyItem
instanceKlass org/eclipse/lsp4j/CallHierarchyOutgoingCall
instanceKlass org/eclipse/lsp4j/SemanticTokensDelta
instanceKlass org/eclipse/lsp4j/adapters/SemanticTokensFullDeltaResponseAdapter
instanceKlass org/eclipse/lsp4j/TypeHierarchyItem
instanceKlass org/eclipse/lsp4j/adapters/CodeActionResponseAdapter
instanceKlass org/eclipse/lsp4j/LinkedEditingRanges
instanceKlass org/eclipse/lsp4j/DocumentSymbol
instanceKlass org/eclipse/lsp4j/SymbolInformation
instanceKlass org/eclipse/lsp4j/adapters/DocumentSymbolResponseAdapter
instanceKlass org/eclipse/lsp4j/CompletionList
instanceKlass org/eclipse/lsp4j/Hover
instanceKlass org/eclipse/lsp4j/SignatureHelp
instanceKlass org/eclipse/lsp4j/Moniker
instanceKlass org/eclipse/lsp4j/adapters/DocumentDiagnosticReportTypeAdapter
instanceKlass org/eclipse/lsp4j/SemanticTokens
instanceKlass org/eclipse/lsp4j/SelectionRange
instanceKlass org/eclipse/lsp4j/PrepareRenameDefaultBehavior
instanceKlass org/eclipse/lsp4j/PrepareRenameResult
instanceKlass org/eclipse/lsp4j/Range
instanceKlass org/eclipse/lsp4j/adapters/PrepareRenameResponseAdapter
instanceKlass org/eclipse/lsp4j/ColorInformation
instanceKlass org/eclipse/lsp4j/ColorPresentation
instanceKlass org/eclipse/lsp4j/FoldingRange
instanceKlass org/eclipse/lsp4j/TextEdit
instanceKlass org/eclipse/lsp4j/LocationLink
instanceKlass org/eclipse/lsp4j/Location
instanceKlass com/google/gson/internal/$Gson$Types$WildcardTypeImpl
instanceKlass com/google/gson/internal/$Gson$Preconditions
instanceKlass com/google/gson/internal/$Gson$Types$ParameterizedTypeImpl
instanceKlass com/google/gson/internal/$Gson$Types
instanceKlass com/google/gson/TypeAdapter
instanceKlass com/google/gson/reflect/TypeToken
instanceKlass java/lang/reflect/WildcardType
instanceKlass org/eclipse/lsp4j/jsonrpc/messages/Either
instanceKlass sun/reflect/generics/tree/Wildcard
instanceKlass sun/reflect/generics/tree/BottomSignature
instanceKlass org/eclipse/lsp4j/adapters/LocationLinkListAdapter
instanceKlass com/google/gson/TypeAdapterFactory
instanceKlass org/eclipse/lsp4j/WorkspaceEdit
instanceKlass org/eclipse/lsp4j/DocumentLink
instanceKlass org/eclipse/lsp4j/CompletionItem
instanceKlass org/eclipse/lsp4j/DidOpenTextDocumentParams
instanceKlass org/eclipse/lsp4j/DocumentFormattingParams
instanceKlass org/eclipse/lsp4j/CodeAction
instanceKlass org/eclipse/lsp4j/CodeLens
instanceKlass org/eclipse/lsp4j/DocumentRangeFormattingParams
instanceKlass org/eclipse/lsp4j/InlayHintParams
instanceKlass org/eclipse/lsp4j/InlayHint
instanceKlass org/eclipse/lsp4j/InlineValueParams
instanceKlass org/eclipse/lsp4j/DidCloseTextDocumentParams
instanceKlass org/eclipse/lsp4j/DidSaveTextDocumentParams
instanceKlass org/eclipse/lsp4j/DidChangeTextDocumentParams
instanceKlass org/eclipse/lsp4j/WorkDoneProgressAndPartialResultParams
instanceKlass org/eclipse/lsp4j/WillSaveTextDocumentParams
instanceKlass org/eclipse/lsp4j/PartialResultParams
instanceKlass org/eclipse/lsp4j/TextDocumentPositionParams
instanceKlass org/python/pydev/pydev_lsp/PyDevDocumentLifeCycleHandler
instanceKlass org/python/pydev/pydev_lsp/ActionResult
instanceKlass org/eclipse/ls/core/EnhancedClientConnection
instanceKlass org/python/pydev/ast/package_managers/NameAndExecutable
instanceKlass org/eclipse/lsp4j/jsonrpc/CancelChecker
instanceKlass com/python/pydev/analysis/external/IExternalCodeAnalysisStream
instanceKlass org/eclipse/lsp4j/InitializeResult
instanceKlass org/eclipse/lsp4j/services/NotebookDocumentService
instanceKlass org/eclipse/lsp4j/SetTraceParams
instanceKlass org/eclipse/lsp4j/WorkDoneProgressCancelParams
instanceKlass org/eclipse/lsp4j/InitializeParams
instanceKlass org/eclipse/lsp4j/WorkDoneProgressParams
instanceKlass org/eclipse/lsp4j/InitializedParams
instanceKlass jdk/internal/vm/annotation/IntrinsicCandidate
instanceKlass org/eclipse/lsp4j/jsonrpc/json/JsonRpcMethodProvider
instanceKlass org/eclipse/lsp4j/jsonrpc/services/JsonDelegate
instanceKlass  @bci org/eclipse/lsp4j/jsonrpc/services/ServiceEndpoints getSupportedMethods (Ljava/lang/Class;Ljava/util/Set;)Ljava/util/Map; 29 <appendix> member <vmtarget> ; # org/eclipse/lsp4j/jsonrpc/services/ServiceEndpoints$$Lambda$156+0x0000000800dfd6e0
instanceKlass  @cpi org/eclipse/lsp4j/jsonrpc/services/ServiceEndpoints 160 form vmentry <vmtarget> ; # java/lang/invoke/LambdaForm$DMH+0x0000000800e00000
instanceKlass org/eclipse/ls/core/ActionableNotification
instanceKlass org/eclipse/ls/core/Selection
instanceKlass org/eclipse/ls/core/FileToOpen
instanceKlass org/eclipse/ls/core/StatusReport
instanceKlass org/eclipse/ls/core/LintMessage
instanceKlass org/eclipse/lsp4j/Command
instanceKlass org/eclipse/lsp4j/MessageActionItem
instanceKlass org/eclipse/lsp4j/ShowDocumentResult
instanceKlass org/eclipse/lsp4j/jsonrpc/services/JsonNotification
instanceKlass org/eclipse/lsp4j/ApplyWorkspaceEditResponse
instanceKlass org/eclipse/lsp4j/WorkspaceFolder
instanceKlass org/eclipse/lsp4j/jsonrpc/json/JsonRpcMethod
instanceKlass org/eclipse/lsp4j/jsonrpc/json/ResponseJsonAdapter
instanceKlass sun/reflect/generics/reflectiveObjects/LazyReflectiveObjectGenerator
instanceKlass sun/reflect/generics/tree/TypeVariableSignature
instanceKlass sun/reflect/generics/tree/ClassSignature
instanceKlass sun/reflect/generics/reflectiveObjects/ParameterizedTypeImpl
instanceKlass java/lang/reflect/ParameterizedType
instanceKlass sun/reflect/generics/tree/MethodTypeSignature
instanceKlass sun/reflect/generics/tree/Signature
instanceKlass sun/reflect/generics/tree/FormalTypeParameter
instanceKlass sun/reflect/generics/repository/AbstractRepository
instanceKlass  @bci org/eclipse/lsp4j/jsonrpc/services/AnnotationUtil getParameterTypes (Ljava/lang/reflect/Method;)[Ljava/lang/reflect/Type; 17 <appendix> argL0 ; # org/eclipse/lsp4j/jsonrpc/services/AnnotationUtil$$Lambda$155+0x0000000800dfb7c0
instanceKlass  @bci org/eclipse/lsp4j/jsonrpc/services/AnnotationUtil getParameterTypes (Ljava/lang/reflect/Method;)[Ljava/lang/reflect/Type; 7 <appendix> argL0 ; # org/eclipse/lsp4j/jsonrpc/services/AnnotationUtil$$Lambda$154+0x0000000800dfb598
instanceKlass org/eclipse/lsp4j/jsonrpc/services/JsonRequest
instanceKlass org/eclipse/lsp4j/UnregistrationParams
instanceKlass org/eclipse/lsp4j/ProgressParams
instanceKlass org/eclipse/lsp4j/WorkDoneProgressCreateParams
instanceKlass org/eclipse/lsp4j/LogTraceParams
instanceKlass org/eclipse/lsp4j/ShowDocumentParams
instanceKlass org/eclipse/lsp4j/PublishDiagnosticsParams
instanceKlass org/eclipse/lsp4j/MessageParams
instanceKlass org/eclipse/lsp4j/ApplyWorkspaceEditParams
instanceKlass org/eclipse/lsp4j/RegistrationParams
instanceKlass java/util/concurrent/CompletableFuture
instanceKlass org/eclipse/lsp4j/ConfigurationParams
instanceKlass java/lang/Class$AnnotationData
instanceKlass org/eclipse/lsp4j/jsonrpc/services/JsonSegment
instanceKlass org/eclipse/lsp4j/jsonrpc/services/AnnotationUtil
instanceKlass  @bci org/eclipse/lsp4j/jsonrpc/services/ServiceEndpoints getSupportedMethods (Ljava/lang/Class;Ljava/util/Set;)Ljava/util/Map; 11 <appendix> member <vmtarget> ; # org/eclipse/lsp4j/jsonrpc/services/ServiceEndpoints$$Lambda$153+0x0000000800df9448
instanceKlass org/eclipse/lsp4j/jsonrpc/services/AnnotationUtil$MethodInfo
instanceKlass org/eclipse/lsp4j/jsonrpc/services/ServiceEndpoints
instanceKlass org/eclipse/lsp4j/jsonrpc/json/MethodProvider
instanceKlass org/eclipse/lsp4j/jsonrpc/Endpoint
instanceKlass org/eclipse/lsp4j/jsonrpc/MessageProducer
instanceKlass org/eclipse/lsp4j/jsonrpc/MessageConsumer
instanceKlass org/eclipse/lsp4j/jsonrpc/MessageIssueHandler
instanceKlass org/eclipse/lsp4j/jsonrpc/Launcher$Builder
instanceKlass org/eclipse/lsp4j/jsonrpc/Launcher
instanceKlass org/eclipse/ls/core/ParentProcessWatcher
instanceKlass java/util/concurrent/Executors$DefaultThreadFactory
instanceKlass org/eclipse/ls/core/EnhancedLanguageClient
instanceKlass org/eclipse/lsp4j/services/LanguageClient
instanceKlass org/eclipse/ls/core/ConnectionStreamFactory
instanceKlass org/python/pydev/pydev_lsp/PyDevLanguageServer$ForceAnalysisOnInterpreterChange
instanceKlass org/python/pydev/pydev_lsp/settings/PyDevSettings
instanceKlass org/python/pydev/pydev_lsp/projects/PyDevTargetProject
instanceKlass org/python/pydev/pydev_lsp/projects/PyDevFoldersSetup$ProjectInfo
instanceKlass org/python/pydev/json/eclipsesource/JsonValue
instanceKlass org/python/pydev/pydev_lsp/projects/PyDevProjects
instanceKlass org/python/pydev/core/IMarkerInfoForAnalysis
instanceKlass org/python/pydev/shared_core/utils/DocUtils$IDocumentUpdateAPI
instanceKlass org/python/pydev/shared_core/string/ICoreTextSelection
instanceKlass org/python/pydev/shared_core/image/IImageCache
instanceKlass org/python/pydev/shared_core/string/TextSelectionUtils
instanceKlass org/python/pydev/ast/codecompletion/IPyCodeCompletion
instanceKlass org/python/pydev/pydev_lsp/PyDevTextDocumentService
instanceKlass org/python/pydev/pydev_lsp/commands/GetPyInterpreterInfoCommand
instanceKlass org/python/pydev/pydev_lsp/commands/ForceCodeAnalysisCommand
instanceKlass org/python/pydev/pydev_lsp/commands/GetRunFilesPyCommand
instanceKlass org/python/pydev/pydev_lsp/commands/NextMethodCommand
instanceKlass org/python/pydev/pydev_lsp/commands/PrevMethodCommand
instanceKlass org/python/pydev/pydev_lsp/commands/ListTestsCommand
instanceKlass org/python/pydev/pydev_lsp/commands/VerifyLicenseCommand
instanceKlass org/python/pydev/pydev_lsp/commands/ValidateLicenseCommand
instanceKlass org/python/pydev/pydev_lsp/commands/ShowConfigCommand
instanceKlass org/python/pydev/pydev_lsp/commands/QuickFixImportCommand
instanceKlass org/python/pydev/pydev_lsp/commands/EnterLicenseCommand
instanceKlass org/python/pydev/pydev_lsp/commands/ILSPCommand
instanceKlass org/python/pydev/pydev_lsp/PyDevWorkspaceService
instanceKlass org/eclipse/lsp4j/services/WorkspaceService
instanceKlass org/eclipse/lsp4j/services/TextDocumentService
instanceKlass org/python/pydev/plugin/nature/IPythonNatureListener
instanceKlass org/python/pydev/pydev_lsp/PyDevLanguageServer
instanceKlass org/eclipse/lsp4j/services/LanguageServer
instanceKlass org/eclipse/ls/core/LSPLog
instanceKlass org/eclipse/ls/core/StreamsRedirector$StdIOStreamProvider
instanceKlass org/eclipse/ls/core/ConnectionStreamFactory$StreamProvider
instanceKlass org/eclipse/ls/core/StreamsRedirector
instanceKlass org/eclipse/ls/core/Environment
instanceKlass org/eclipse/core/runtime/internal/adaptor/EclipseAppLauncher
instanceKlass com/python/pydev/analysis/AbstractAnalysisPreferences
instanceKlass org/python/pydev/core/IAnalysisPreferences
instanceKlass com/python/pydev/analysis/ruff/RuffPrefInitializer
instanceKlass com/python/pydev/analysis/flake8/Flake8PrefInitializer
instanceKlass com/python/pydev/analysis/mypy/MypyPrefInitializer
instanceKlass com/python/pydev/analysis/pylint/PyLintPrefInitializer
instanceKlass com/python/pydev/analysis/additionalinfo/builders/InterpreterObserver
instanceKlass org/python/pydev/core/interpreters/IInterpreterObserver
instanceKlass java/lang/foreign/MemorySegment
instanceKlass java/lang/foreign/Addressable
instanceKlass java/io/ObjectStreamConstants
instanceKlass java/io/ObjectInput
instanceKlass sun/security/provider/ByteArrayAccess$LE
instanceKlass org/python/pydev/core/docutils/PyStringUtils
instanceKlass org/python/pydev/ast/listing_utils/PyFileListing$PyFileInfo
instanceKlass org/python/pydev/core/preferences/FileTypesPreferences$PreferencesCacheHelper
instanceKlass org/python/pydev/core/preferences/FileTypesPreferences
instanceKlass sun/nio/fs/BasicFileAttributesHolder
instanceKlass sun/nio/fs/WindowsDirectoryStream$WindowsDirectoryIterator
instanceKlass sun/nio/fs/WindowsDirectoryStream
instanceKlass java/nio/file/DirectoryStream
instanceKlass java/nio/file/Files$AcceptAllFilter
instanceKlass java/nio/file/DirectoryStream$Filter
instanceKlass org/eclipse/core/resources/IResourceVisitor
instanceKlass org/python/pydev/ast/listing_utils/PyFileListing
instanceKlass org/python/pydev/ast/codecompletion/revisited/PythonPathHelper$1
instanceKlass org/python/pydev/ast/codecompletion/revisited/ModulesFoundStructure
instanceKlass org/python/pydev/ast/codecompletion/IPythonModuleResolver
instanceKlass org/python/pydev/shared_core/global_feedback/GlobalFeedback$GlobalFeedbackReporter
instanceKlass org/python/pydev/shared_core/global_feedback/IGlobalFeedbackListener
instanceKlass org/python/pydev/shared_core/global_feedback/GlobalFeedback
instanceKlass org/python/pydev/shared_core/log/Log
instanceKlass org/python/pydev/core/log/Log
instanceKlass org/python/pydev/ast/interpreter_managers/InterpreterManagersAPI
instanceKlass org/python/pydev/core/GrammarsIterator
instanceKlass org/python/pydev/core/IPythonNature$Versions
instanceKlass org/python/pydev/shared_core/utils/IProcessList
instanceKlass org/python/pydev/shared_core/utils/PlatformUtils
instanceKlass org/python/pydev/core/docutils/StringSubstitution$StringSubstitutionEngine$VariableReference
instanceKlass org/python/pydev/core/docutils/StringSubstitution$StringSubstitutionEngine
instanceKlass org/eclipse/core/runtime/URIUtil
instanceKlass org/w3c/dom/Attr
instanceKlass com/sun/org/apache/xerces/internal/dom/NamedNodeMapImpl
instanceKlass org/w3c/dom/NamedNodeMap
instanceKlass org/w3c/dom/ProcessingInstruction
instanceKlass com/sun/org/apache/xerces/internal/dom/DeepNodeListImpl
instanceKlass org/python/pydev/core/docutils/StringSubstitution
instanceKlass org/python/pydev/shared_core/utils/BaseExtensionHelper
instanceKlass org/python/pydev/ast/codecompletion/revisited/PyPublicTreeMap$PrivateEntryIterator
instanceKlass  @bci org/python/pydev/core/DeltaSaver addCommand (Lorg/python/pydev/core/DeltaSaver$DeltaCommand;)V 23 <appendix> form vmentry <vmtarget> ; # java/lang/invoke/LambdaForm$MH+0x0000000800de2800
# instanceKlass java/lang/invoke/LambdaForm$MH+0x0000000800de2400
instanceKlass  @bci org/python/pydev/core/DeltaSaver addCommand (Lorg/python/pydev/core/DeltaSaver$DeltaCommand;)V 23 <appendix> argL3 form vmentry <vmtarget> ; # java/lang/invoke/LambdaForm$MH+0x0000000800de2000
# instanceKlass java/lang/invoke/LambdaForm$MH+0x0000000800de1c00
# instanceKlass java/lang/invoke/LambdaForm$MH+0x0000000800de1800
# instanceKlass java/lang/invoke/LambdaForm$MH+0x0000000800de1400
# instanceKlass java/lang/invoke/LambdaForm$MH+0x0000000800de1000
instanceKlass  @bci org/python/pydev/pydev_lsp/PyDevDocumentLifeCycleHandler$PyDevUriInfo publishCodeAnalysisErrors (ILorg/python/pydev/pydev_lsp/PyDevDocumentLifeCycleHandler$AvailableDiagnostics;Ljava/lang/String;)V 38 <appendix> argL1 argL0 form vmentry <vmtarget> ; # java/lang/invoke/LambdaForm$MH+0x0000000800de0c00
# instanceKlass java/lang/invoke/LambdaForm$MH+0x0000000800de0800
# instanceKlass java/lang/invoke/LambdaForm$MH+0x0000000800de0400
# instanceKlass java/lang/invoke/LambdaForm$MH+0x0000000800de0000
instanceKlass org/python/pydev/ast/codecompletion/revisited/modules/IModulesKeyForJava
instanceKlass org/python/pydev/shared_core/structure/Tuple
instanceKlass org/python/pydev/shared_core/string/FullRepIterable
instanceKlass org/python/pydev/core/DeltaSaver$1
instanceKlass org/python/pydev/core/DeltaSaver$DeltaCommand
instanceKlass org/python/pydev/core/DeltaSaver
instanceKlass org/python/pydev/ast/codecompletion/revisited/PyPublicTreeMap$Entry
instanceKlass org/python/pydev/ast/codecompletion/revisited/ModulesManager$2$1
instanceKlass org/python/pydev/ast/codecompletion/revisited/ModulesManager$2
instanceKlass org/python/pydev/shared_core/string/StringUtils$ICallbackOnSplit
instanceKlass org/python/pydev/ast/listing_utils/PyFileListing$PyFileListingFilter
instanceKlass org/python/pydev/ast/codecompletion/revisited/PythonPathHelper
instanceKlass org/python/pydev/plugin/nature/IPythonPathHelper
instanceKlass org/python/pydev/parser/jython/ast/str_typeType
instanceKlass org/python/pydev/ast/codecompletion/revisited/AssignAnalysis
instanceKlass org/python/pydev/core/IToken
instanceKlass org/python/pydev/parser/jython/ast/operatorType
instanceKlass org/python/pydev/core/ITypeInfo
instanceKlass org/python/pydev/core/ITokenCompletionRequest
instanceKlass org/python/pydev/core/IDefinition
instanceKlass org/python/pydev/core/ICompletionState
instanceKlass org/python/pydev/core/IModuleRequestState
instanceKlass org/python/pydev/core/ICompletionCache
instanceKlass org/python/pydev/ast/codecompletion/revisited/AbstractASTManager
instanceKlass org/python/pydev/ast/codecompletion/revisited/ModulesManagerWithBuild$2
instanceKlass org/python/pydev/ast/codecompletion/revisited/ModulesManagerWithBuild$1
instanceKlass org/python/pydev/ast/codecompletion/revisited/CachePyiModules$1
instanceKlass org/python/pydev/ast/codecompletion/revisited/CachePyiModules
instanceKlass org/python/pydev/ast/codecompletion/revisited/ModulesManagerCache
instanceKlass org/python/pydev/ast/codecompletion/revisited/ModulesManager$1
instanceKlass org/python/pydev/shared_core/out_of_memory/OnExpectedOutOfMemory$1
instanceKlass org/python/pydev/shared_core/callbacks/CallbackWithListeners
instanceKlass org/python/pydev/shared_core/callbacks/ICallbackWithListeners
instanceKlass org/python/pydev/shared_core/out_of_memory/OnExpectedOutOfMemory
instanceKlass org/python/pydev/parser/jython/ast/name_contextType
instanceKlass org/python/pydev/core/ModulesKey
instanceKlass org/python/pydev/core/ISourceModule
instanceKlass org/python/pydev/ast/codecompletion/revisited/modules/AbstractModule
instanceKlass org/python/pydev/core/IModule
instanceKlass org/python/pydev/shared_core/callbacks/ICallbackListener
instanceKlass org/python/pydev/ast/codecompletion/revisited/ModulesManager
instanceKlass org/python/pydev/core/IDeltaProcessor
instanceKlass org/python/pydev/core/IProjectModulesManager
instanceKlass org/eclipse/jface/text/IDocument
instanceKlass org/python/pydev/shared_core/string/FastStringBuffer
instanceKlass  @bci java/util/regex/CharPredicates ASCII_WORD ()Ljava/util/regex/Pattern$BmpCharPredicate; 0 <appendix> argL0 ; # java/util/regex/CharPredicates$$Lambda$152+0x0000000800d55b18
instanceKlass org/python/pydev/shared_core/cache/CacheMapWrapper
instanceKlass javax/accessibility/Accessible
instanceKlass javax/swing/text/EditorKit
instanceKlass org/python/pydev/shared_core/cache/Cache
instanceKlass org/python/pydev/shared_core/string/StringUtils
instanceKlass org/python/pydev/shared_core/io/FileUtils
instanceKlass org/python/pydev/core/ICodeCompletionASTManager
instanceKlass org/python/pydev/shared_core/progress/JobProgressComunicator
instanceKlass javax/xml/transform/Source
instanceKlass javax/xml/transform/Result
instanceKlass org/python/pydev/plugin/nature/PythonNatureStore
instanceKlass org/python/pydev/plugin/nature/PythonPathNature
instanceKlass org/python/pydev/plugin/nature/IPythonNatureStore
instanceKlass org/python/pydev/core/IPythonPathNature
instanceKlass org/python/pydev/core/nature/AbstractPythonNature
instanceKlass java/lang/ProcessEnvironment$CheckedEntry
instanceKlass java/lang/ProcessEnvironment$CheckedEntrySet$1
instanceKlass java/lang/ProcessEnvironment$EntryComparator
instanceKlass java/lang/ProcessEnvironment$NameComparator
instanceKlass org/python/pydev/ast/interpreter_managers/DefaultPathsForInterpreterInfo
instanceKlass org/python/pydev/ast/interpreter_managers/InterpreterInfo$HelperToComputeIfPathIsInInterpreter
instanceKlass com/sun/org/apache/xerces/internal/dom/CharacterDataImpl$1
instanceKlass org/w3c/dom/Text
instanceKlass org/w3c/dom/CharacterData
instanceKlass com/sun/org/apache/xerces/internal/dom/DeferredDocumentImpl$RefCount
instanceKlass com/sun/org/apache/xerces/internal/dom/NodeListCache
instanceKlass org/w3c/dom/TypeInfo
instanceKlass org/w3c/dom/ElementTraversal
instanceKlass org/w3c/dom/Element
instanceKlass org/w3c/dom/DocumentType
instanceKlass com/sun/org/apache/xerces/internal/dom/NodeImpl
instanceKlass org/w3c/dom/events/EventTarget
instanceKlass org/w3c/dom/NodeList
instanceKlass org/w3c/dom/Document
instanceKlass org/w3c/dom/ranges/DocumentRange
instanceKlass org/w3c/dom/events/DocumentEvent
instanceKlass org/w3c/dom/traversal/DocumentTraversal
instanceKlass com/sun/org/apache/xerces/internal/dom/DeferredNode
instanceKlass org/w3c/dom/Node
instanceKlass org/python/pydev/core/IInterpreterManagerListener
instanceKlass org/python/pydev/shared_core/callbacks/ListenerList
instanceKlass org/python/pydev/ast/interpreter_managers/AbstractInterpreterManager
instanceKlass  @bci org/python/pydev/pydev_lsp/PyDevLanguageServerPlugin start (Lorg/osgi/framework/BundleContext;)V 119 <appendix> argL0 ; # org/python/pydev/pydev_lsp/PyDevLanguageServerPlugin$$Lambda$151+0x0000000800dc0de8
instanceKlass  @bci java/io/ObjectInputFilter$Config <clinit> ()V 56 <bsm> form vmentry <vmtarget> ; # java/lang/invoke/LambdaForm$DMH+0x0000000800dc9800
instanceKlass org/python/pydev/shared_core/callbacks/ICallback2
instanceKlass org/python/pydev/core/IPythonNature
instanceKlass org/eclipse/core/resources/IProjectNature
instanceKlass java/io/FilenameFilter
instanceKlass org/python/pydev/core/ISystemModulesManager
instanceKlass org/python/pydev/core/IModulesManager
instanceKlass org/python/pydev/ast/interpreter_managers/InterpreterInfo
instanceKlass org/python/pydev/core/IInterpreterInfo
instanceKlass org/python/pydev/pydev_lsp/PyDevLanguageServerPlugin$2
instanceKlass org/python/pydev/core/proposals/CompletionProposalFactory
instanceKlass org/python/pydev/parser/jython/SimpleNode
instanceKlass org/python/pydev/shared_core/model/ISimpleNode
instanceKlass org/python/pydev/parser/jython/Node
instanceKlass org/python/pydev/core/IGrammarVersionProvider
instanceKlass org/eclipse/jface/text/templates/TemplateContext
instanceKlass org/python/pydev/core/ISourceViewerForTemplates
instanceKlass org/eclipse/jface/text/IRegion
instanceKlass  @bci org/python/pydev/shared_core/SharedCorePlugin <clinit> ()V 12 <appendix> argL0 ; # org/python/pydev/shared_core/SharedCorePlugin$$Lambda$150+0x0000000800dc1828
instanceKlass  @bci org/python/pydev/shared_core/SharedCorePlugin <clinit> ()V 4 <appendix> argL0 ; # org/python/pydev/shared_core/SharedCorePlugin$$Lambda$149+0x0000000800dc1620
instanceKlass org/python/pydev/shared_core/callbacks/ICallback
instanceKlass org/python/pydev/shared_core/code_completion/ICompletionProposalHandle
instanceKlass  @bci org/eclipse/core/internal/jobs/OrderedLock enqueue (Lorg/eclipse/core/internal/jobs/Semaphore;)Lorg/eclipse/core/internal/jobs/Semaphore; 10 <appendix> member <vmtarget> ; # org/eclipse/core/internal/jobs/OrderedLock$$Lambda$148+0x0000000800d372a8
instanceKlass java/util/ArrayDeque$DeqSpliterator
instanceKlass org/eclipse/core/internal/jobs/Semaphore
instanceKlass org/eclipse/core/internal/resources/AliasManager$FindAliasesDoit
instanceKlass org/eclipse/core/resources/IFileState
instanceKlass org/python/pydev/pydev_lsp/completions/PyDevLSPCompletionProposalFactory
instanceKlass org/eclipse/core/internal/localstore/UnifiedTreeNode
instanceKlass org/eclipse/core/internal/localstore/UnifiedTree
instanceKlass org/python/pydev/core/preferences/PydevPrefs
instanceKlass org/eclipse/ls/core/LanguageServerCoreActivator
instanceKlass org/eclipse/ls/core/AbstractLanguageServerApplication
instanceKlass org/eclipse/equinox/app/IApplication
instanceKlass org/eclipse/osgi/storage/bundlefile/ZipBundleFile$1
instanceKlass java/util/zip/ZipFile$ZipEntryIterator
instanceKlass  @bci org/eclipse/osgi/storage/bundlefile/ZipBundleFile getPaths ()Ljava/lang/Iterable; 1 <appendix> member <vmtarget> ; # org/eclipse/osgi/storage/bundlefile/ZipBundleFile$$Lambda$147+0x0000000800db8460
instanceKlass org/python/pydev/core/IInterpreterManager
instanceKlass org/python/pydev/ast/codecompletion/PyCodeCompletionPreferences
instanceKlass org/python/pydev/ast/interpreter_managers/InterpreterInfo$IPythonSelectLibraries
instanceKlass java/util/ResourceBundle$Control$2
instanceKlass java/util/ResourceBundle$CacheKeyReference
instanceKlass java/util/ResourceBundle$CacheKey
instanceKlass  @bci java/util/ResourceBundle getLoader (Ljava/lang/Module;)Ljava/lang/ClassLoader; 6 <appendix> member <vmtarget> ; # java/util/ResourceBundle$$Lambda$146+0x0000000800d49c68
instanceKlass  @bci java/util/stream/ReferencePipeline toArray ()[Ljava/lang/Object; 1 <appendix> argL0 ; # java/util/stream/ReferencePipeline$$Lambda$145+0x0000000800d496b0
instanceKlass org/eclipse/core/internal/events/NodeIDMap
instanceKlass java/util/ImmutableCollections$Access$1
instanceKlass jdk/internal/access/JavaUtilCollectionAccess
instanceKlass java/util/ImmutableCollections$Access
instanceKlass  @bci java/util/ResourceBundle$ResourceBundleControlProviderHolder lambda$static$0 ()Ljava/util/List; 11 <appendix> argL0 ; # java/util/ResourceBundle$ResourceBundleControlProviderHolder$$Lambda$144+0x0000000800d48e90
instanceKlass org/eclipse/core/internal/events/ResourceDeltaInfo
instanceKlass java/util/ServiceLoader$ProviderSpliterator
instanceKlass org/eclipse/core/internal/dtree/NodeComparison
instanceKlass java/util/spi/ResourceBundleControlProvider
instanceKlass org/eclipse/core/internal/events/ResourceComparator
instanceKlass  @bci java/util/ResourceBundle$ResourceBundleControlProviderHolder <clinit> ()V 0 <appendix> argL0 ; # java/util/ResourceBundle$ResourceBundleControlProviderHolder$$Lambda$143+0x0000000800d48818
instanceKlass java/util/ResourceBundle$ResourceBundleControlProviderHolder
instanceKlass org/python/pydev/core/preferences/PyDevCorePreferencesInitializer
instanceKlass org/eclipse/core/internal/events/ResourceDeltaFactory
instanceKlass org/python/pydev/core/ICoreBundleInfo
instanceKlass org/eclipse/core/resources/IMarkerDelta
instanceKlass org/python/pydev/core/proposals/ICompletionProposalFactory
instanceKlass  @bci org/eclipse/lsp4j/jsonrpc/services/GenericEndpoint recursiveFindRpcMethods (Ljava/lang/Object;Ljava/util/Set;Ljava/util/Set;)V 24 <appendix> form vmentry <vmtarget> ; # java/lang/invoke/LambdaForm$DMH+0x0000000800dbd400
instanceKlass  @bci org/eclipse/core/internal/jobs/JobManager cancel (Lorg/eclipse/core/internal/jobs/InternalJob;)Z 15 <appendix> member <vmtarget> ; # org/eclipse/core/internal/jobs/JobManager$$Lambda$142+0x0000000800d36e68
instanceKlass org/eclipse/core/resources/team/ResourceRuleFactory
# instanceKlass java/lang/invoke/LambdaForm$MH+0x0000000800dbd000
# instanceKlass java/lang/invoke/LambdaForm$MH+0x0000000800dbcc00
# instanceKlass java/lang/invoke/LambdaForm$MH+0x0000000800dbc800
# instanceKlass java/lang/invoke/LambdaForm$MH+0x0000000800dbc400
# instanceKlass java/lang/invoke/LambdaForm$DMH+0x0000000800dbc000
instanceKlass org/eclipse/osgi/framework/util/CaseInsensitiveDictionaryMap$KeyIterator
instanceKlass org/eclipse/core/resources/IResourceChangeEvent
instanceKlass jdk/internal/util/random/RandomSupport
instanceKlass  @bci org/apache/felix/scr/impl/manager/ComponentContextImpl createNewFieldHandlerMap ()Ljava/util/Map; 4 <appendix> argL0 ; # org/apache/felix/scr/impl/manager/ComponentContextImpl$$Lambda$141+0x0000000800db2630
instanceKlass java/util/concurrent/ConcurrentSkipListMap$Node
instanceKlass java/util/concurrent/ConcurrentSkipListMap$Index
instanceKlass java/util/concurrent/ConcurrentNavigableMap
instanceKlass  @bci jdk/internal/reflect/MethodHandleObjectFieldAccessorImpl set (Ljava/lang/Object;Ljava/lang/Object;)V 41 <adapter> ; # java/lang/invoke/LambdaForm$MH+0x0000000800db1800
instanceKlass org/eclipse/core/internal/preferences/BundleStateScope
instanceKlass org/apache/felix/scr/impl/inject/field/FieldHandler$Resolved
instanceKlass org/apache/felix/scr/impl/inject/field/FieldUtils$FieldSearchResult
instanceKlass org/apache/felix/scr/impl/inject/field/FieldUtils$1
instanceKlass org/apache/felix/scr/impl/inject/field/FieldUtils
instanceKlass org/apache/felix/scr/impl/inject/field/FieldHandler$1
instanceKlass org/apache/felix/scr/impl/inject/field/FieldHandler$ReferenceMethodImpl
instanceKlass org/apache/felix/scr/impl/inject/field/FieldHandler$NotResolved
instanceKlass org/apache/felix/scr/impl/inject/field/FieldHandler$State
instanceKlass org/apache/felix/scr/impl/inject/InitReferenceMethod
instanceKlass org/apache/felix/scr/impl/inject/field/FieldHandler
instanceKlass org/apache/felix/scr/impl/inject/field/FieldMethods
instanceKlass org/eclipse/core/internal/resources/CheckMissingNaturesListener
instanceKlass org/eclipse/core/internal/resources/Rules
instanceKlass org/eclipse/core/internal/resources/ResourceChangeListenerRegistrar
instanceKlass  @bci org/python/pydev/pydev_lsp/Uris normalizeWinPath (Ljava/lang/String;)[Ljava/lang/String; 110 <adapter> ; # java/lang/invoke/LambdaForm$MH+0x0000000800db1400
instanceKlass  @bci org/eclipse/core/internal/jobs/JobManager startJob (Lorg/eclipse/core/internal/jobs/Worker;)Lorg/eclipse/core/runtime/jobs/Job; 45 <appendix> form vmentry <vmtarget> ; # java/lang/invoke/LambdaForm$DMH+0x0000000800db1000
instanceKlass  @bci org/eclipse/core/internal/jobs/JobManager startJob (Lorg/eclipse/core/internal/jobs/Worker;)Lorg/eclipse/core/runtime/jobs/Job; 45 <appendix> member <vmtarget> ; # org/eclipse/core/internal/jobs/JobManager$$Lambda$140+0x0000000800d36c38
instanceKlass  @cpi org/eclipse/core/internal/jobs/JobManager 1491 form vmentry <vmtarget> ; # java/lang/invoke/LambdaForm$DMH+0x0000000800db0c00
instanceKlass  @bci org/eclipse/core/internal/jobs/JobManager endJob (Lorg/eclipse/core/internal/jobs/InternalJob;Lorg/eclipse/core/runtime/IStatus;ZZ)V 14 <adapter> ; # java/lang/invoke/LambdaForm$MH+0x0000000800db0800
instanceKlass  @bci org/eclipse/core/internal/jobs/JobManager endJob (Lorg/eclipse/core/internal/jobs/InternalJob;Lorg/eclipse/core/runtime/IStatus;ZZ)V 14 <appendix> form vmentry <vmtarget> ; # java/lang/invoke/LambdaForm$DMH+0x0000000800db0400
instanceKlass  @bci org/eclipse/core/internal/jobs/JobManager endJob (Lorg/eclipse/core/internal/jobs/InternalJob;Lorg/eclipse/core/runtime/IStatus;ZZ)V 14 <appendix> member <vmtarget> ; # org/eclipse/core/internal/jobs/JobManager$$Lambda$139+0x0000000800d36a08
instanceKlass  @cpi org/eclipse/core/internal/jobs/JobManager 1447 form vmentry <vmtarget> ; # java/lang/invoke/LambdaForm$DMH+0x0000000800db0000
instanceKlass  @bci org/eclipse/core/internal/resources/AliasManager buildAliasedProjectsSet ()V 30 <appendix> member <vmtarget> ; # org/eclipse/core/internal/resources/AliasManager$$Lambda$138+0x0000000800dab9d8
instanceKlass org/eclipse/core/internal/filesystem/FileStoreUtil
instanceKlass  @bci org/eclipse/core/internal/resources/AliasManager$LocationMap <init> (Lorg/eclipse/core/internal/resources/AliasManager;)V 14 <appendix> argL0 ; # org/eclipse/core/internal/resources/AliasManager$LocationMap$$Lambda$137+0x0000000800dab758
instanceKlass org/eclipse/core/internal/resources/AliasManager$LocationMap
instanceKlass org/eclipse/core/internal/resources/AliasManager
instanceKlass org/eclipse/core/internal/resources/refresh/win32/Win32Natives
instanceKlass org/eclipse/core/internal/resources/refresh/win32/Win32Monitor$Handle
instanceKlass org/eclipse/core/internal/refresh/InternalRefreshProvider
instanceKlass org/eclipse/core/resources/refresh/IRefreshMonitor
instanceKlass org/eclipse/core/internal/refresh/MonitorManager
instanceKlass org/eclipse/core/resources/IResourceDeltaVisitor
instanceKlass org/eclipse/core/resources/IPathVariableChangeListener
instanceKlass org/eclipse/core/internal/refresh/RefreshManager
instanceKlass org/eclipse/core/resources/refresh/IRefreshResult
instanceKlass java/lang/StringUTF16$CharsSpliterator
instanceKlass java/util/stream/Sink$ChainedInt
instanceKlass  @bci java/util/stream/FindOps$FindSink$OfInt <clinit> ()V 43 <appendix> argL0 ; # java/util/stream/FindOps$FindSink$OfInt$$Lambda$33+0x800000048
instanceKlass  @bci java/util/stream/FindOps$FindSink$OfInt <clinit> ()V 38 <appendix> argL0 ; # java/util/stream/FindOps$FindSink$OfInt$$Lambda$35+0x80000004a
instanceKlass  @bci java/util/stream/FindOps$FindSink$OfInt <clinit> ()V 16 <appendix> argL0 ; # java/util/stream/FindOps$FindSink$OfInt$$Lambda$34+0x800000049
instanceKlass  @bci java/util/stream/FindOps$FindSink$OfInt <clinit> ()V 11 <appendix> argL0 ; # java/util/stream/FindOps$FindSink$OfInt$$Lambda$36+0x80000004b
instanceKlass java/util/OptionalInt
instanceKlass java/util/stream/Sink$OfInt
instanceKlass java/util/function/IntConsumer
instanceKlass  @bci java/text/DecimalFormatSymbols findNonFormatChar (Ljava/lang/String;C)C 4 <appendix> argL0 ; # java/text/DecimalFormatSymbols$$Lambda$7+0x80000000b
instanceKlass java/util/function/IntPredicate
instanceKlass java/util/stream/IntStream
instanceKlass java/lang/StringLatin1$CharsSpliterator
instanceKlass sun/util/resources/Bundles$2
instanceKlass sun/util/resources/LocaleData$LocaleDataResourceBundleProvider
instanceKlass java/util/spi/ResourceBundleProvider
instanceKlass  @bci sun/util/locale/provider/JRELocaleProviderAdapter getDecimalFormatSymbolsProvider ()Ljava/text/spi/DecimalFormatSymbolsProvider; 8 <appendix> member <vmtarget> ; # sun/util/locale/provider/JRELocaleProviderAdapter$$Lambda$63+0x800000069
instanceKlass java/text/DecimalFormatSymbols
instanceKlass  @bci org/eclipse/core/internal/resources/ContentDescriptionManager getCurrentPlatformState ()Ljava/lang/String; 39 <appendix> argL0 ; # org/eclipse/core/internal/resources/ContentDescriptionManager$$Lambda$130+0x0000000800dacdf8
instanceKlass  @bci org/eclipse/core/internal/properties/PropertyBucket$PropertyEntry <clinit> ()V 0 <appendix> argL0 ; # org/eclipse/core/internal/properties/PropertyBucket$PropertyEntry$$Lambda$129+0x0000000800dac800
instanceKlass  @cpi org/eclipse/core/internal/properties/PropertyBucket$PropertyEntry 157 form vmentry <vmtarget> ; # java/lang/invoke/LambdaForm$DMH+0x0000000800daa400
instanceKlass org/eclipse/core/internal/resources/ProjectContentTypes
instanceKlass org/eclipse/core/internal/utils/KeyedHashSet
instanceKlass org/eclipse/core/internal/utils/KeyedHashSet$KeyedElement
instanceKlass org/eclipse/core/internal/utils/Cache
instanceKlass org/eclipse/core/internal/resources/ContentDescriptionManager
instanceKlass  @bci org/eclipse/core/internal/resources/CharsetManager initPreferenceChangeListener ()V 2 <appendix> member <vmtarget> ; # org/eclipse/core/internal/resources/CharsetManager$$Lambda$128+0x0000000800da7538
instanceKlass  @bci org/python/pydev/shared_core/partitioner/FastPartitioner <init> (Lorg/python/pydev/shared_core/partitioner/IPartitionTokenScanner;[Ljava/lang/String;)V 32 <appendix> form vmentry <vmtarget> ; # java/lang/invoke/LambdaForm$MH+0x0000000800daa000
instanceKlass  @bci org/python/pydev/shared_core/partitioner/FastPartitioner <init> (Lorg/python/pydev/shared_core/partitioner/IPartitionTokenScanner;[Ljava/lang/String;)V 32 <appendix> argL3 form vmentry <vmtarget> ; # java/lang/invoke/LambdaForm$MH+0x0000000800da9c00
# instanceKlass java/lang/invoke/LambdaForm$MH+0x0000000800da9800
# instanceKlass java/lang/invoke/LambdaForm$MH+0x0000000800da9400
instanceKlass  @bci org/python/pydev/shared_core/partitioner/FastPartitioner <init> (Lorg/python/pydev/shared_core/partitioner/IPartitionTokenScanner;[Ljava/lang/String;)V 32 <appendix> argL1 form vmentry <vmtarget> ; # java/lang/invoke/LambdaForm$MH+0x0000000800da9000
# instanceKlass java/lang/invoke/LambdaForm$MH+0x0000000800da8c00
instanceKlass  @bci org/eclipse/core/internal/jobs/JobManager now ()J 5 <appendix> member <vmtarget> ; # org/eclipse/core/internal/jobs/JobManager$$Lambda$127+0x0000000800d367d8
instanceKlass java/util/function/LongUnaryOperator
instanceKlass org/eclipse/core/internal/jobs/JobChangeEvent
instanceKlass  @bci org/eclipse/core/internal/jobs/JobManager schedule (Lorg/eclipse/core/internal/jobs/InternalJob;J)V 5 <adapter> ; # java/lang/invoke/LambdaForm$MH+0x0000000800da8800
instanceKlass  @bci org/eclipse/core/internal/jobs/JobManager schedule (Lorg/eclipse/core/internal/jobs/InternalJob;J)V 5 <appendix> form vmentry <vmtarget> ; # java/lang/invoke/LambdaForm$DMH+0x0000000800da8400
instanceKlass  @bci org/eclipse/core/internal/jobs/JobManager schedule (Lorg/eclipse/core/internal/jobs/InternalJob;J)V 5 <appendix> member <vmtarget> ; # org/eclipse/core/internal/jobs/JobManager$$Lambda$126+0x0000000800d36358
instanceKlass  @cpi org/eclipse/core/internal/jobs/JobManager 1464 form vmentry <vmtarget> ; # java/lang/invoke/LambdaForm$DMH+0x0000000800da8000
instanceKlass org/eclipse/core/internal/resources/CharsetDeltaJob$ICharsetListenerFilter
instanceKlass  @bci org/osgi/framework/FrameworkUtil lambda$4 (Ljava/lang/Class;)Lorg/osgi/framework/Bundle; 29 <appendix> argL0 ; # org/osgi/framework/FrameworkUtil$$Lambda$125+0x0000000800d23c30
instanceKlass  @bci org/osgi/framework/FrameworkUtil lambda$4 (Ljava/lang/Class;)Lorg/osgi/framework/Bundle; 19 <appendix> argL0 ; # org/osgi/framework/FrameworkUtil$$Lambda$124+0x0000000800d239f8
instanceKlass  @bci org/osgi/framework/FrameworkUtil lambda$4 (Ljava/lang/Class;)Lorg/osgi/framework/Bundle; 9 <appendix> member <vmtarget> ; # org/osgi/framework/FrameworkUtil$$Lambda$123+0x0000000800d237c8
instanceKlass org/eclipse/core/runtime/PerformanceStats
instanceKlass org/eclipse/core/internal/events/ResourceStats
instanceKlass org/eclipse/core/internal/events/ResourceChangeListenerList$ListenerEntry
instanceKlass org/eclipse/core/internal/resources/CharsetManager$ResourceChangeListener
instanceKlass org/eclipse/core/resources/IResourceChangeListener
instanceKlass org/eclipse/core/internal/resources/CharsetManager
instanceKlass org/eclipse/core/internal/localstore/Bucket$Entry
instanceKlass org/eclipse/core/internal/localstore/BucketTree
instanceKlass org/eclipse/core/internal/localstore/Bucket$Visitor
instanceKlass org/eclipse/core/internal/localstore/Bucket
instanceKlass org/eclipse/core/internal/properties/PropertyManager2
instanceKlass org/eclipse/core/internal/events/LifecycleEvent
instanceKlass org/eclipse/core/internal/resources/LinkDescription
instanceKlass javax/xml/parsers/DocumentBuilder
instanceKlass javax/xml/parsers/DocumentBuilderFactory
instanceKlass org/eclipse/core/internal/runtime/XmlProcessorFactory
instanceKlass org/eclipse/core/internal/resources/IModelObjectConstants
instanceKlass org/eclipse/core/resources/variableresolvers/PathVariableResolver
instanceKlass org/eclipse/core/internal/resources/ProjectVariableProviderManager$Descriptor
instanceKlass org/eclipse/core/internal/resources/ProjectVariableProviderManager
instanceKlass org/eclipse/core/internal/resources/ProjectPathVariableManager
instanceKlass org/eclipse/core/internal/localstore/FileStoreRoot
instanceKlass org/eclipse/core/internal/filesystem/local/Convert
instanceKlass org/eclipse/core/filesystem/provider/FileInfo
instanceKlass jdk/internal/loader/NativeLibraries$Unloader
instanceKlass org/eclipse/osgi/storage/NativeCodeFinder
instanceKlass org/eclipse/core/internal/filesystem/local/LocalFileNatives
instanceKlass org/eclipse/core/internal/filesystem/local/NativeHandler
instanceKlass org/eclipse/core/internal/filesystem/local/LocalFileNativesManager
instanceKlass org/eclipse/core/filesystem/IFileStore
instanceKlass org/eclipse/core/filesystem/IFileSystem
instanceKlass org/eclipse/core/internal/filesystem/InternalFileSystemCore
instanceKlass org/eclipse/core/filesystem/IFileInfo
instanceKlass org/eclipse/core/filesystem/EFS
instanceKlass org/eclipse/core/filesystem/URIUtil
instanceKlass org/eclipse/core/internal/resources/SyncInfoSnapReader
instanceKlass org/eclipse/core/internal/resources/MarkerAttributeMap
instanceKlass org/eclipse/core/internal/resources/MarkerSet
instanceKlass org/eclipse/core/internal/dtree/DataTreeLookup
instanceKlass org/eclipse/core/internal/watson/ElementTree$ChildIDsCache
instanceKlass org/eclipse/core/internal/resources/MarkerSnapshotReader
instanceKlass org/eclipse/core/internal/resources/SyncInfoReader
instanceKlass org/eclipse/core/internal/dtree/DataTreeReader
instanceKlass org/eclipse/core/internal/watson/ElementTreeReader$1
instanceKlass org/eclipse/core/internal/dtree/IDataFlattener
instanceKlass org/eclipse/core/internal/watson/ElementTreeReader
instanceKlass org/eclipse/core/internal/resources/WorkspaceTreeReader
instanceKlass org/eclipse/core/runtime/ILogListener
instanceKlass  @bci org/eclipse/core/internal/runtime/InternalPlatform getLog (Lorg/osgi/framework/Bundle;)Lorg/eclipse/core/runtime/ILog; 13 <appendix> member <vmtarget> ; # org/eclipse/core/internal/runtime/InternalPlatform$$Lambda$122+0x0000000800d982f8
instanceKlass org/eclipse/core/internal/runtime/Log
instanceKlass org/eclipse/core/resources/IResourceStatus
instanceKlass org/eclipse/core/resources/ISavedState
instanceKlass org/eclipse/core/resources/ISaveContext
instanceKlass org/eclipse/core/internal/resources/SaveManager
instanceKlass org/eclipse/core/internal/watson/IElementInfoFlattener
instanceKlass org/eclipse/core/internal/resources/SyncInfoWriter
instanceKlass org/eclipse/core/internal/resources/Synchronizer
instanceKlass org/eclipse/core/internal/resources/MarkerWriter
instanceKlass org/eclipse/core/internal/resources/MarkerDeltaManager
instanceKlass org/eclipse/core/internal/resources/MarkerTypeDefinitionCache$MarkerTypeDefinition
instanceKlass org/eclipse/core/internal/resources/MarkerTypeDefinitionCache
instanceKlass org/eclipse/core/internal/resources/MarkerInfo
instanceKlass org/eclipse/core/internal/resources/IMarkerSetElement
instanceKlass org/eclipse/core/internal/resources/MarkerManager
instanceKlass  @bci org/eclipse/core/internal/events/NotificationManager$NotifyJob <init> (Lorg/eclipse/core/internal/events/NotificationManager;)V 13 <appendix> argL0 ; # org/eclipse/core/internal/events/NotificationManager$NotifyJob$$Lambda$121+0x0000000800d92438
instanceKlass org/eclipse/core/internal/events/ResourceChangeListenerList
instanceKlass org/eclipse/core/internal/events/NotificationManager
instanceKlass java/util/stream/SortedOps
instanceKlass  @bci org/eclipse/core/internal/runtime/InternalPlatform getBundles0 (Ljava/lang/String;Ljava/lang/String;)Ljava/util/stream/Stream; 90 <appendix> argL0 ; # org/eclipse/core/internal/runtime/InternalPlatform$$Lambda$120+0x0000000800d8bba0
instanceKlass  @bci org/eclipse/core/internal/runtime/InternalPlatform getBundles0 (Ljava/lang/String;Ljava/lang/String;)Ljava/util/stream/Stream; 80 <appendix> argL0 ; # org/eclipse/core/internal/runtime/InternalPlatform$$Lambda$119+0x0000000800d8b978
instanceKlass org/eclipse/core/internal/events/BuildManager$DeltaCache
instanceKlass org/eclipse/core/resources/ICommand
instanceKlass org/eclipse/core/internal/events/InternalBuilder
instanceKlass org/eclipse/core/resources/IResourceDelta
instanceKlass org/eclipse/core/resources/IBuildContext
instanceKlass org/eclipse/core/internal/events/BuildManager
instanceKlass org/eclipse/core/internal/resources/FilterTypeManager$1
instanceKlass org/eclipse/core/internal/resources/FilterDescriptor
instanceKlass org/eclipse/core/resources/IFilterMatcherDescriptor
instanceKlass org/eclipse/core/internal/resources/FilterTypeManager
instanceKlass org/eclipse/core/resources/IProjectNatureDescriptor
instanceKlass org/eclipse/core/internal/resources/NatureManager
instanceKlass org/eclipse/core/internal/events/ILifecycleListener
instanceKlass org/eclipse/core/internal/resources/PathVariableManager
instanceKlass  @bci org/eclipse/core/internal/resources/WorkspaceRoot getProject (Ljava/lang/String;)Lorg/eclipse/core/resources/IProject; 72 <appendix> member <vmtarget> ; # org/eclipse/core/internal/resources/WorkspaceRoot$$Lambda$118+0x0000000800d874a0
instanceKlass org/eclipse/core/internal/preferences/PreferencesService$1
instanceKlass  @bci org/eclipse/core/internal/preferences/PreferencesService getLookupOrder (Ljava/lang/String;Ljava/lang/String;)[Ljava/lang/String; 29 <appendix> argL0 ; # org/eclipse/core/internal/preferences/PreferencesService$$Lambda$117+0x0000000800d89140
instanceKlass  @bci org/eclipse/core/internal/localstore/FileSystemResourceManager <init> (Lorg/eclipse/core/internal/resources/Workspace;)V 6 <appendix> member <vmtarget> ; # org/eclipse/core/internal/localstore/FileSystemResourceManager$$Lambda$116+0x0000000800d860e8
instanceKlass org/eclipse/core/internal/localstore/IHistoryStore
instanceKlass org/eclipse/core/internal/localstore/RefreshLocalVisitor
instanceKlass org/eclipse/core/internal/localstore/ILocalStoreConstants
instanceKlass org/eclipse/core/internal/localstore/IUnifiedTreeVisitor
instanceKlass org/eclipse/core/internal/localstore/FileSystemResourceManager
instanceKlass org/eclipse/core/runtime/jobs/MultiRule
instanceKlass org/eclipse/core/internal/jobs/OrderedLock
instanceKlass java/lang/invoke/DirectMethodHandle$1
instanceKlass org/eclipse/core/internal/runtime/LocalizationUtils
instanceKlass org/eclipse/core/runtime/Status
instanceKlass org/eclipse/core/internal/resources/WorkManager$NotifyRule
instanceKlass org/eclipse/core/internal/resources/WorkManager
instanceKlass org/eclipse/core/runtime/SubMonitor$RootInfo
instanceKlass org/eclipse/core/runtime/NullProgressMonitor
instanceKlass org/eclipse/core/runtime/SubMonitor
instanceKlass org/eclipse/core/runtime/preferences/IExportedPreferences
instanceKlass  @bci org/eclipse/core/internal/resources/WorkspacePreferences <init> ()V 189 <appendix> member <vmtarget> ; # org/eclipse/core/internal/resources/WorkspacePreferences$$Lambda$115+0x0000000800d84458
instanceKlass org/eclipse/core/runtime/Preferences$IPropertyChangeListener
instanceKlass org/eclipse/core/runtime/preferences/IEclipsePreferences$INodeChangeListener
instanceKlass org/eclipse/core/runtime/preferences/IEclipsePreferences$IPreferenceChangeListener
instanceKlass  @bci org/eclipse/core/runtime/Plugin getPluginPreferences ()Lorg/eclipse/core/runtime/Preferences; 65 <appendix> member <vmtarget> ; # org/eclipse/core/runtime/Plugin$$Lambda$114+0x0000000800d8b000
instanceKlass org/eclipse/core/runtime/Preferences
instanceKlass org/eclipse/core/internal/runtime/Product
instanceKlass org/eclipse/core/runtime/IProduct
instanceKlass org/eclipse/equinox/internal/app/ProductExtensionBranding
instanceKlass org/eclipse/core/internal/runtime/FindSupport
instanceKlass org/eclipse/core/runtime/FileLocator
instanceKlass org/eclipse/core/runtime/SafeRunner
instanceKlass  @bci org/eclipse/core/internal/preferences/PreferenceServiceRegistryHelper runInitializer (Lorg/eclipse/core/runtime/IConfigurationElement;)V 18 <appendix> member <vmtarget> ; # org/eclipse/core/internal/preferences/PreferenceServiceRegistryHelper$$Lambda$113+0x0000000800d881f8
instanceKlass  @cpi org/eclipse/core/internal/preferences/PreferenceServiceRegistryHelper 447 form vmentry <vmtarget> ; # java/lang/invoke/LambdaForm$DMH+0x0000000800d8a000
instanceKlass org/eclipse/core/runtime/IExecutableExtensionFactory
instanceKlass org/eclipse/core/runtime/IExecutableExtension
instanceKlass org/eclipse/core/runtime/preferences/AbstractPreferenceInitializer
instanceKlass org/eclipse/core/internal/dtree/AbstractDataTree
instanceKlass org/eclipse/core/internal/dtree/AbstractDataTreeNode
instanceKlass org/eclipse/core/internal/watson/ElementTree
instanceKlass org/eclipse/core/internal/runtime/DataArea
instanceKlass org/eclipse/core/internal/runtime/MetaDataKeeper
instanceKlass org/eclipse/core/internal/resources/LocalMetaArea
instanceKlass org/eclipse/core/internal/resources/LocationValidator
instanceKlass org/eclipse/core/internal/utils/FileUtil
instanceKlass org/eclipse/core/internal/watson/IElementContentVisitor
instanceKlass org/eclipse/core/resources/IResourceFilterDescription
instanceKlass org/eclipse/core/resources/team/IResourceTree
instanceKlass org/eclipse/core/resources/IMarker
instanceKlass org/eclipse/core/resources/IResourceProxy
instanceKlass org/eclipse/core/runtime/Platform
instanceKlass org/eclipse/core/internal/resources/InternalTeamHook
instanceKlass org/eclipse/core/internal/watson/IElementComparator
instanceKlass org/eclipse/core/internal/dtree/IComparator
instanceKlass org/eclipse/core/resources/team/IMoveDeleteHook
instanceKlass org/eclipse/core/resources/IProject
instanceKlass org/eclipse/core/internal/resources/ModelObject
instanceKlass org/eclipse/core/resources/IProjectDescription
instanceKlass org/eclipse/core/resources/IBuildConfiguration
instanceKlass org/eclipse/core/resources/ISynchronizer
instanceKlass org/eclipse/core/resources/IResourceRuleFactory
instanceKlass org/eclipse/core/resources/IPathVariableManager
instanceKlass org/eclipse/core/internal/resources/ResourceInfo
instanceKlass org/eclipse/core/internal/properties/IPropertyManager
instanceKlass org/eclipse/core/internal/resources/IManager
instanceKlass org/eclipse/core/resources/IWorkspaceDescription
instanceKlass org/eclipse/core/resources/IFile
instanceKlass org/eclipse/core/resources/IEncodedStorage
instanceKlass org/eclipse/core/resources/IStorage
instanceKlass org/eclipse/core/resources/IFolder
instanceKlass org/eclipse/core/internal/watson/IPathRequestor
instanceKlass org/eclipse/core/internal/utils/IStringPoolParticipant
instanceKlass org/eclipse/core/runtime/ICoreRunnable
instanceKlass org/eclipse/core/internal/watson/IElementTreeData
instanceKlass org/eclipse/core/resources/IWorkspaceRoot
instanceKlass org/eclipse/core/internal/resources/ICoreConstants
instanceKlass java/util/Formatter$Flags
instanceKlass java/util/Formattable
instanceKlass java/util/Formatter$FormatSpecifier
instanceKlass java/util/Formatter$Conversion
instanceKlass java/util/Formatter$FixedString
instanceKlass java/util/Formatter$FormatString
instanceKlass  @bci java/util/regex/Pattern union (Ljava/util/regex/Pattern$CharPredicate;Ljava/util/regex/Pattern$CharPredicate;Z)Ljava/util/regex/Pattern$CharPredicate; 6 <appendix> member <vmtarget> ; # java/util/regex/Pattern$$Lambda$21+0x800000031
instanceKlass  @bci java/util/regex/Pattern Range (II)Ljava/util/regex/Pattern$CharPredicate; 23 <appendix> member <vmtarget> ; # java/util/regex/Pattern$$Lambda$19+0x800000029
instanceKlass java/util/Formatter
instanceKlass org/eclipse/core/internal/utils/Policy$1
instanceKlass org/eclipse/core/internal/utils/Policy
instanceKlass org/eclipse/core/resources/ResourcesPlugin$WorkspaceInitCustomizer
instanceKlass org/eclipse/core/resources/IWorkspace
instanceKlass java/time/zone/Ser
instanceKlass java/io/Externalizable
instanceKlass jdk/internal/foreign/MemorySessionImpl
instanceKlass java/lang/foreign/MemorySession
instanceKlass java/lang/foreign/SegmentAllocator
instanceKlass java/time/zone/ZoneRulesProvider$1
instanceKlass java/time/zone/ZoneRulesProvider
instanceKlass  @bci java/time/format/DateTimeFormatter <clinit> ()V 1075 <appendix> argL0 ; # java/time/format/DateTimeFormatter$$Lambda$9+0x80000000d
instanceKlass  @bci java/time/format/DateTimeFormatter <clinit> ()V 1067 <appendix> argL0 ; # java/time/format/DateTimeFormatter$$Lambda$8+0x80000000c
instanceKlass java/time/Period
instanceKlass java/time/chrono/ChronoPeriod
instanceKlass java/time/format/DateTimeFormatterBuilder$TextPrinterParser
instanceKlass java/time/format/DateTimeTextProvider$1
instanceKlass java/time/format/DateTimeTextProvider
instanceKlass java/time/format/DateTimeTextProvider$LocaleStore
instanceKlass java/time/format/DateTimeFormatterBuilder$InstantPrinterParser
instanceKlass java/time/format/DateTimeFormatterBuilder$StringLiteralPrinterParser
instanceKlass java/time/format/DateTimeFormatterBuilder$ZoneIdPrinterParser
instanceKlass java/time/format/DateTimeFormatterBuilder$OffsetIdPrinterParser
instanceKlass java/time/format/DecimalStyle
instanceKlass java/time/format/DateTimeFormatterBuilder$CompositePrinterParser
instanceKlass java/time/chrono/AbstractChronology
instanceKlass java/time/chrono/Chronology
instanceKlass java/time/format/DateTimeFormatterBuilder$CharLiteralPrinterParser
instanceKlass java/time/format/DateTimeFormatterBuilder$NumberPrinterParser
instanceKlass java/time/format/DateTimeFormatterBuilder$DateTimePrinterParser
instanceKlass java/time/temporal/JulianFields
instanceKlass java/time/temporal/IsoFields
instanceKlass java/lang/Character$CharacterCache
instanceKlass  @bci java/time/format/DateTimeFormatterBuilder <clinit> ()V 0 <appendix> argL0 ; # java/time/format/DateTimeFormatterBuilder$$Lambda$10+0x80000000e
instanceKlass java/time/temporal/TemporalQuery
instanceKlass java/time/format/DateTimeFormatterBuilder
instanceKlass java/time/format/DateTimeFormatter
instanceKlass org/eclipse/osgi/internal/debug/EclipseDebugTrace
instanceKlass org/eclipse/core/internal/jobs/WorkerPool
instanceKlass org/eclipse/core/internal/jobs/JobQueue
instanceKlass org/eclipse/core/internal/jobs/DeadlockDetector
instanceKlass org/eclipse/core/internal/jobs/LockManager
instanceKlass org/eclipse/core/runtime/jobs/JobChangeAdapter
instanceKlass  @bci org/eclipse/core/internal/jobs/JobManager <init> ()V 52 <appendix> member <vmtarget> ; # org/eclipse/core/internal/jobs/JobManager$$Lambda$107+0x0000000800d33c30
instanceKlass  @bci org/eclipse/core/internal/jobs/JobListeners <init> ()V 50 <appendix> argL0 ; # org/eclipse/core/internal/jobs/JobListeners$$Lambda$106+0x0000000800d33a28
instanceKlass  @bci org/eclipse/core/internal/jobs/JobListeners <init> ()V 41 <appendix> argL0 ; # org/eclipse/core/internal/jobs/JobListeners$$Lambda$105+0x0000000800d33820
instanceKlass  @bci org/eclipse/core/internal/jobs/JobListeners <init> ()V 32 <appendix> argL0 ; # org/eclipse/core/internal/jobs/JobListeners$$Lambda$104+0x0000000800d33618
instanceKlass  @bci org/eclipse/core/internal/jobs/JobListeners <init> ()V 23 <appendix> argL0 ; # org/eclipse/core/internal/jobs/JobListeners$$Lambda$103+0x0000000800d33410
instanceKlass  @bci org/eclipse/core/internal/jobs/JobListeners <init> ()V 14 <appendix> argL0 ; # org/eclipse/core/internal/jobs/JobListeners$$Lambda$102+0x0000000800d33208
instanceKlass  @bci org/eclipse/core/internal/jobs/JobListeners <init> ()V 5 <appendix> argL0 ; # org/eclipse/core/internal/jobs/JobListeners$$Lambda$101+0x0000000800d33000
instanceKlass  @cpi org/eclipse/core/internal/jobs/JobListeners 381 form vmentry <vmtarget> ; # java/lang/invoke/LambdaForm$DMH+0x0000000800d32000
instanceKlass org/eclipse/core/internal/jobs/JobListeners$IListenerDoit
instanceKlass org/eclipse/core/runtime/jobs/IJobChangeEvent
instanceKlass org/eclipse/core/internal/jobs/JobListeners
instanceKlass org/eclipse/core/internal/jobs/ImplicitJobs
instanceKlass org/eclipse/core/internal/jobs/JobManager$1
instanceKlass org/eclipse/core/runtime/ProgressMonitorWrapper
instanceKlass org/eclipse/core/runtime/IProgressMonitorWithBlocking
instanceKlass org/eclipse/core/runtime/jobs/ILock
instanceKlass org/eclipse/core/internal/jobs/InternalJobGroup
instanceKlass org/eclipse/core/runtime/IProgressMonitor
instanceKlass org/eclipse/core/runtime/PlatformObject
instanceKlass org/eclipse/core/runtime/jobs/IJobChangeListener
instanceKlass org/eclipse/core/internal/jobs/JobManager
instanceKlass org/eclipse/core/runtime/jobs/IJobManager
instanceKlass org/eclipse/core/internal/jobs/JobOSGiUtils
instanceKlass org/eclipse/core/internal/jobs/JobActivator
instanceKlass org/eclipse/core/resources/IContainer
instanceKlass org/eclipse/core/resources/IResource
instanceKlass org/eclipse/core/runtime/jobs/ISchedulingRule
instanceKlass org/eclipse/core/runtime/IAdaptable
instanceKlass org/eclipse/core/internal/runtime/LogServiceFactory
instanceKlass java/io/FileOutputStream$1
instanceKlass org/eclipse/equinox/internal/app/AppCommands
instanceKlass java/lang/Throwable$PrintStreamOrWriter
instanceKlass java/io/PrintWriter$1
instanceKlass jdk/internal/access/JavaIOPrintWriterAccess
instanceKlass  @bci org/eclipse/equinox/internal/app/EclipseAppDescriptor getInstanceID ()Ljava/lang/String; 31 <adapter> ; # java/lang/invoke/LambdaForm$MH+0x0000000800d2c400
instanceKlass  @bci org/eclipse/equinox/internal/app/EclipseAppDescriptor getInstanceID ()Ljava/lang/String; 31 <appendix> form vmentry <vmtarget> ; # java/lang/invoke/LambdaForm$MH+0x0000000800d2c000
# instanceKlass java/lang/invoke/LambdaForm$MH+0x0000000800d2bc00
instanceKlass sun/util/resources/Bundles$CacheKeyReference
instanceKlass  @bci org/eclipse/equinox/internal/app/EclipseAppDescriptor getInstanceID ()Ljava/lang/String; 31 <appendix> form names 6 function resolvedHandle form vmentry <vmtarget> ; # java/lang/invoke/LambdaForm$DMH+0x0000000800d2b800
instanceKlass  @bci java/util/ResourceBundle$ResourceBundleProviderHelper newResourceBundle (Ljava/lang/Class;)Ljava/util/ResourceBundle; 22 <appendix> member <vmtarget> ; # java/util/ResourceBundle$ResourceBundleProviderHelper$$Lambda$11+0x80000000f
instanceKlass  @bci org/eclipse/equinox/internal/app/EclipseAppDescriptor getInstanceID ()Ljava/lang/String; 31 <appendix> argL3 form vmentry <vmtarget> ; # java/lang/invoke/LambdaForm$MH+0x0000000800d2b400
instanceKlass java/util/ResourceBundle$ResourceBundleProviderHelper
# instanceKlass java/lang/invoke/LambdaForm$MH+0x0000000800d2b000
instanceKlass  @bci sun/util/cldr/CLDRLocaleProviderAdapter applyAliases (Ljava/util/Locale;)Ljava/util/Locale; 4 <appendix> argL0 ; # sun/util/cldr/CLDRLocaleProviderAdapter$$Lambda$57+0x800000062
# instanceKlass java/lang/invoke/LambdaForm$MH+0x0000000800d2ac00
instanceKlass sun/util/resources/Bundles$CacheKey
instanceKlass java/util/ResourceBundle$1
instanceKlass jdk/internal/access/JavaUtilResourceBundleAccess
# instanceKlass java/lang/invoke/LambdaForm$MH+0x0000000800d2a800
instanceKlass sun/util/resources/Bundles
instanceKlass sun/util/resources/LocaleData$LocaleDataStrategy
instanceKlass sun/util/resources/Bundles$Strategy
instanceKlass sun/util/resources/LocaleData$1
# instanceKlass java/lang/invoke/LambdaForm$MH+0x0000000800d2a400
instanceKlass sun/util/resources/LocaleData
instanceKlass sun/util/locale/provider/LocaleResources
instanceKlass  @bci org/eclipse/equinox/internal/app/EclipseAppDescriptor getInstanceID ()Ljava/lang/String; 31 <appendix> form names 10 function resolvedHandle form vmentry <vmtarget> ; # java/lang/invoke/LambdaForm$DMH+0x0000000800d2a000
instanceKlass  @bci org/eclipse/equinox/internal/app/EclipseAppDescriptor getInstanceID ()Ljava/lang/String; 31 <appendix> argL1 form vmentry <vmtarget> ; # java/lang/invoke/LambdaForm$MH+0x0000000800d29c00
# instanceKlass java/lang/invoke/LambdaForm$MH+0x0000000800d29800
# instanceKlass java/lang/invoke/LambdaForm$MH+0x0000000800d29400
# instanceKlass java/lang/invoke/LambdaForm$MH+0x0000000800d29000
instanceKlass org/eclipse/equinox/internal/app/EclipseAppContainer$RegisterService
instanceKlass org/eclipse/core/runtime/spi/RegistryContributor
instanceKlass org/eclipse/equinox/app/IApplicationContext
instanceKlass org/osgi/service/application/ApplicationHandle
instanceKlass org/osgi/service/application/ApplicationDescriptor
instanceKlass org/eclipse/osgi/service/runnable/ApplicationLauncher
instanceKlass org/eclipse/osgi/service/runnable/ApplicationRunnable
instanceKlass org/eclipse/equinox/internal/app/IBranding
instanceKlass org/eclipse/osgi/service/runnable/ParameterizedRunnable
instanceKlass org/eclipse/equinox/internal/app/EclipseAppContainer
instanceKlass org/osgi/service/application/ScheduledApplication
instanceKlass java/util/stream/Node$Builder
instanceKlass java/util/stream/Nodes$ArrayNode
instanceKlass java/util/stream/Node$OfDouble
instanceKlass java/util/stream/Node$OfLong
instanceKlass java/util/stream/Node$OfInt
instanceKlass java/util/stream/Node$OfPrimitive
instanceKlass java/util/stream/Nodes$EmptyNode
instanceKlass java/util/stream/Node
instanceKlass java/util/stream/Nodes
instanceKlass org/eclipse/equinox/internal/app/AppPersistence
instanceKlass  @bci sun/util/locale/provider/LocaleProviderAdapter toLocaleArray (Ljava/util/Set;)[Ljava/util/Locale; 16 <appendix> argL0 ; # sun/util/locale/provider/LocaleProviderAdapter$$Lambda$66+0x80000006c
instanceKlass java/util/function/IntFunction
instanceKlass  @bci sun/util/locale/provider/LocaleProviderAdapter toLocaleArray (Ljava/util/Set;)[Ljava/util/Locale; 6 <appendix> argL0 ; # sun/util/locale/provider/LocaleProviderAdapter$$Lambda$65+0x80000006b
instanceKlass  @bci sun/util/cldr/CLDRLocaleProviderAdapter getCalendarDataProvider ()Ljava/util/spi/CalendarDataProvider; 8 <appendix> member <vmtarget> ; # sun/util/cldr/CLDRLocaleProviderAdapter$$Lambda$59+0x800000065
instanceKlass java/util/ResourceBundle
instanceKlass java/util/ResourceBundle$Control
instanceKlass sun/util/locale/provider/CalendarDataUtility$CalendarWeekParameterGetter
instanceKlass sun/util/locale/provider/LocaleServiceProviderPool$LocalizedObjectGetter
instanceKlass sun/util/locale/provider/LocaleServiceProviderPool
instanceKlass org/eclipse/equinox/internal/app/Activator
instanceKlass java/util/Locale$Builder
instanceKlass sun/util/locale/provider/CalendarDataUtility
instanceKlass java/util/Calendar$Builder
instanceKlass org/eclipse/equinox/internal/app/CommandLineArgs
instanceKlass sun/util/locale/provider/AvailableLanguageTags
instanceKlass  @bci sun/util/locale/provider/JRELocaleProviderAdapter getCalendarProvider ()Lsun/util/spi/CalendarProvider; 8 <appendix> member <vmtarget> ; # sun/util/locale/provider/JRELocaleProviderAdapter$$Lambda$60+0x800000066
instanceKlass java/util/ServiceLoader$ProviderImpl
instanceKlass java/util/ServiceLoader$Provider
instanceKlass java/util/ServiceLoader$1
instanceKlass org/eclipse/core/internal/preferences/legacy/InitLegacyPreferences
instanceKlass sun/util/resources/cldr/provider/CLDRLocaleDataMetaInfo
instanceKlass jdk/internal/module/ModulePatcher$PatchedModuleReader
instanceKlass org/eclipse/core/internal/preferences/legacy/ProductPreferencesService
instanceKlass java/util/concurrent/CopyOnWriteArrayList$COWIterator
instanceKlass  @bci sun/util/cldr/CLDRLocaleProviderAdapter <init> ()V 4 <appendix> argL0 ; # sun/util/cldr/CLDRLocaleProviderAdapter$$Lambda$58+0x800000064
instanceKlass org/eclipse/core/internal/preferences/exchange/IProductPreferencesService
instanceKlass org/eclipse/core/internal/runtime/AuthorizationHandler
instanceKlass sun/util/locale/InternalLocaleBuilder$CaseInsensitiveChar
instanceKlass sun/util/locale/InternalLocaleBuilder
instanceKlass sun/util/locale/StringTokenIterator
instanceKlass sun/util/locale/ParseStatus
instanceKlass sun/util/locale/LanguageTag
instanceKlass org/eclipse/core/runtime/IBundleGroupProvider
instanceKlass sun/util/cldr/CLDRBaseLocaleDataMetaInfo
instanceKlass sun/util/locale/provider/LocaleDataMetaInfo
instanceKlass sun/util/locale/provider/ResourceBundleBasedAdapter
instanceKlass sun/util/locale/provider/LocaleProviderAdapter$1
instanceKlass sun/util/locale/provider/LocaleProviderAdapter
instanceKlass java/util/spi/LocaleServiceProvider
instanceKlass sun/util/calendar/ZoneInfoFile$ZoneOffsetTransitionRule
instanceKlass  @bci org/eclipse/core/internal/runtime/InternalPlatform <clinit> ()V 98 <appendix> argL0 ; # org/eclipse/core/internal/runtime/InternalPlatform$$Lambda$93+0x0000000800d25630
instanceKlass sun/util/calendar/ZoneInfoFile$1
instanceKlass sun/util/calendar/ZoneInfoFile
instanceKlass org/eclipse/core/runtime/ILog
instanceKlass org/eclipse/core/internal/runtime/InternalPlatform
instanceKlass java/util/TimeZone
instanceKlass java/util/Calendar
instanceKlass org/eclipse/core/runtime/Plugin
instanceKlass org/eclipse/osgi/framework/log/FrameworkLogEntry
instanceKlass org/eclipse/osgi/internal/log/ExtendedLogEntryImpl
instanceKlass org/eclipse/equinox/log/ExtendedLogEntry
instanceKlass java/lang/StackTraceElement$HashedModules
instanceKlass org/eclipse/osgi/internal/framework/FilterImpl$Range
instanceKlass  @bci jdk/internal/reflect/MethodHandleObjectFieldAccessorImpl set (Ljava/lang/Object;Ljava/lang/Object;)V 29 <adapter> ; # java/lang/invoke/LambdaForm$MH+0x0000000800d24800
# instanceKlass java/lang/invoke/LambdaForm$MH+0x0000000800d24400
# instanceKlass java/lang/invoke/LambdaForm$MH+0x0000000800d24000
instanceKlass  @bci org/eclipse/osgi/util/NLS <clinit> ()V 7 <appendix> argL0 ; # org/eclipse/osgi/util/NLS$$Lambda$92+0x0000000800d21558
instanceKlass org/eclipse/osgi/util/NLS
instanceKlass org/eclipse/osgi/container/ModuleResolutionReport
instanceKlass java/util/AbstractMap$SimpleImmutableEntry
instanceKlass org/apache/felix/resolver/util/OpenHashMap$MapEntry
instanceKlass org/apache/felix/resolver/util/OpenHashMap$MapIterator
instanceKlass org/apache/felix/resolver/util/OpenHashMap$1
instanceKlass org/eclipse/osgi/container/ModuleResolutionReport$EntryImpl
instanceKlass org/eclipse/osgi/report/resolution/ResolutionReport$Entry
instanceKlass  @bci org/eclipse/osgi/container/ModuleResolver$ResolveProcess removeSubstituted (Ljava/util/List;)V 2 <appendix> member <vmtarget> ; # org/eclipse/osgi/container/ModuleResolver$ResolveProcess$$Lambda$91+0x0000000800d1f690
instanceKlass  @bci org/eclipse/osgi/container/ModuleResolver removeNonEffectiveCapabilities (Ljava/util/Collection;)V 2 <appendix> member <vmtarget> ; # org/eclipse/osgi/container/ModuleResolver$$Lambda$90+0x0000000800d1f450
instanceKlass  @bci org/eclipse/osgi/container/ModuleResolver$ResolveProcess filterDisabled (Ljava/util/List;)V 2 <appendix> member <vmtarget> ; # org/eclipse/osgi/container/ModuleResolver$ResolveProcess$$Lambda$89+0x0000000800d1f210
instanceKlass org/apache/felix/resolver/Candidates$PopulateResult
instanceKlass org/osgi/service/resolver/HostedCapability
instanceKlass org/apache/felix/resolver/util/CandidateSelector
instanceKlass org/apache/felix/resolver/Candidates
instanceKlass org/apache/felix/resolver/Util
instanceKlass org/apache/felix/resolver/ResolverImpl$ResolveSession
instanceKlass org/eclipse/osgi/internal/framework/OSGiFrameworkHooks$CoreResolverHookFactory$CoreResolverHook
instanceKlass org/eclipse/osgi/report/resolution/ResolutionReport$Listener
instanceKlass  @bci org/eclipse/osgi/internal/framework/OSGiFrameworkHooks$CoreResolverHookFactory getHookReferences (Lorg/eclipse/osgi/internal/serviceregistry/ServiceRegistry;Lorg/eclipse/osgi/internal/framework/BundleContextImpl;)[Lorg/eclipse/osgi/internal/serviceregistry/ServiceReferenceImpl; 2 <appendix> member <vmtarget> ; # org/eclipse/osgi/internal/framework/OSGiFrameworkHooks$CoreResolverHookFactory$$Lambda$88+0x0000000800d1c738
instanceKlass org/eclipse/osgi/container/ModuleResolutionReport$Builder
instanceKlass org/osgi/service/resolver/ResolveContext
instanceKlass org/eclipse/osgi/container/ModuleDatabase$1
instanceKlass org/eclipse/osgi/container/ModuleContainer$ResolutionLock$Permits
instanceKlass org/eclipse/core/runtime/QualifiedName
instanceKlass org/apache/felix/scr/impl/inject/methods/ActivateMethod$1
# instanceKlass java/lang/invoke/LambdaForm$MH+0x0000000800d1b800
# instanceKlass java/lang/invoke/LambdaForm$MH+0x0000000800d1b400
# instanceKlass java/lang/invoke/LambdaForm$MH+0x0000000800d1b000
instanceKlass org/apache/felix/scr/impl/inject/ValueUtils$1
instanceKlass org/apache/felix/scr/impl/inject/MethodResult
instanceKlass org/eclipse/core/internal/content/ContentTypeManager$ContentTypeRegistryChangeListener
instanceKlass org/apache/felix/scr/impl/manager/DependencyManager$OpenStatusImpl
instanceKlass org/apache/felix/scr/impl/manager/SingleComponentManager$1
instanceKlass org/apache/felix/scr/impl/inject/ReferenceMethod$1
instanceKlass org/apache/felix/scr/impl/inject/methods/BaseMethod$Resolved
instanceKlass org/apache/felix/scr/impl/inject/methods/BaseMethod$MethodInfo
instanceKlass org/apache/felix/scr/impl/inject/methods/BaseMethod$1
instanceKlass org/eclipse/core/runtime/content/IContentTypeManager$ISelectionPolicy
instanceKlass org/eclipse/core/internal/preferences/BundleStateScopeServiceFactory
instanceKlass org/eclipse/core/internal/preferences/Activator$1
instanceKlass  @bci org/python/pydev/parser/prettyprinterv2/PrettyPrinterPrefsV2 getOperatorMapping (I)Ljava/lang/String; 6 <appendix> form vmentry <vmtarget> ; # java/lang/invoke/LambdaForm$MH+0x0000000800d1ac00
# instanceKlass java/lang/invoke/LambdaForm$MH+0x0000000800d1a800
instanceKlass  @bci org/python/pydev/parser/prettyprinterv2/PrettyPrinterPrefsV2 getOperatorMapping (I)Ljava/lang/String; 6 <appendix> argL3 form vmentry <vmtarget> ; # java/lang/invoke/LambdaForm$MH+0x0000000800d1a400
# instanceKlass java/lang/invoke/LambdaForm$MH+0x0000000800d1a000
# instanceKlass java/lang/invoke/LambdaForm$MH+0x0000000800d19c00
# instanceKlass java/lang/invoke/LambdaForm$MH+0x0000000800d19800
instanceKlass org/eclipse/core/internal/registry/ExtensionRegistry$ListenerInfo
instanceKlass org/eclipse/core/runtime/IContributor
instanceKlass org/eclipse/core/internal/preferences/PreferenceServiceRegistryHelper
instanceKlass  @bci org/python/pydev/ast/builder/PyDevBuilderVisitor setModuleInCache (Lorg/eclipse/core/resources/IResource;Lorg/python/pydev/core/IModule;)V 10 <appendix> form vmentry <vmtarget> ; # java/lang/invoke/LambdaForm$MH+0x0000000800d19400
instanceKlass  @bci org/python/pydev/ast/builder/PyDevBuilderVisitor setModuleInCache (Lorg/eclipse/core/resources/IResource;Lorg/python/pydev/core/IModule;)V 10 <appendix> argL3 form vmentry <vmtarget> ; # java/lang/invoke/LambdaForm$MH+0x0000000800d19000
# instanceKlass java/lang/invoke/LambdaForm$MH+0x0000000800d18c00
# instanceKlass java/lang/invoke/LambdaForm$MH+0x0000000800d18800
instanceKlass  @bci org/python/pydev/ast/codecompletion/revisited/CompletionState checkMaxTimeForCompletion ()V 100 <appendix> argL1 argL0 form vmentry <vmtarget> ; # java/lang/invoke/LambdaForm$MH+0x0000000800d18400
# instanceKlass java/lang/invoke/LambdaForm$MH+0x0000000800d18000
instanceKlass org/eclipse/core/runtime/ListenerList$ListenerListIterator
instanceKlass org/eclipse/core/internal/preferences/OSGiPreferencesServiceManager
instanceKlass org/osgi/service/prefs/PreferencesService
instanceKlass org/eclipse/core/internal/preferences/AbstractScope
instanceKlass org/eclipse/core/runtime/Assert
instanceKlass org/eclipse/core/runtime/Path
instanceKlass org/eclipse/core/runtime/Path$Constants
instanceKlass org/eclipse/core/runtime/IPath
instanceKlass org/eclipse/core/internal/preferences/ImmutableMap
instanceKlass org/eclipse/core/internal/preferences/EclipsePreferences
instanceKlass org/eclipse/core/runtime/preferences/IScope
instanceKlass org/eclipse/core/runtime/preferences/IEclipsePreferences
instanceKlass org/eclipse/core/internal/preferences/PreferencesService
instanceKlass org/eclipse/core/runtime/preferences/IPreferencesService
instanceKlass org/eclipse/core/internal/preferences/exchange/ILegacyPreferences
instanceKlass org/eclipse/core/internal/preferences/PreferencesOSGiUtils
instanceKlass org/eclipse/core/internal/preferences/Activator
instanceKlass org/eclipse/core/runtime/preferences/IScopeContext
instanceKlass org/eclipse/core/internal/content/BasicDescription
instanceKlass org/eclipse/core/runtime/content/IContentTypeManager$IContentTypeChangeListener
instanceKlass org/eclipse/core/internal/content/ContentTypeBuilder
instanceKlass org/eclipse/core/internal/content/ContentTypeCatalog
instanceKlass org/apache/felix/scr/impl/inject/ValueUtils
instanceKlass org/eclipse/core/internal/content/ILazySource
instanceKlass org/eclipse/core/internal/adapter/AdapterManagerListener
instanceKlass org/eclipse/core/internal/runtime/IAdapterManagerProvider
instanceKlass org/eclipse/core/runtime/IRegistryEventListener
instanceKlass org/eclipse/core/internal/registry/osgi/RegistryCommandProvider
instanceKlass org/eclipse/core/internal/registry/RegistryProviderFactory
instanceKlass org/eclipse/core/internal/registry/osgi/RegistryProviderOSGI
instanceKlass org/eclipse/core/internal/registry/osgi/EclipseBundleListener
instanceKlass org/eclipse/core/internal/registry/OffsetTable
instanceKlass org/eclipse/osgi/compatibility/state/ReadOnlyState
instanceKlass org/eclipse/core/internal/registry/HashtableOfStringAndInt
instanceKlass org/eclipse/core/internal/registry/KeyedHashSet
instanceKlass org/eclipse/core/runtime/IConfigurationElement
instanceKlass org/eclipse/core/internal/registry/Handle
instanceKlass org/eclipse/core/internal/registry/RegistryObjectManager
instanceKlass org/eclipse/core/internal/registry/IObjectManager
instanceKlass  @bci org/eclipse/core/internal/registry/RegistryProperties getContextProperty (Ljava/lang/String;)Ljava/lang/String; 18 <appendix> member <vmtarget> ; # org/eclipse/core/internal/registry/RegistryProperties$$Lambda$87+0x0000000800d0a598
instanceKlass org/eclipse/core/internal/registry/RegistryTimestamp
instanceKlass org/eclipse/core/internal/registry/TableReader
instanceKlass org/eclipse/core/runtime/ListenerList
instanceKlass org/eclipse/core/internal/registry/ReadWriteMonitor
instanceKlass org/eclipse/core/internal/registry/RegistryObjectFactory
instanceKlass org/eclipse/core/runtime/IExtensionDelta
instanceKlass org/eclipse/core/runtime/IExtensionPoint
instanceKlass org/eclipse/core/internal/registry/RegistryObject
instanceKlass org/eclipse/core/internal/registry/KeyedElement
instanceKlass org/eclipse/core/runtime/ISafeRunnable
instanceKlass org/eclipse/core/runtime/IExtension
instanceKlass org/eclipse/core/internal/registry/ExtensionRegistry
instanceKlass org/eclipse/core/runtime/spi/IDynamicExtensionRegistry
instanceKlass org/eclipse/core/runtime/IExtensionRegistry
instanceKlass org/eclipse/core/runtime/RegistryFactory
instanceKlass org/eclipse/core/internal/registry/ReferenceMap$IEntry
instanceKlass org/eclipse/core/internal/registry/ReferenceMap
instanceKlass  @bci org/python/pydev/parser/prettyprinterv2/PrettyPrinterPrefsV2 getUnaryopOperatorMapping (I)Ljava/lang/String; 17 <appendix> form vmentry <vmtarget> ; # java/lang/invoke/LambdaForm$MH+0x0000000800d07000
instanceKlass org/eclipse/core/internal/registry/osgi/OSGIUtils
instanceKlass org/eclipse/core/internal/registry/osgi/EquinoxUtils
instanceKlass org/eclipse/core/internal/registry/RegistryProperties
instanceKlass org/eclipse/core/runtime/spi/IRegistryProvider
instanceKlass org/eclipse/core/runtime/spi/RegistryStrategy
instanceKlass org/eclipse/core/internal/registry/osgi/Activator
instanceKlass org/eclipse/core/runtime/IRegistryChangeListener
instanceKlass org/eclipse/core/runtime/content/IContentType
instanceKlass org/eclipse/core/runtime/content/IContentTypeSettings
instanceKlass org/eclipse/core/internal/content/IContentTypeInfo
instanceKlass org/eclipse/core/runtime/content/IContentDescription
instanceKlass org/osgi/service/prefs/Preferences
instanceKlass org/apache/felix/scr/impl/inject/internal/ComponentConstructorImpl
instanceKlass org/apache/felix/scr/impl/inject/ReferenceMethods$1
instanceKlass org/apache/felix/scr/impl/inject/ReferenceMethod
instanceKlass org/apache/felix/scr/impl/inject/methods/BindMethods
instanceKlass org/apache/felix/scr/impl/inject/ReferenceMethods
instanceKlass org/apache/felix/scr/impl/inject/methods/BaseMethod$NotApplicable
instanceKlass org/apache/felix/scr/impl/inject/methods/BaseMethod$NotResolved
instanceKlass org/apache/felix/scr/impl/inject/methods/BaseMethod$State
instanceKlass org/apache/felix/scr/impl/inject/BaseParameter
instanceKlass org/apache/felix/scr/impl/inject/methods/BaseMethod
instanceKlass org/eclipse/core/internal/content/ContentTypeMatcher
instanceKlass org/eclipse/core/runtime/content/IContentTypeManager
instanceKlass org/eclipse/core/runtime/content/IContentTypeMatcher
instanceKlass org/apache/felix/scr/impl/helper/ComponentServiceObjectsHelper
instanceKlass org/apache/felix/scr/impl/manager/EdgeInfo
instanceKlass org/apache/felix/scr/impl/manager/ComponentContextImpl$ComponentInstanceImpl
instanceKlass org/osgi/service/component/ComponentInstance
instanceKlass org/apache/felix/scr/impl/manager/ComponentContextImpl
instanceKlass org/osgi/util/promise/DeferredPromiseImpl$ResolveWith
instanceKlass  @bci org/osgi/util/promise/PromiseFactory$All run ()V 81 <appendix> member <vmtarget> ; # org/osgi/util/promise/PromiseFactory$All$$Lambda$86+0x0000000800cd6d88
instanceKlass  @cpi org/osgi/util/promise/PromiseFactory$All 144 form vmentry <vmtarget> ; # java/lang/invoke/LambdaForm$DMH+0x0000000800cdc000
instanceKlass org/osgi/util/promise/PromiseImpl$Result
instanceKlass org/osgi/util/promise/PromiseFactory$All
instanceKlass org/osgi/util/promise/PromiseImpl$InlineCallback
instanceKlass org/apache/felix/scr/impl/manager/RegistrationManager$RegStateWrapper
instanceKlass org/apache/felix/scr/impl/BundleComponentActivator$ListenerInfo
instanceKlass org/apache/felix/scr/impl/manager/ServiceTracker$AbstractTracked
instanceKlass org/apache/felix/scr/impl/manager/ExtendedServiceListener
instanceKlass org/apache/felix/scr/impl/manager/ServiceTracker
instanceKlass org/apache/felix/scr/impl/helper/Coercions
instanceKlass org/apache/felix/scr/impl/manager/DependencyManager$AbstractCustomizer
instanceKlass org/apache/felix/scr/impl/inject/RefPair
instanceKlass org/apache/felix/scr/impl/manager/DependencyManager$Customizer
instanceKlass org/apache/felix/scr/impl/manager/ServiceTrackerCustomizer
instanceKlass org/apache/felix/scr/impl/inject/OpenStatus
instanceKlass org/apache/felix/scr/impl/manager/DependencyManager
instanceKlass org/apache/felix/scr/impl/manager/ReferenceManager
instanceKlass org/osgi/util/promise/Deferred
instanceKlass org/apache/felix/scr/impl/inject/ScrComponentContext
instanceKlass org/apache/felix/scr/component/ExtComponentContext
instanceKlass org/apache/felix/scr/impl/manager/SingleComponentManager$SetImplementationObject
instanceKlass org/apache/felix/scr/impl/manager/RegistrationManager
instanceKlass org/apache/felix/scr/impl/helper/ConfigAdminTracker$1
instanceKlass org/apache/felix/scr/impl/helper/ConfigAdminTracker
instanceKlass java/util/Timer$ThreadReaper
instanceKlass java/util/TaskQueue
instanceKlass java/util/Timer
instanceKlass org/apache/felix/scr/impl/inject/ComponentConstructor
instanceKlass org/apache/felix/scr/impl/inject/LifecycleMethod
instanceKlass org/apache/felix/scr/impl/inject/internal/ComponentMethodsImpl
instanceKlass org/apache/felix/scr/impl/metadata/TargetedPID
instanceKlass java/util/concurrent/CompletionStage
instanceKlass org/osgi/util/promise/PromiseImpl
instanceKlass org/osgi/util/promise/Promise
instanceKlass org/osgi/util/promise/PromiseFactory
instanceKlass org/osgi/util/promise/Promises
instanceKlass org/apache/felix/scr/impl/inject/ComponentMethods
instanceKlass org/osgi/service/component/ComponentFactory
instanceKlass org/apache/felix/scr/impl/manager/AbstractComponentManager
instanceKlass org/apache/felix/scr/impl/manager/ComponentManager
instanceKlass org/apache/felix/scr/impl/manager/ConfigurableComponentHolder
instanceKlass org/apache/felix/scr/impl/manager/ComponentContainer
instanceKlass org/apache/felix/scr/impl/ComponentRegistryKey
instanceKlass org/apache/felix/scr/impl/metadata/PropertyMetadata
instanceKlass org/apache/felix/scr/impl/metadata/ReferenceMetadata
instanceKlass org/apache/felix/scr/impl/metadata/ServiceMetadata
instanceKlass org/apache/felix/scr/impl/metadata/ComponentMetadata
instanceKlass org/apache/felix/scr/impl/xml/XmlConstants
instanceKlass com/sun/org/apache/xerces/internal/impl/Constants$ArrayEnumeration
instanceKlass com/sun/org/apache/xerces/internal/impl/Constants
instanceKlass com/sun/org/apache/xerces/internal/parsers/AbstractSAXParser$LocatorProxy
instanceKlass org/xml/sax/ext/Locator2
instanceKlass org/xml/sax/Locator
instanceKlass com/sun/org/apache/xerces/internal/util/XMLSymbols
instanceKlass com/sun/org/apache/xerces/internal/util/XMLChar
instanceKlass com/sun/xml/internal/stream/Entity
instanceKlass com/sun/xml/internal/stream/util/BufferAllocator
instanceKlass com/sun/xml/internal/stream/util/ThreadLocalBufferAllocator
instanceKlass com/sun/org/apache/xerces/internal/impl/XMLEntityManager$EncodingInfo
instanceKlass com/sun/org/apache/xerces/internal/utils/XMLLimitAnalyzer
instanceKlass com/sun/org/apache/xerces/internal/xni/parser/XMLInputSource
instanceKlass com/sun/org/apache/xerces/internal/util/ErrorHandlerWrapper
instanceKlass com/sun/org/apache/xerces/internal/xni/parser/XMLErrorHandler
instanceKlass com/sun/org/apache/xerces/internal/impl/ExternalSubsetResolver
instanceKlass com/sun/org/apache/xerces/internal/util/EntityResolverWrapper
instanceKlass org/xml/sax/ext/EntityResolver2
instanceKlass org/xml/sax/InputSource
instanceKlass com/sun/org/apache/xerces/internal/parsers/AbstractSAXParser$AttributesProxy
instanceKlass org/xml/sax/ext/Attributes2
instanceKlass org/xml/sax/Attributes
instanceKlass org/xml/sax/AttributeList
instanceKlass com/sun/org/apache/xerces/internal/util/FeatureState
instanceKlass com/sun/org/apache/xerces/internal/util/PropertyState
instanceKlass com/sun/org/apache/xerces/internal/impl/msg/XMLMessageFormatter
instanceKlass com/sun/org/apache/xerces/internal/util/MessageFormatter
instanceKlass com/sun/org/apache/xerces/internal/impl/XMLVersionDetector
instanceKlass com/sun/org/apache/xerces/internal/impl/validation/ValidationManager
instanceKlass com/sun/org/apache/xerces/internal/impl/dv/dtd/NMTOKENDatatypeValidator
instanceKlass com/sun/org/apache/xerces/internal/impl/dv/dtd/NOTATIONDatatypeValidator
instanceKlass com/sun/org/apache/xerces/internal/impl/dv/dtd/ENTITYDatatypeValidator
instanceKlass com/sun/org/apache/xerces/internal/impl/dv/dtd/ListDatatypeValidator
instanceKlass com/sun/org/apache/xerces/internal/impl/dv/dtd/IDREFDatatypeValidator
instanceKlass com/sun/org/apache/xerces/internal/impl/dv/dtd/IDDatatypeValidator
instanceKlass com/sun/org/apache/xerces/internal/impl/dv/dtd/StringDatatypeValidator
instanceKlass com/sun/org/apache/xerces/internal/impl/dv/DatatypeValidator
instanceKlass com/sun/org/apache/xerces/internal/impl/dv/DTDDVFactory
instanceKlass com/sun/org/apache/xerces/internal/impl/dtd/DTDGrammarBucket
instanceKlass com/sun/org/apache/xerces/internal/impl/dtd/XMLAttributeDecl
instanceKlass com/sun/org/apache/xerces/internal/impl/dtd/XMLSimpleType
instanceKlass com/sun/org/apache/xerces/internal/impl/dtd/XMLElementDecl
instanceKlass com/sun/org/apache/xerces/internal/impl/validation/ValidationState
instanceKlass com/sun/org/apache/xerces/internal/impl/dv/ValidationContext
instanceKlass com/sun/org/apache/xerces/internal/impl/dtd/XMLDTDValidator
instanceKlass com/sun/org/apache/xerces/internal/impl/RevalidationHandler
instanceKlass com/sun/org/apache/xerces/internal/impl/dtd/XMLDTDValidatorFilter
instanceKlass com/sun/org/apache/xerces/internal/xni/parser/XMLDocumentFilter
instanceKlass com/sun/org/apache/xerces/internal/impl/dtd/XMLEntityDecl
instanceKlass com/sun/org/apache/xerces/internal/impl/dtd/XMLDTDProcessor
instanceKlass com/sun/org/apache/xerces/internal/xni/parser/XMLDTDContentModelFilter
instanceKlass com/sun/org/apache/xerces/internal/xni/parser/XMLDTDFilter
instanceKlass com/sun/org/apache/xerces/internal/xni/parser/XMLDTDScanner
instanceKlass com/sun/org/apache/xerces/internal/xni/parser/XMLDTDContentModelSource
instanceKlass com/sun/org/apache/xerces/internal/xni/parser/XMLDTDSource
instanceKlass com/sun/org/apache/xerces/internal/xni/grammars/XMLDTDDescription
instanceKlass com/sun/org/apache/xerces/internal/xni/grammars/XMLGrammarDescription
instanceKlass com/sun/org/apache/xerces/internal/impl/XMLDocumentScannerImpl$TrailingMiscDriver
instanceKlass com/sun/org/apache/xerces/internal/impl/XMLDocumentScannerImpl$PrologDriver
instanceKlass com/sun/org/apache/xerces/internal/impl/XMLDocumentScannerImpl$XMLDeclDriver
instanceKlass com/sun/org/apache/xerces/internal/util/NamespaceSupport
instanceKlass com/sun/org/apache/xerces/internal/xni/NamespaceContext
instanceKlass com/sun/org/apache/xerces/internal/util/XMLAttributesImpl$Attribute
instanceKlass com/sun/org/apache/xerces/internal/util/XMLAttributesImpl
instanceKlass com/sun/org/apache/xerces/internal/xni/XMLAttributes
instanceKlass com/sun/org/apache/xerces/internal/impl/XMLDocumentFragmentScannerImpl$FragmentContentDriver
instanceKlass com/sun/org/apache/xerces/internal/impl/XMLDocumentFragmentScannerImpl$Driver
instanceKlass com/sun/org/apache/xerces/internal/impl/XMLDocumentFragmentScannerImpl$ElementStack2
instanceKlass com/sun/org/apache/xerces/internal/xni/QName
instanceKlass com/sun/org/apache/xerces/internal/impl/XMLDocumentFragmentScannerImpl$ElementStack
instanceKlass com/sun/org/apache/xerces/internal/xni/XMLString
instanceKlass com/sun/org/apache/xerces/internal/impl/XMLScanner
instanceKlass com/sun/xml/internal/stream/XMLBufferListener
instanceKlass com/sun/org/apache/xerces/internal/impl/XMLEntityHandler
instanceKlass com/sun/org/apache/xerces/internal/xni/parser/XMLDocumentScanner
instanceKlass com/sun/org/apache/xerces/internal/xni/parser/XMLDocumentSource
instanceKlass com/sun/org/apache/xerces/internal/impl/XMLErrorReporter
instanceKlass com/sun/org/apache/xerces/internal/impl/XMLEntityScanner
instanceKlass com/sun/org/apache/xerces/internal/xni/XMLLocator
instanceKlass com/sun/xml/internal/stream/XMLEntityStorage
instanceKlass com/sun/org/apache/xerces/internal/util/AugmentationsImpl$AugmentationsItemsContainer
instanceKlass com/sun/org/apache/xerces/internal/util/AugmentationsImpl
instanceKlass com/sun/org/apache/xerces/internal/xni/Augmentations
instanceKlass com/sun/org/apache/xerces/internal/util/XMLResourceIdentifierImpl
instanceKlass com/sun/org/apache/xerces/internal/xni/XMLResourceIdentifier
instanceKlass com/sun/org/apache/xerces/internal/impl/XMLEntityManager
instanceKlass com/sun/org/apache/xerces/internal/xni/parser/XMLEntityResolver
instanceKlass com/sun/org/apache/xerces/internal/xni/parser/XMLComponent
instanceKlass com/sun/org/apache/xerces/internal/util/SymbolTable$Entry
instanceKlass com/sun/org/apache/xerces/internal/util/SymbolTable
instanceKlass jdk/xml/internal/JdkConstants
instanceKlass jdk/xml/internal/JdkXmlUtils
instanceKlass com/sun/org/apache/xerces/internal/util/ParserConfigurationSettings
instanceKlass com/sun/org/apache/xerces/internal/parsers/XML11Configurable
instanceKlass com/sun/org/apache/xerces/internal/xni/parser/XMLPullParserConfiguration
instanceKlass com/sun/org/apache/xerces/internal/xni/parser/XMLParserConfiguration
instanceKlass com/sun/org/apache/xerces/internal/xni/parser/XMLComponentManager
instanceKlass com/sun/org/apache/xerces/internal/parsers/XMLParser
instanceKlass com/sun/org/apache/xerces/internal/xni/XMLDTDContentModelHandler
instanceKlass com/sun/org/apache/xerces/internal/xni/XMLDTDHandler
instanceKlass com/sun/org/apache/xerces/internal/xni/XMLDocumentHandler
instanceKlass org/xml/sax/XMLReader
instanceKlass org/xml/sax/Parser
instanceKlass com/sun/org/apache/xerces/internal/utils/XMLSecurityPropertyManager
instanceKlass  @bci jdk/xml/internal/SecuritySupport isFileExists (Ljava/io/File;)Z 1 <appendix> member <vmtarget> ; # jdk/xml/internal/SecuritySupport$$Lambda$85+0x0000000800ce4bc8
instanceKlass com/sun/org/apache/xerces/internal/utils/XMLSecurityManager
instanceKlass javax/xml/parsers/SAXParser
instanceKlass com/sun/org/apache/xerces/internal/xs/PSVIProvider
instanceKlass com/sun/org/apache/xerces/internal/jaxp/JAXPConstants
instanceKlass  @bci javax/xml/parsers/FactoryFinder newInstance (Ljava/lang/Class;Ljava/lang/String;Ljava/lang/ClassLoader;ZZ)Ljava/lang/Object; 104 <appendix> member <vmtarget> ; # javax/xml/parsers/FactoryFinder$$Lambda$84+0x0000000800ce3670
instanceKlass  @bci jdk/xml/internal/SecuritySupport getContextClassLoader ()Ljava/lang/ClassLoader; 0 <appendix> argL0 ; # jdk/xml/internal/SecuritySupport$$Lambda$83+0x0000000800ce3218
instanceKlass  @bci javax/xml/parsers/FactoryFinder find (Ljava/lang/Class;Ljava/lang/String;)Ljava/lang/Object; 219 <appendix> member <vmtarget> ; # javax/xml/parsers/FactoryFinder$$Lambda$82+0x0000000800ce3008
instanceKlass javax/xml/parsers/FactoryFinder$1
instanceKlass  @bci jdk/xml/internal/SecuritySupport doesFileExist (Ljava/io/File;)Z 1 <appendix> member <vmtarget> ; # jdk/xml/internal/SecuritySupport$$Lambda$81+0x0000000800ce2be0
instanceKlass  @bci org/eclipse/core/internal/preferences/EclipsePreferences absolutePath ()Ljava/lang/String; 66 <appendix> form vmentry <vmtarget> ; # java/lang/invoke/LambdaForm$MH+0x0000000800cce800
# instanceKlass java/lang/invoke/LambdaForm$MH+0x0000000800cce400
instanceKlass  @bci org/eclipse/core/internal/preferences/EclipsePreferences absolutePath ()Ljava/lang/String; 66 <appendix> argL3 form vmentry <vmtarget> ; # java/lang/invoke/LambdaForm$MH+0x0000000800cce000
# instanceKlass java/lang/invoke/LambdaForm$MH+0x0000000800ccdc00
# instanceKlass java/lang/invoke/LambdaForm$MH+0x0000000800ccd800
# instanceKlass java/lang/invoke/LambdaForm$MH+0x0000000800ccd400
# instanceKlass java/lang/invoke/LambdaForm$MH+0x0000000800ccd000
instanceKlass  @bci org/eclipse/core/internal/preferences/EclipsePreferences absolutePath ()Ljava/lang/String; 66 <appendix> argL1 form vmentry <vmtarget> ; # java/lang/invoke/LambdaForm$MH+0x0000000800cccc00
# instanceKlass java/lang/invoke/LambdaForm$MH+0x0000000800ccc800
# instanceKlass java/lang/invoke/LambdaForm$MH+0x0000000800ccc400
# instanceKlass java/lang/invoke/LambdaForm$MH+0x0000000800ccc000
instanceKlass  @bci javax/xml/parsers/FactoryFinder find (Ljava/lang/Class;Ljava/lang/String;)Ljava/lang/Object; 6 <appendix> member <vmtarget> ; # javax/xml/parsers/FactoryFinder$$Lambda$80+0x0000000800ce29d0
instanceKlass  @bci jdk/xml/internal/SecuritySupport getSystemProperty (Ljava/lang/String;)Ljava/lang/String; 1 <appendix> member <vmtarget> ; # jdk/xml/internal/SecuritySupport$$Lambda$79+0x0000000800ce27c0
instanceKlass jdk/xml/internal/SecuritySupport
instanceKlass javax/xml/parsers/FactoryFinder
instanceKlass javax/xml/parsers/SAXParserFactory
instanceKlass  @bci org/eclipse/osgi/storage/Storage lambda$7 (Ljava/util/List;Ljava/lang/String;)Ljava/util/stream/Stream; 7 <appendix> member <vmtarget> ; # org/eclipse/osgi/storage/Storage$$Lambda$78+0x0000000800cc6be8
instanceKlass  @bci java/util/stream/StreamSpliterators$WrappingSpliterator initPartialTraversalState ()V 37 <appendix> member <vmtarget> ; # java/util/stream/StreamSpliterators$WrappingSpliterator$$Lambda$77+0x0000000800ce1d38
instanceKlass java/util/function/BooleanSupplier
instanceKlass  @bci java/util/stream/StreamSpliterators$WrappingSpliterator initPartialTraversalState ()V 24 <appendix> member <vmtarget> ; # java/util/stream/StreamSpliterators$WrappingSpliterator$$Lambda$76+0x0000000800ce18b8
instanceKlass java/util/stream/StreamSpliterators
instanceKlass java/util/stream/AbstractSpinedBuffer
instanceKlass org/eclipse/osgi/internal/container/InternalUtils$1
instanceKlass java/util/stream/StreamSpliterators$AbstractWrappingSpliterator
instanceKlass  @bci java/util/stream/AbstractPipeline spliterator ()Ljava/util/Spliterator; 103 <appendix> member <vmtarget> ; # java/util/stream/AbstractPipeline$$Lambda$75+0x0000000800ce0af0
instanceKlass  @bci org/eclipse/osgi/storage/Storage findEntries (Ljava/util/List;Ljava/lang/String;Ljava/lang/String;I)Ljava/util/Enumeration; 101 <appendix> argL0 ; # org/eclipse/osgi/storage/Storage$$Lambda$74+0x0000000800cc6778
instanceKlass  @bci org/eclipse/osgi/storage/Storage findEntries (Ljava/util/List;Ljava/lang/String;Ljava/lang/String;I)Ljava/util/Enumeration; 91 <appendix> member <vmtarget> ; # org/eclipse/osgi/storage/Storage$$Lambda$73+0x0000000800cb7d58
instanceKlass org/xml/sax/helpers/DefaultHandler
instanceKlass org/xml/sax/ErrorHandler
instanceKlass org/xml/sax/ContentHandler
instanceKlass org/xml/sax/DTDHandler
instanceKlass org/xml/sax/EntityResolver
instanceKlass org/apache/felix/scr/impl/BundleComponentActivator
instanceKlass org/apache/felix/scr/impl/manager/ComponentActivator
instanceKlass org/apache/felix/scr/impl/manager/ExtendedServiceListenerContext
instanceKlass java/util/AbstractList$Itr
instanceKlass org/eclipse/core/internal/runtime/IAdapterFactoryExt
instanceKlass org/eclipse/core/internal/runtime/AdapterFactoryBridge$LazyAdapterFactory
instanceKlass org/eclipse/core/internal/runtime/AdapterFactoryBridge
instanceKlass org/eclipse/core/runtime/IAdapterFactory
instanceKlass org/eclipse/core/internal/runtime/TracingOptions$1
instanceKlass org/eclipse/core/internal/runtime/TracingOptions
instanceKlass java/util/AbstractMap$1$1
instanceKlass java/util/ArrayList$ArrayListSpliterator
instanceKlass org/osgi/service/url/URLStreamHandlerService
instanceKlass  @bci org/eclipse/core/runtime/ServiceCaller current ()Ljava/util/Optional; 4 <appendix> argL0 ; # org/eclipse/core/runtime/ServiceCaller$$Lambda$72+0x0000000800cc0b40
instanceKlass  @bci org/python/pydev/ast/interpreter_managers/TypeshedLoader fillTypeshedFromDirInfo (Ljava/util/Map;Ljava/io/File;Ljava/lang/String;)V 105 <appendix> form vmentry <vmtarget> ; # java/lang/invoke/LambdaForm$MH+0x0000000800cc5400
instanceKlass java/lang/invoke/LambdaFormEditor$1
# instanceKlass java/lang/invoke/LambdaForm$MH+0x0000000800cc5000
instanceKlass  @bci org/python/pydev/ast/interpreter_managers/TypeshedLoader fillTypeshedFromDirInfo (Ljava/util/Map;Ljava/io/File;Ljava/lang/String;)V 105 <appendix> argL3 form vmentry <vmtarget> ; # java/lang/invoke/LambdaForm$MH+0x0000000800cc4c00
# instanceKlass java/lang/invoke/LambdaForm$MH+0x0000000800cc4800
# instanceKlass java/lang/invoke/LambdaForm$MH+0x0000000800cc4400
# instanceKlass java/lang/invoke/LambdaForm$MH+0x0000000800cc4000
instanceKlass  @bci org/python/pydev/parser/prettyprinterv2/PrettyPrinterPrefsV2 getOperatorMapping (I)Ljava/lang/String; 6 <appendix> argL2 form vmentry <vmtarget> ; # java/lang/invoke/LambdaForm$MH+0x0000000800cc3c00
# instanceKlass java/lang/invoke/LambdaForm$MH+0x0000000800cc3800
instanceKlass  @bci org/python/pydev/ast/interpreter_managers/TypeshedLoader fillTypeshedFromDirInfo (Ljava/util/Map;Ljava/io/File;Ljava/lang/String;)V 105 <appendix> argL1 form vmentry <vmtarget> ; # java/lang/invoke/LambdaForm$MH+0x0000000800cc3400
# instanceKlass java/lang/invoke/LambdaForm$MH+0x0000000800cc3000
instanceKlass  @bci org/python/pydev/parser/prettyprinterv2/PrettyPrinterPrefsV2 getOperatorMapping (I)Ljava/lang/String; 6 <appendix> argL1 form vmentry <vmtarget> ; # java/lang/invoke/LambdaForm$MH+0x0000000800cc2c00
# instanceKlass java/lang/invoke/LambdaForm$MH+0x0000000800cc2800
# instanceKlass java/lang/invoke/LambdaForm$MH+0x0000000800cc2400
# instanceKlass java/lang/invoke/LambdaForm$MH+0x0000000800cc2000
instanceKlass  @bci org/eclipse/core/runtime/ServiceCaller trackCurrent ()Ljava/util/Optional; 19 <appendix> member <vmtarget> ; # org/eclipse/core/runtime/ServiceCaller$$Lambda$71+0x0000000800cc0910
instanceKlass  @bci org/eclipse/core/runtime/ServiceCaller getCurrent ()Ljava/util/Optional; 12 <appendix> member <vmtarget> ; # org/eclipse/core/runtime/ServiceCaller$$Lambda$70+0x0000000800cc06e0
instanceKlass sun/invoke/util/VerifyAccess$1
instanceKlass org/eclipse/core/runtime/ServiceCaller$ReferenceAndService
instanceKlass java/util/concurrent/ConcurrentLinkedQueue$Node
instanceKlass org/eclipse/core/internal/runtime/AdapterManager
instanceKlass org/eclipse/core/runtime/IAdapterManager
instanceKlass org/eclipse/core/internal/runtime/PlatformURLConverter
instanceKlass org/eclipse/core/internal/runtime/RuntimeLog
instanceKlass org/eclipse/core/runtime/IStatus
instanceKlass org/eclipse/core/internal/runtime/PlatformLogWriter
instanceKlass org/eclipse/osgi/internal/log/ExtendedLogReaderServiceImpl
instanceKlass  @bci org/eclipse/core/runtime/ServiceCaller <init> (Ljava/lang/Class;Ljava/lang/Class;Ljava/lang/String;)V 39 <appendix> argL0 ; # org/eclipse/core/runtime/ServiceCaller$$Lambda$69+0x0000000800cbec00
instanceKlass  @bci org/osgi/framework/FrameworkUtil getBundle (Ljava/lang/Class;)Lorg/osgi/framework/Bundle; 26 <appendix> member <vmtarget> ; # org/osgi/framework/FrameworkUtil$$Lambda$68+0x0000000800cb7700
instanceKlass  @bci org/osgi/framework/FrameworkUtil getBundle (Ljava/lang/Class;)Lorg/osgi/framework/Bundle; 17 <appendix> argL0 ; # org/osgi/framework/FrameworkUtil$$Lambda$67+0x0000000800cb74d8
instanceKlass  @bci org/osgi/framework/FrameworkUtil getBundle (Ljava/lang/Class;)Lorg/osgi/framework/Bundle; 1 <appendix> member <vmtarget> ; # org/osgi/framework/FrameworkUtil$$Lambda$66+0x0000000800cb72c8
instanceKlass  @bci org/osgi/framework/FrameworkUtil <clinit> ()V 27 <appendix> member <vmtarget> ; # org/osgi/framework/FrameworkUtil$$Lambda$65+0x0000000800cb70a8
instanceKlass org/osgi/framework/connect/FrameworkUtilHelper
instanceKlass  @bci org/osgi/framework/FrameworkUtil <clinit> ()V 8 <appendix> argL0 ; # org/osgi/framework/FrameworkUtil$$Lambda$64+0x0000000800cb6cb8
instanceKlass  @cpi java/io/ObjectInputFilter$Config 234 form vmentry <vmtarget> ; # java/lang/invoke/LambdaForm$DMH+0x0000000800cbe800
instanceKlass  @bci org/eclipse/core/runtime/ServiceCaller <init> (Ljava/lang/Class;Ljava/lang/Class;Ljava/lang/String;)V 31 <appendix> argL0 ; # org/eclipse/core/runtime/ServiceCaller$$Lambda$63+0x0000000800cbe478
instanceKlass org/osgi/framework/FrameworkUtil
instanceKlass org/eclipse/core/runtime/ServiceCaller
instanceKlass org/eclipse/core/internal/runtime/Activator
instanceKlass org/apache/felix/scr/impl/config/ScrMetaTypeProviderServiceFactory
instanceKlass org/apache/felix/scr/impl/config/ScrManagedServiceServiceFactory
instanceKlass org/apache/felix/scr/impl/ComponentCommands$2
instanceKlass org/apache/felix/scr/impl/ComponentCommands$1
instanceKlass org/apache/felix/scr/impl/ComponentCommands
instanceKlass org/eclipse/osgi/storage/ManifestLocalization$BundleResourceBundle
instanceKlass org/eclipse/osgi/storage/ManifestLocalization
instanceKlass org/apache/felix/scr/impl/Activator$ScrExtension
instanceKlass org/apache/felix/scr/impl/ComponentActorThread$1
instanceKlass org/apache/felix/scr/impl/ComponentActorThread
instanceKlass org/apache/felix/scr/impl/runtime/ServiceComponentRuntimeImpl
instanceKlass org/apache/felix/scr/impl/manager/RegionConfigurationSupport
instanceKlass org/apache/felix/scr/impl/manager/ComponentHolder
instanceKlass java/util/TimerTask
instanceKlass org/apache/felix/scr/impl/ComponentRegistry
instanceKlass org/osgi/util/tracker/BundleTracker
instanceKlass org/apache/felix/scr/impl/logger/ScrLogManager$1
instanceKlass org/apache/felix/scr/impl/logger/LogManager$LogDomain
instanceKlass org/apache/felix/scr/impl/logger/LogManager$Lock
instanceKlass org/apache/felix/scr/impl/logger/LogManager$LoggerFacade
instanceKlass org/apache/felix/scr/impl/logger/BundleLogger
instanceKlass org/apache/felix/scr/impl/logger/ComponentLogger
instanceKlass org/apache/felix/scr/impl/logger/ScrLogger
instanceKlass org/apache/felix/scr/impl/logger/InternalLogger
instanceKlass org/apache/felix/scr/impl/logger/ScrLoggerFactory
instanceKlass org/osgi/service/component/ComponentContext
instanceKlass org/osgi/service/component/ComponentServiceObjects
instanceKlass org/apache/felix/scr/impl/inject/internal/ClassUtils
instanceKlass org/apache/felix/scr/impl/config/ScrConfigurationImpl
instanceKlass org/osgi/service/component/runtime/ServiceComponentRuntime
instanceKlass org/apache/felix/scr/impl/manager/ScrConfiguration
instanceKlass org/apache/felix/scr/impl/logger/LogConfiguration
instanceKlass org/apache/felix/scr/impl/AbstractExtender
instanceKlass org/osgi/util/tracker/BundleTrackerCustomizer
# instanceKlass java/lang/invoke/LambdaForm$MH+0x0000000800cb2400
# instanceKlass java/lang/invoke/LambdaForm$MH+0x0000000800cb2000
instanceKlass org/eclipse/osgi/framework/eventmgr/EventManager$EventThread$Queued
instanceKlass  @bci org/eclipse/osgi/framework/eventmgr/EventManager getEventThread ()Lorg/eclipse/osgi/framework/eventmgr/EventManager$EventThread; 24 <appendix> member <vmtarget> ; # org/eclipse/osgi/framework/eventmgr/EventManager$$Lambda$62+0x0000000800cb5368
instanceKlass org/eclipse/equinox/internal/simpleconfigurator/console/ConfiguratorCommandProvider
instanceKlass org/eclipse/osgi/framework/console/CommandProvider
instanceKlass org/eclipse/osgi/internal/framework/EquinoxBundle$1
instanceKlass org/eclipse/equinox/internal/simpleconfigurator/SimpleConfiguratorFactory
instanceKlass java/util/Collections$ReverseComparator2
instanceKlass java/util/Collections$ReverseComparator
instanceKlass  @bci java/util/Comparator comparing (Ljava/util/function/Function;)Ljava/util/Comparator; 6 <appendix> member <vmtarget> ; # java/util/Comparator$$Lambda$61+0x0000000800c3dac0
instanceKlass  @bci org/eclipse/osgi/internal/framework/legacy/PackageAdminImpl getBundles (Ljava/lang/String;Ljava/lang/String;)[Lorg/osgi/framework/Bundle; 281 <appendix> argL0 ; # org/eclipse/osgi/internal/framework/legacy/PackageAdminImpl$$Lambda$60+0x0000000800cb4a28
instanceKlass  @bci org/eclipse/osgi/internal/framework/FilterImpl$Equal compare_Version (Lorg/osgi/framework/Version;)Z 3 <appendix> argL0 ; # org/eclipse/osgi/internal/framework/FilterImpl$Equal$$Lambda$59+0x0000000800cb4800
instanceKlass org/osgi/framework/VersionRange
instanceKlass org/eclipse/equinox/internal/simpleconfigurator/utils/BundleInfo
instanceKlass sun/net/DefaultProgressMeteringPolicy
instanceKlass sun/net/ProgressMeteringPolicy
instanceKlass sun/net/ProgressMonitor
instanceKlass org/eclipse/equinox/internal/simpleconfigurator/utils/SimpleConfiguratorUtils
instanceKlass org/osgi/dto/DTO
instanceKlass org/eclipse/equinox/internal/simpleconfigurator/utils/URIUtil
instanceKlass org/eclipse/equinox/internal/simpleconfigurator/ConfigApplier
instanceKlass org/eclipse/equinox/internal/simpleconfigurator/utils/EquinoxUtils
instanceKlass org/eclipse/equinox/internal/simpleconfigurator/utils/Utils
instanceKlass org/eclipse/equinox/internal/simpleconfigurator/SimpleConfiguratorImpl
instanceKlass org/eclipse/equinox/internal/provisional/configurator/Configurator
instanceKlass org/eclipse/osgi/internal/loader/ModuleClassLoader$DefineClassResult
instanceKlass org/eclipse/equinox/internal/simpleconfigurator/Activator
instanceKlass org/osgi/framework/hooks/weaving/WeavingHook
instanceKlass org/eclipse/osgi/internal/weaving/WeavingHookConfigurator$WovenClassContext
instanceKlass org/eclipse/osgi/internal/weaving/WovenClassImpl
instanceKlass org/osgi/framework/hooks/weaving/WovenClass
instanceKlass org/eclipse/osgi/internal/loader/classpath/ClasspathManager$DefineContext
instanceKlass org/eclipse/osgi/internal/loader/BundleLoader$3
instanceKlass  @bci org/eclipse/osgi/internal/framework/EquinoxEventPublisher notifyEventHooksPrivileged (Lorg/osgi/framework/BundleEvent;Ljava/util/Collection;)V 89 <appendix> member <vmtarget> ; # org/eclipse/osgi/internal/framework/EquinoxEventPublisher$$Lambda$58+0x0000000800cad5c8
instanceKlass org/osgi/framework/hooks/bundle/EventHook
instanceKlass org/eclipse/osgi/container/ModuleContainer$ContainerStartLevel$2
instanceKlass java/util/concurrent/CountDownLatch
instanceKlass org/eclipse/osgi/internal/framework/EquinoxContainerAdaptor$1$1
instanceKlass  @bci org/eclipse/osgi/internal/framework/BundleContextImpl notifyFindHooksPriviledged (Lorg/eclipse/osgi/internal/framework/BundleContextImpl;Ljava/util/Collection;)V 66 <appendix> member <vmtarget> ; # org/eclipse/osgi/internal/framework/BundleContextImpl$$Lambda$57+0x0000000800cac7a0
instanceKlass org/osgi/framework/hooks/bundle/FindHook
instanceKlass org/eclipse/osgi/framework/util/FilePath
instanceKlass sun/nio/ch/FileChannelImpl$Closer
instanceKlass sun/nio/fs/WindowsChannelFactory$Flags
instanceKlass sun/nio/fs/WindowsChannelFactory$1
instanceKlass sun/nio/fs/WindowsChannelFactory
instanceKlass org/eclipse/core/runtime/internal/adaptor/ConsoleManager
instanceKlass org/eclipse/core/runtime/internal/adaptor/DefaultStartupMonitor
instanceKlass org/eclipse/osgi/service/runnable/StartupMonitor
instanceKlass java/lang/Thread$Builder$OfVirtual
instanceKlass java/lang/Thread$Builder$OfPlatform
instanceKlass java/lang/Thread$Builder
instanceKlass org/eclipse/osgi/internal/serviceregistry/ServiceFactoryUse$1
instanceKlass java/util/LinkedList$ListItr
instanceKlass java/util/LinkedList$Node
instanceKlass org/eclipse/osgi/internal/resolver/StateImpl
instanceKlass org/eclipse/osgi/service/resolver/GenericDescription
instanceKlass org/eclipse/osgi/service/resolver/BundleDescription
instanceKlass org/eclipse/osgi/service/resolver/HostSpecification
instanceKlass org/eclipse/osgi/service/resolver/NativeCodeSpecification
instanceKlass org/eclipse/osgi/service/resolver/GenericSpecification
instanceKlass org/eclipse/osgi/service/resolver/NativeCodeDescription
instanceKlass org/eclipse/osgi/service/resolver/ExportPackageDescription
instanceKlass org/eclipse/osgi/service/resolver/BaseDescription
instanceKlass org/eclipse/osgi/service/resolver/ImportPackageSpecification
instanceKlass org/eclipse/osgi/service/resolver/BundleSpecification
instanceKlass org/eclipse/osgi/service/resolver/VersionConstraint
instanceKlass org/eclipse/osgi/internal/resolver/StateObjectFactoryImpl
instanceKlass org/eclipse/osgi/service/resolver/Resolver
instanceKlass org/eclipse/osgi/service/resolver/State
instanceKlass org/eclipse/osgi/service/resolver/StateObjectFactory
instanceKlass org/eclipse/osgi/compatibility/state/PlatformAdminImpl
instanceKlass org/eclipse/osgi/service/resolver/PlatformAdmin
instanceKlass org/eclipse/osgi/compatibility/state/Activator
instanceKlass org/eclipse/osgi/internal/serviceregistry/ServiceConsumer$2
instanceKlass org/eclipse/osgi/internal/serviceregistry/ServiceConsumer$1
instanceKlass org/eclipse/osgi/internal/serviceregistry/ServiceConsumer
instanceKlass org/eclipse/osgi/service/security/TrustEngine
instanceKlass org/eclipse/osgi/internal/signedcontent/SignedContentConstants
instanceKlass org/eclipse/osgi/internal/signedcontent/SignedBundleHook$1
instanceKlass org/eclipse/osgi/internal/framework/XMLParsingServiceFactory
instanceKlass org/eclipse/osgi/storage/BundleLocalizationImpl
instanceKlass org/eclipse/osgi/service/localization/BundleLocalization
instanceKlass org/eclipse/osgi/storage/url/BundleURLConverter
instanceKlass org/eclipse/osgi/service/urlconversion/URLConverter
instanceKlass org/apache/felix/resolver/Logger
instanceKlass org/apache/felix/resolver/util/OpenHashMap
instanceKlass org/apache/felix/resolver/ResolutionError
instanceKlass org/apache/felix/resolver/ResolverImpl
instanceKlass org/osgi/service/resolver/Resolver
instanceKlass org/eclipse/osgi/internal/framework/legacy/StartLevelImpl
instanceKlass org/eclipse/osgi/internal/framework/legacy/PackageAdminImpl
instanceKlass org/osgi/service/condition/ConditionImpl
instanceKlass org/osgi/service/condition/Condition
instanceKlass java/net/ContentHandler
instanceKlass java/net/ContentHandlerFactory
instanceKlass org/eclipse/osgi/internal/url/EquinoxFactoryManager
instanceKlass org/eclipse/osgi/internal/log/ConfigAdminListener
instanceKlass org/eclipse/osgi/internal/log/EventAdminAdapter
instanceKlass org/eclipse/osgi/internal/serviceregistry/ServiceRegistry$2
instanceKlass org/eclipse/osgi/framework/eventmgr/CopyOnWriteIdentityMap$Snapshot$SnapshotIterator
instanceKlass org/eclipse/osgi/framework/eventmgr/ListenerQueue
instanceKlass  @bci org/eclipse/osgi/internal/serviceregistry/ServiceRegistry notifyEventListenerHooksPrivileged (Lorg/osgi/framework/ServiceEvent;Ljava/util/Map;)V 71 <appendix> member <vmtarget> ; # org/eclipse/osgi/internal/serviceregistry/ServiceRegistry$$Lambda$56+0x0000000800ca4580
instanceKlass org/osgi/framework/hooks/service/EventListenerHook
instanceKlass  @bci org/eclipse/osgi/internal/serviceregistry/ServiceRegistry notifyEventHooksPrivileged (Lorg/osgi/framework/ServiceEvent;Ljava/util/Collection;)V 71 <appendix> member <vmtarget> ; # org/eclipse/osgi/internal/serviceregistry/ServiceRegistry$$Lambda$55+0x0000000800c9fc58
instanceKlass org/osgi/framework/hooks/service/EventHook
instanceKlass org/eclipse/osgi/framework/eventmgr/CopyOnWriteIdentityMap$Snapshot
instanceKlass org/osgi/framework/PrototypeServiceFactory
instanceKlass org/eclipse/osgi/framework/util/CaseInsensitiveDictionaryMap$CaseInsensitiveKey
instanceKlass org/eclipse/osgi/internal/serviceregistry/ServiceReferenceImpl
instanceKlass org/eclipse/osgi/internal/serviceregistry/ServiceUse
instanceKlass org/eclipse/osgi/internal/log/OrderedExecutor
instanceKlass  @bci org/eclipse/osgi/internal/serviceregistry/ServiceRegistry notifyFindHooksPrivileged (Lorg/eclipse/osgi/internal/framework/BundleContextImpl;Ljava/lang/String;Ljava/lang/String;ZLjava/util/Collection;)V 95 <adapter> ; # java/lang/invoke/LambdaForm$MH+0x0000000800ca1400
# instanceKlass java/lang/invoke/LambdaForm$DMH+0x0000000800ca1000
instanceKlass  @bci org/eclipse/osgi/internal/serviceregistry/ServiceRegistry notifyFindHooksPrivileged (Lorg/eclipse/osgi/internal/framework/BundleContextImpl;Ljava/lang/String;Ljava/lang/String;ZLjava/util/Collection;)V 95 <appendix> form vmentry <vmtarget> ; # java/lang/invoke/LambdaForm$DMH+0x0000000800ca0c00
instanceKlass  @bci org/eclipse/osgi/internal/serviceregistry/ServiceRegistry notifyFindHooksPrivileged (Lorg/eclipse/osgi/internal/framework/BundleContextImpl;Ljava/lang/String;Ljava/lang/String;ZLjava/util/Collection;)V 95 <appendix> member <vmtarget> ; # org/eclipse/osgi/internal/serviceregistry/ServiceRegistry$$Lambda$54+0x0000000800c9d128
instanceKlass  @cpi org/eclipse/osgi/internal/serviceregistry/ServiceRegistry 1083 form vmentry <vmtarget> ; # java/lang/invoke/LambdaForm$DMH+0x0000000800ca0800
instanceKlass org/osgi/framework/hooks/service/FindHook
instanceKlass org/eclipse/osgi/internal/serviceregistry/ShrinkableCollection
instanceKlass  @bci org/eclipse/osgi/internal/serviceregistry/ServiceRegistry notifyListenerHooksPrivileged (Ljava/util/Collection;Z)V 99 <appendix> form vmentry <vmtarget> ; # java/lang/invoke/LambdaForm$DMH+0x0000000800ca0400
instanceKlass  @bci org/eclipse/osgi/internal/serviceregistry/ServiceRegistry notifyListenerHooksPrivileged (Ljava/util/Collection;Z)V 99 <appendix> member <vmtarget> ; # org/eclipse/osgi/internal/serviceregistry/ServiceRegistry$$Lambda$53+0x0000000800c9c9b8
instanceKlass  @cpi org/eclipse/osgi/internal/serviceregistry/ServiceRegistry 1106 form vmentry <vmtarget> ; # java/lang/invoke/LambdaForm$DMH+0x0000000800ca0000
instanceKlass org/eclipse/osgi/internal/serviceregistry/HookContext
instanceKlass org/eclipse/osgi/framework/eventmgr/CopyOnWriteIdentityMap$Entry
instanceKlass org/eclipse/osgi/framework/eventmgr/CopyOnWriteIdentityMap
instanceKlass org/osgi/framework/UnfilteredServiceListener
instanceKlass org/eclipse/osgi/internal/serviceregistry/FilteredServiceListener
instanceKlass org/osgi/framework/hooks/service/ListenerHook$ListenerInfo
instanceKlass org/eclipse/osgi/internal/framework/FilterImpl$Parser
instanceKlass org/eclipse/osgi/internal/framework/FilterImpl
instanceKlass org/osgi/util/tracker/AbstractTracked
instanceKlass org/osgi/util/tracker/ServiceTracker
instanceKlass org/eclipse/osgi/internal/framework/BundleContextImpl$2
instanceKlass org/osgi/service/startlevel/StartLevel
instanceKlass org/osgi/service/packageadmin/PackageAdmin
instanceKlass org/eclipse/osgi/internal/framework/SystemBundleActivator
instanceKlass org/eclipse/osgi/internal/loader/classpath/TitleVersionVendor
instanceKlass org/eclipse/osgi/internal/loader/classpath/ManifestPackageAttributes
instanceKlass org/eclipse/osgi/internal/loader/classpath/ClasspathEntry$PDEData
instanceKlass org/eclipse/osgi/internal/loader/classpath/ClasspathEntry
instanceKlass org/eclipse/osgi/internal/loader/classpath/FragmentClasspath
instanceKlass org/eclipse/osgi/internal/loader/classpath/ClasspathManager
instanceKlass org/eclipse/osgi/internal/loader/BundleLoaderSources
instanceKlass org/eclipse/osgi/internal/loader/BundleLoader$1
instanceKlass org/eclipse/osgi/internal/loader/sources/PackageSource
instanceKlass java/lang/ApplicationShutdownHooks$1
instanceKlass java/lang/ApplicationShutdownHooks
instanceKlass java/util/concurrent/ForkJoinPool$2
instanceKlass jdk/internal/access/JavaUtilConcurrentFJPAccess
instanceKlass java/util/concurrent/ForkJoinPool$DefaultForkJoinWorkerThreadFactory
instanceKlass org/eclipse/osgi/internal/framework/StorageSaver$StorageSaverTask
instanceKlass java/util/concurrent/ForkJoinPool$WorkQueue
instanceKlass java/util/concurrent/ForkJoinPool$ForkJoinWorkerThreadFactory
instanceKlass org/eclipse/osgi/internal/framework/StorageSaver
instanceKlass java/util/concurrent/TimeUnit$1
instanceKlass java/lang/Thread$Constants$2
instanceKlass java/lang/Thread$Constants$1
instanceKlass java/util/concurrent/Executors$RunnableAdapter
instanceKlass java/util/concurrent/FutureTask$WaitNode
instanceKlass java/util/concurrent/FutureTask
instanceKlass java/util/concurrent/atomic/Striped64$1
instanceKlass jdk/internal/vm/ThreadContainers
instanceKlass jdk/internal/vm/StackableScope
instanceKlass java/util/concurrent/RunnableScheduledFuture
instanceKlass java/util/concurrent/ScheduledFuture
instanceKlass java/util/concurrent/Delayed
instanceKlass java/util/concurrent/RunnableFuture
instanceKlass java/util/concurrent/Future
instanceKlass java/util/concurrent/ThreadPoolExecutor$AbortPolicy
instanceKlass java/util/concurrent/AbstractExecutorService
instanceKlass java/util/concurrent/ScheduledExecutorService
instanceKlass java/util/concurrent/ExecutorService
instanceKlass java/util/concurrent/Executors
instanceKlass org/eclipse/osgi/internal/framework/ContextFinder$1
instanceKlass org/osgi/framework/ServiceObjects
instanceKlass org/eclipse/osgi/internal/framework/BundleContextImpl
instanceKlass org/osgi/framework/hooks/service/ListenerHook
instanceKlass org/eclipse/osgi/internal/serviceregistry/ServiceRegistrationImpl
instanceKlass org/osgi/framework/ServiceRegistration
instanceKlass org/eclipse/osgi/internal/serviceregistry/ServiceRegistry
instanceKlass org/eclipse/osgi/framework/eventmgr/EventManager
instanceKlass org/eclipse/osgi/internal/framework/EquinoxEventPublisher
# instanceKlass java/lang/invoke/LambdaForm$MH+0x0000000800c91c00
# instanceKlass java/lang/invoke/LambdaForm$MH+0x0000000800c91800
# instanceKlass java/lang/invoke/LambdaForm$MH+0x0000000800c91400
instanceKlass org/eclipse/osgi/storage/bundlefile/BundleEntry
instanceKlass java/util/TimSort
instanceKlass org/eclipse/osgi/container/ModuleDatabase$2
instanceKlass java/util/ArrayList$SubList$1
# instanceKlass java/lang/invoke/LambdaForm$MH+0x0000000800c91000
# instanceKlass java/lang/invoke/LambdaForm$MH+0x0000000800c90c00
# instanceKlass java/lang/invoke/LambdaForm$MH+0x0000000800c90800
# instanceKlass java/lang/invoke/LambdaForm$MH+0x0000000800c90400
instanceKlass  @cpi org/eclipse/core/internal/jobs/JobManager 1459 form vmentry <vmtarget> ; # java/lang/invoke/LambdaForm$DMH+0x0000000800c90000
instanceKlass java/lang/reflect/AnnotatedType
instanceKlass java/lang/reflect/TypeVariable
instanceKlass org/eclipse/osgi/container/ModuleWiring$LoaderInitializer
instanceKlass org/eclipse/osgi/container/ModuleWiring
instanceKlass org/eclipse/osgi/container/ModuleWire
instanceKlass org/osgi/framework/wiring/BundleWire
instanceKlass java/util/Collections$UnmodifiableMap$UnmodifiableEntrySet$UnmodifiableEntry
instanceKlass java/util/Collections$UnmodifiableMap$UnmodifiableEntrySet$1
instanceKlass org/eclipse/osgi/internal/container/Capabilities$NamespaceSet
instanceKlass org/eclipse/osgi/container/ModuleRequirement
instanceKlass org/osgi/framework/wiring/BundleRequirement
instanceKlass org/eclipse/osgi/container/ModuleRevision$2
instanceKlass org/eclipse/osgi/internal/container/NamespaceList$Builder$8
instanceKlass org/eclipse/osgi/container/ModuleCapability
instanceKlass org/osgi/framework/wiring/BundleCapability
instanceKlass org/osgi/resource/Capability
instanceKlass org/eclipse/osgi/internal/container/NamespaceList$3
instanceKlass org/eclipse/osgi/internal/container/NamespaceList$2
instanceKlass org/eclipse/osgi/internal/container/NamespaceList$1
instanceKlass org/eclipse/osgi/internal/container/NamespaceList
instanceKlass org/eclipse/osgi/container/ModuleRevision$1
instanceKlass org/osgi/framework/wiring/BundleWiring
instanceKlass org/osgi/resource/Wiring
instanceKlass org/eclipse/osgi/container/ModuleRevision
instanceKlass org/eclipse/osgi/container/ModuleRevisions
instanceKlass org/osgi/framework/wiring/BundleRevisions
instanceKlass org/eclipse/osgi/internal/framework/EquinoxBundle
instanceKlass org/eclipse/osgi/internal/container/NamespaceList$Builder$2
instanceKlass org/eclipse/osgi/container/ModuleRevisionBuilder$GenericInfo$1
instanceKlass org/eclipse/osgi/container/ModuleRevisionBuilder$GenericInfo
instanceKlass org/eclipse/osgi/container/ModuleRevisionBuilder
instanceKlass org/osgi/resource/Wire
instanceKlass org/eclipse/osgi/container/ModuleDatabase$Persistence
instanceKlass org/eclipse/osgi/container/ModuleContainer$ContainerStartLevel
instanceKlass org/eclipse/osgi/container/ModuleContainer$ContainerWiring
instanceKlass org/eclipse/osgi/container/ModuleResolver
instanceKlass org/eclipse/osgi/container/ModuleContainer$ResolutionLock
instanceKlass org/eclipse/osgi/internal/container/LockSet
instanceKlass org/osgi/framework/wiring/FrameworkWiring
instanceKlass org/osgi/resource/Requirement
instanceKlass org/osgi/framework/startlevel/FrameworkStartLevel
instanceKlass org/eclipse/osgi/report/resolution/ResolutionReport
instanceKlass org/eclipse/osgi/container/ModuleContainer
instanceKlass  @bci java/util/regex/Pattern negate (Ljava/util/regex/Pattern$CharPredicate;)Ljava/util/regex/Pattern$CharPredicate; 1 <appendix> member <vmtarget> ; # java/util/regex/Pattern$$Lambda$20+0x800000030
instanceKlass java/util/regex/Pattern$BitClass
instanceKlass org/eclipse/osgi/internal/container/Capabilities
instanceKlass org/eclipse/osgi/container/Module
instanceKlass org/osgi/framework/startlevel/BundleStartLevel
instanceKlass org/eclipse/osgi/container/ModuleDatabase
instanceKlass java/util/concurrent/LinkedBlockingQueue$Node
instanceKlass java/util/concurrent/RejectedExecutionHandler
instanceKlass org/eclipse/osgi/internal/framework/EquinoxContainerAdaptor$1
instanceKlass java/util/concurrent/SynchronousQueue$TransferStack$SNode
instanceKlass java/util/concurrent/SynchronousQueue$Transferer
instanceKlass java/util/concurrent/atomic/AtomicReference
instanceKlass org/eclipse/osgi/internal/container/AtomicLazyInitializer
instanceKlass org/eclipse/osgi/internal/framework/OSGiFrameworkHooks$BundleCollisionHook
instanceKlass org/osgi/framework/ServiceReference
instanceKlass org/osgi/framework/hooks/resolver/ResolverHook
instanceKlass org/eclipse/osgi/internal/framework/OSGiFrameworkHooks$CoreResolverHookFactory
instanceKlass org/osgi/framework/hooks/resolver/ResolverHookFactory
instanceKlass org/eclipse/osgi/container/ModuleCollisionHook
instanceKlass org/eclipse/osgi/internal/framework/OSGiFrameworkHooks
instanceKlass org/eclipse/osgi/container/ModuleContainerAdaptor$1
instanceKlass org/eclipse/osgi/container/ModuleLoader
instanceKlass java/util/concurrent/Callable
instanceKlass java/util/concurrent/BlockingQueue
instanceKlass java/util/concurrent/Executor
instanceKlass org/eclipse/osgi/internal/permadmin/SecurityRow
instanceKlass org/eclipse/osgi/internal/permadmin/PermissionAdminTable
instanceKlass org/osgi/service/permissionadmin/PermissionInfo
instanceKlass org/osgi/service/condpermadmin/ConditionalPermissionUpdate
instanceKlass org/osgi/service/condpermadmin/ConditionalPermissionInfo
instanceKlass org/eclipse/osgi/internal/permadmin/SecurityAdmin
instanceKlass org/osgi/service/condpermadmin/ConditionalPermissionAdmin
instanceKlass org/osgi/service/permissionadmin/PermissionAdmin
instanceKlass org/eclipse/osgi/storage/PermissionData
instanceKlass  @bci org/eclipse/osgi/storage/Storage connectPersistentBundles (Ljava/util/List;)V 2 <appendix> member <vmtarget> ; # org/eclipse/osgi/storage/Storage$$Lambda$51+0x0000000800c844c8
instanceKlass  @cpi java/util/logging/LogRecord 356 form vmentry <vmtarget> ; # java/lang/invoke/LambdaForm$DMH+0x0000000800c82c00
instanceKlass org/eclipse/osgi/storage/BundleInfo$Generation
instanceKlass org/eclipse/osgi/storage/BundleInfo
instanceKlass org/eclipse/osgi/framework/util/ObjectPool
instanceKlass org/eclipse/osgi/storagemanager/StorageManager$Entry
instanceKlass org/eclipse/osgi/framework/internal/reliablefile/ReliableFile$CacheInfo
instanceKlass java/util/ComparableTimSort
instanceKlass java/util/Arrays$LegacyMergeSort
instanceKlass java/lang/Shutdown$Lock
instanceKlass java/lang/Shutdown
instanceKlass java/io/DeleteOnExitHook$1
instanceKlass java/io/DeleteOnExitHook
instanceKlass  @bci org/eclipse/osgi/framework/internal/reliablefile/ReliableFile createTempFile (Ljava/lang/String;Ljava/lang/String;Ljava/io/File;)Ljava/io/File; 61 <appendix> argL0 ; # org/eclipse/osgi/framework/internal/reliablefile/ReliableFile$$Lambda$50+0x0000000800c1e6c8
instanceKlass java/util/function/IntUnaryOperator
instanceKlass org/eclipse/osgi/framework/internal/reliablefile/ReliableFile
instanceKlass sun/nio/ch/FileKey
instanceKlass sun/nio/ch/FileLockTable
instanceKlass sun/nio/ch/NativeThread
instanceKlass java/nio/channels/FileLock
instanceKlass sun/nio/ch/NativeDispatcher
instanceKlass sun/nio/ch/NativeThreadSet
instanceKlass sun/nio/ch/IOUtil
instanceKlass java/nio/file/attribute/FileAttribute
instanceKlass java/nio/channels/spi/AbstractInterruptibleChannel
instanceKlass java/nio/channels/InterruptibleChannel
instanceKlass java/nio/channels/ScatteringByteChannel
instanceKlass java/nio/channels/GatheringByteChannel
instanceKlass java/nio/channels/SeekableByteChannel
instanceKlass java/nio/channels/ByteChannel
instanceKlass java/nio/channels/WritableByteChannel
instanceKlass java/nio/channels/ReadableByteChannel
instanceKlass java/nio/channels/Channel
instanceKlass org/eclipse/osgi/internal/location/Locker_JavaNio
instanceKlass org/eclipse/osgi/storagemanager/StorageManager
instanceKlass java/util/HashMap$HashMapSpliterator
instanceKlass  @bci java/lang/SecurityManager nonExportedPkgs (Ljava/lang/module/ModuleDescriptor;)Ljava/util/Set; 92 <appendix> member <vmtarget> ; # java/lang/SecurityManager$$Lambda$49+0x0000000800c2c668
instanceKlass  @bci java/lang/SecurityManager nonExportedPkgs (Ljava/lang/module/ModuleDescriptor;)Ljava/util/Set; 76 <appendix> argL0 ; # java/lang/SecurityManager$$Lambda$48+0x0000000800c2c440
instanceKlass  @bci java/lang/SecurityManager nonExportedPkgs (Ljava/lang/module/ModuleDescriptor;)Ljava/util/Set; 66 <appendix> argL0 ; # java/lang/SecurityManager$$Lambda$47+0x0000000800c2c208
instanceKlass  @bci java/lang/SecurityManager nonExportedPkgs (Ljava/lang/module/ModuleDescriptor;)Ljava/util/Set; 47 <appendix> member <vmtarget> ; # java/lang/SecurityManager$$Lambda$46+0x0000000800c2bfe8
instanceKlass  @bci java/lang/SecurityManager nonExportedPkgs (Ljava/lang/module/ModuleDescriptor;)Ljava/util/Set; 31 <appendix> argL0 ; # java/lang/SecurityManager$$Lambda$45+0x0000000800c2bdc0
instanceKlass  @bci java/lang/SecurityManager nonExportedPkgs (Ljava/lang/module/ModuleDescriptor;)Ljava/util/Set; 21 <appendix> argL0 ; # java/lang/SecurityManager$$Lambda$44+0x0000000800c2bb88
instanceKlass  @cpi java/lang/SecurityManager 391 form vmentry <vmtarget> ; # java/lang/invoke/LambdaForm$DMH+0x0000000800c82800
instanceKlass  @bci java/lang/SecurityManager addNonExportedPackages (Ljava/lang/ModuleLayer;)V 59 <appendix> argL0 ; # java/lang/SecurityManager$$Lambda$43+0x0000000800c2b970
instanceKlass  @cpi java/lang/SecurityManager 357 form vmentry <vmtarget> ; # java/lang/invoke/LambdaForm$DMH+0x0000000800c82400
instanceKlass  @cpi org/eclipse/lsp4j/jsonrpc/json/MessageJsonHandler 215 form vmentry <vmtarget> ; # java/lang/invoke/LambdaForm$DMH+0x0000000800c82000
instanceKlass  @bci java/lang/SecurityManager addNonExportedPackages (Ljava/lang/ModuleLayer;)V 49 <appendix> argL0 ; # java/lang/SecurityManager$$Lambda$42+0x0000000800c2b748
instanceKlass  @cpi java/util/ResourceBundle$ResourceBundleControlProviderHolder 109 form vmentry <vmtarget> ; # java/lang/invoke/LambdaForm$DMH+0x0000000800c81c00
instanceKlass  @bci java/lang/SecurityManager addNonExportedPackages (Ljava/lang/ModuleLayer;)V 39 <appendix> argL0 ; # java/lang/SecurityManager$$Lambda$41+0x0000000800c2b520
instanceKlass  @bci java/lang/SecurityManager addNonExportedPackages (Ljava/lang/ModuleLayer;)V 29 <appendix> member <vmtarget> ; # java/lang/SecurityManager$$Lambda$40+0x0000000800c2b2e0
instanceKlass  @cpi java/lang/SecurityManager 325 form vmentry <vmtarget> ; # java/lang/invoke/LambdaForm$DMH+0x0000000800c81800
instanceKlass  @cpi org/eclipse/core/internal/content/ContentTypeBuilder 408 form vmentry <vmtarget> ; # java/lang/invoke/LambdaForm$DMH+0x0000000800c81400
instanceKlass  @bci java/lang/SecurityManager addNonExportedPackages (Ljava/lang/ModuleLayer;)V 17 <appendix> argL0 ; # java/lang/SecurityManager$$Lambda$39+0x0000000800c2b0b8
# instanceKlass java/net/SetAccessible+0x0000000800c81000
instanceKlass  @bci java/lang/invoke/BootstrapMethodInvoker invoke (Ljava/lang/Class;Ljava/lang/invoke/MethodHandle;Ljava/lang/String;Ljava/lang/Object;Ljava/lang/Object;Ljava/lang/Class;)Ljava/lang/Object; 462 <adapter> ; # java/lang/invoke/LambdaForm$MH+0x0000000800c80c00
# instanceKlass java/lang/invoke/LambdaForm$MH+0x0000000800c80800
# instanceKlass java/lang/invoke/LambdaForm$MH+0x0000000800c80400
# instanceKlass java/lang/invoke/LambdaForm$MH+0x0000000800c80000
# instanceKlass java/lang/invoke/LambdaForm$MH+0x0000000800c1bc00
# instanceKlass java/lang/invoke/LambdaForm$MH+0x0000000800c1b800
# instanceKlass java/lang/invoke/LambdaForm$DMH+0x0000000800c1b400
# instanceKlass java/lang/invoke/LambdaForm$DMH+0x0000000800c1b000
# instanceKlass java/lang/invoke/LambdaForm$DMH+0x0000000800c1ac00
# instanceKlass java/lang/invoke/LambdaForm$MH+0x0000000800c1a800
# instanceKlass java/lang/invoke/LambdaForm$MH+0x0000000800c1a400
# instanceKlass java/lang/invoke/LambdaForm$DMH+0x0000000800c1a000
# instanceKlass java/lang/invoke/LambdaForm$MH+0x0000000800c19c00
# instanceKlass java/lang/invoke/LambdaForm$DMH+0x0000000800c19800
instanceKlass java/lang/invoke/ClassSpecializer$Factory$1Var
instanceKlass java/lang/invoke/MethodHandles$1
# instanceKlass java/lang/invoke/LambdaForm$DMH+0x0000000800c19400
instanceKlass sun/invoke/util/ValueConversions$1
instanceKlass java/lang/Long$LongCache
# instanceKlass java/lang/invoke/LambdaForm$MH+0x0000000800c19000
# instanceKlass java/lang/invoke/LambdaForm$MH+0x0000000800c18c00
# instanceKlass java/lang/invoke/LambdaForm$MH+0x0000000800c18800
instanceKlass sun/invoke/util/ValueConversions$WrapperCache
instanceKlass jdk/internal/vm/annotation/ForceInline
instanceKlass java/lang/annotation/Documented
instanceKlass java/lang/Deprecated
instanceKlass  @bci java/util/stream/Collectors joining (Ljava/lang/CharSequence;Ljava/lang/CharSequence;Ljava/lang/CharSequence;)Ljava/util/stream/Collector; 22 <appendix> argL0 ; # java/util/stream/Collectors$$Lambda$28+0x800000043
instanceKlass  @bci java/util/stream/Collectors joining (Ljava/lang/CharSequence;Ljava/lang/CharSequence;Ljava/lang/CharSequence;)Ljava/util/stream/Collector; 17 <appendix> argL0 ; # java/util/stream/Collectors$$Lambda$26+0x800000041
instanceKlass  @bci java/util/stream/Collectors joining (Ljava/lang/CharSequence;Ljava/lang/CharSequence;Ljava/lang/CharSequence;)Ljava/util/stream/Collector; 12 <appendix> argL0 ; # java/util/stream/Collectors$$Lambda$23+0x80000003e
instanceKlass  @bci java/util/stream/Collectors joining (Ljava/lang/CharSequence;Ljava/lang/CharSequence;Ljava/lang/CharSequence;)Ljava/util/stream/Collector; 7 <appendix> member <vmtarget> ; # java/util/stream/Collectors$$Lambda$31+0x800000046
instanceKlass  @bci java/lang/Class methodToString (Ljava/lang/String;[Ljava/lang/Class;)Ljava/lang/String; 42 <appendix> argL0 ; # java/lang/Class$$Lambda$34+0x0000000800c29cc8
# instanceKlass java/lang/invoke/LambdaForm$MH+0x0000000800c18400
instanceKlass sun/misc/Unsafe
instanceKlass org/eclipse/osgi/internal/url/MultiplexingFactory
instanceKlass org/eclipse/osgi/storage/FrameworkExtensionInstaller
instanceKlass org/eclipse/osgi/storage/bundlefile/MRUBundleFileList
instanceKlass org/eclipse/osgi/framework/eventmgr/EventDispatcher
instanceKlass org/eclipse/osgi/storage/ContentProvider
instanceKlass org/osgi/framework/Filter
instanceKlass org/eclipse/osgi/storage/bundlefile/BundleFile
# instanceKlass java/lang/invoke/LambdaForm$DMH+0x0000000800c18000
instanceKlass java/lang/invoke/MethodHandle$1
instanceKlass org/eclipse/osgi/container/ModuleContainerAdaptor
instanceKlass org/eclipse/osgi/storage/Storage
instanceKlass org/eclipse/osgi/signedcontent/SignedContent
instanceKlass org/eclipse/osgi/internal/hookregistry/StorageHookFactory$StorageHook
instanceKlass org/osgi/framework/BundleActivator
instanceKlass org/eclipse/osgi/internal/hookregistry/StorageHookFactory
instanceKlass org/eclipse/osgi/internal/cds/CDSHookConfigurator
instanceKlass org/eclipse/osgi/internal/signedcontent/SignedBundleHook
instanceKlass org/eclipse/osgi/signedcontent/SignedContentFactory
instanceKlass org/eclipse/osgi/internal/hookregistry/ActivatorHookFactory
instanceKlass org/osgi/framework/wiring/BundleRevision
instanceKlass org/osgi/resource/Resource
instanceKlass org/eclipse/osgi/internal/connect/ConnectHookConfigurator
instanceKlass org/eclipse/osgi/internal/hookregistry/HookConfigurator
instanceKlass java/net/URLClassLoader$3$1
instanceKlass java/net/URLClassLoader$3
instanceKlass org/eclipse/osgi/internal/framework/EquinoxContainer$ConnectModules
instanceKlass org/eclipse/osgi/internal/log/ExtendedLogServiceFactory$EquinoxLoggerContext
instanceKlass org/eclipse/osgi/internal/log/EquinoxLogFactory$1
instanceKlass org/eclipse/osgi/framework/log/FrameworkLog
instanceKlass org/eclipse/osgi/internal/log/EquinoxLogFactory
instanceKlass org/osgi/service/log/FormatterLogger
instanceKlass org/eclipse/osgi/internal/log/LoggerImpl
instanceKlass org/eclipse/osgi/internal/log/ExtendedLogServiceImpl
instanceKlass org/eclipse/osgi/internal/log/LogServiceManager$MockSystemBundle
instanceKlass org/eclipse/osgi/internal/log/ExtendedLogServiceFactory$EquinoxLoggerAdmin
instanceKlass org/osgi/service/log/admin/LoggerContext
instanceKlass org/eclipse/osgi/internal/log/LoggerContextTargetMap
instanceKlass org/osgi/service/log/admin/LoggerAdmin
instanceKlass org/eclipse/osgi/internal/log/ExtendedLogServiceFactory
instanceKlass org/eclipse/osgi/framework/util/ArrayMap
instanceKlass java/util/concurrent/locks/ReentrantReadWriteLock$WriteLock
instanceKlass java/util/concurrent/locks/ReentrantReadWriteLock$ReadLock
instanceKlass java/util/concurrent/locks/ReentrantReadWriteLock
instanceKlass java/util/concurrent/locks/ReadWriteLock
instanceKlass org/eclipse/osgi/internal/log/ExtendedLogReaderServiceFactory$1
instanceKlass org/osgi/service/log/LogEntry
instanceKlass org/eclipse/osgi/internal/log/ExtendedLogReaderServiceFactory
instanceKlass org/osgi/framework/ServiceFactory
instanceKlass org/eclipse/equinox/log/ExtendedLogReaderService
instanceKlass org/osgi/service/log/LogReaderService
instanceKlass org/eclipse/equinox/log/ExtendedLogService
instanceKlass org/eclipse/equinox/log/Logger
instanceKlass org/osgi/service/log/Logger
instanceKlass org/osgi/service/log/LogService
instanceKlass org/osgi/service/log/LoggerFactory
instanceKlass org/eclipse/osgi/internal/log/LogServiceManager
instanceKlass org/osgi/framework/AllServiceListener
instanceKlass org/osgi/framework/ServiceListener
instanceKlass org/eclipse/osgi/internal/log/EquinoxLogWriter
instanceKlass org/eclipse/equinox/log/LogFilter
instanceKlass org/eclipse/equinox/log/SynchronousLogListener
instanceKlass org/osgi/service/log/LogListener
instanceKlass org/eclipse/osgi/internal/log/EquinoxLogServices
instanceKlass org/eclipse/osgi/util/ManifestElement
instanceKlass org/eclipse/osgi/internal/util/SupplementDebug
instanceKlass org/eclipse/osgi/internal/debug/Debug
instanceKlass org/eclipse/osgi/service/debug/DebugOptionsListener
instanceKlass org/eclipse/osgi/service/debug/DebugTrace
instanceKlass org/eclipse/osgi/internal/debug/FrameworkDebugOptions
instanceKlass org/osgi/util/tracker/ServiceTrackerCustomizer
instanceKlass java/nio/file/FileVisitor
instanceKlass org/eclipse/osgi/storage/StorageUtil
instanceKlass org/eclipse/osgi/internal/location/BasicLocation
instanceKlass org/eclipse/osgi/internal/location/EquinoxLocations
instanceKlass java/util/concurrent/atomic/AtomicBoolean
instanceKlass java/util/UUID
instanceKlass java/util/Random
instanceKlass java/util/random/RandomGenerator
instanceKlass org/eclipse/osgi/internal/container/InternalUtils
instanceKlass org/osgi/framework/Version
instanceKlass org/eclipse/osgi/internal/location/Locker
instanceKlass org/eclipse/osgi/internal/location/LocationHelper
instanceKlass org/eclipse/osgi/internal/framework/EquinoxConfiguration$ConfigValues
instanceKlass org/eclipse/osgi/internal/util/Tokenizer
instanceKlass java/net/URLClassLoader$2
instanceKlass java/io/Reader
instanceKlass org/eclipse/osgi/internal/framework/AliasMapper
instanceKlass org/eclipse/osgi/framework/util/KeyedElement
instanceKlass org/eclipse/osgi/internal/hookregistry/ClassLoaderHook
instanceKlass org/eclipse/osgi/internal/hookregistry/HookRegistry
instanceKlass org/eclipse/osgi/service/datalocation/Location
instanceKlass org/eclipse/osgi/service/debug/DebugOptions
instanceKlass org/eclipse/osgi/internal/framework/EquinoxConfiguration
instanceKlass org/eclipse/osgi/service/environment/EnvironmentInfo
# instanceKlass org/eclipse/osgi/internal/framework/EquinoxContainer$$InjectedInvoker+0x0000000800c09c00
instanceKlass java/lang/invoke/MethodHandleImpl$BindCaller$InjectedInvokerHolder
instanceKlass java/lang/invoke/MethodHandleImpl$BindCaller
# instanceKlass java/lang/invoke/LambdaForm$MH+0x0000000800c09800
# instanceKlass java/lang/invoke/LambdaForm$MH+0x0000000800c09400
instanceKlass  @cpi org/eclipse/osgi/container/ModuleResolver$ResolveProcess 1243 form vmentry <vmtarget> ; # java/lang/invoke/LambdaForm$DMH+0x0000000800c09000
# instanceKlass java/lang/invoke/LambdaForm$MH+0x0000000800c08c00
# instanceKlass java/lang/invoke/LambdaForm$DMH+0x0000000800c08800
# instanceKlass java/lang/invoke/LambdaForm$DMH+0x0000000800c08400
# instanceKlass java/lang/invoke/LambdaForm$DMH+0x0000000800c08000
instanceKlass java/lang/invoke/MethodHandleImpl$ArrayAccessor
instanceKlass java/lang/invoke/MethodHandleImpl$2
instanceKlass java/lang/invoke/MethodHandleImpl$LoopClauses
instanceKlass java/lang/invoke/MethodHandleImpl$CasesHolder
instanceKlass java/lang/annotation/Target
instanceKlass java/lang/reflect/Proxy$ProxyBuilder$1
instanceKlass jdk/internal/org/objectweb/asm/Edge
instanceKlass  @bci java/lang/reflect/ProxyGenerator addProxyMethod (Ljava/lang/reflect/Method;Ljava/lang/Class;)V 23 <appendix> argL0 ; # java/lang/reflect/ProxyGenerator$$Lambda$33+0x0000000800c24068
instanceKlass  @bci java/lang/reflect/ProxyGenerator addProxyMethod (Ljava/lang/reflect/ProxyGenerator$ProxyMethod;)V 10 <appendix> argL0 ; # java/lang/reflect/ProxyGenerator$$Lambda$32+0x0000000800c23e40
instanceKlass java/lang/reflect/ProxyGenerator$ProxyMethod
instanceKlass  @bci java/lang/reflect/Proxy getLoader (Ljava/lang/Module;)Ljava/lang/ClassLoader; 6 <appendix> member <vmtarget> ; # java/lang/reflect/Proxy$$Lambda$31+0x0000000800c23730
instanceKlass  @bci java/lang/module/ModuleDescriptor$Builder packages (Ljava/util/Set;)Ljava/lang/module/ModuleDescriptor$Builder; 17 <appendix> argL0 ; # java/lang/module/ModuleDescriptor$Builder$$Lambda$1+0x800000002
instanceKlass java/lang/module/ModuleDescriptor$Builder
instanceKlass  @bci java/lang/reflect/Proxy$ProxyBuilder getDynamicModule (Ljava/lang/ClassLoader;)Ljava/lang/Module; 4 <appendix> argL0 ; # java/lang/reflect/Proxy$ProxyBuilder$$Lambda$29+0x0000000800c23518
instanceKlass java/lang/PublicMethods
instanceKlass java/util/Collections$1
instanceKlass java/lang/reflect/Proxy$ProxyBuilder
instanceKlass  @bci java/lang/reflect/Proxy getProxyConstructor (Ljava/lang/Class;Ljava/lang/ClassLoader;[Ljava/lang/Class;)Ljava/lang/reflect/Constructor; 35 <appendix> argL0 ; # java/lang/reflect/Proxy$$Lambda$28+0x0000000800c22ce0
instanceKlass java/lang/reflect/Proxy
instanceKlass sun/reflect/annotation/AnnotationInvocationHandler
instanceKlass java/lang/reflect/InvocationHandler
instanceKlass sun/reflect/annotation/AnnotationParser$1
instanceKlass sun/reflect/annotation/ExceptionProxy
instanceKlass java/lang/annotation/Inherited
instanceKlass java/lang/annotation/Retention
instanceKlass sun/reflect/annotation/AnnotationType$1
instanceKlass sun/reflect/annotation/AnnotationType
instanceKlass java/lang/reflect/GenericArrayType
instanceKlass sun/reflect/generics/visitor/Reifier
instanceKlass sun/reflect/generics/visitor/TypeTreeVisitor
instanceKlass sun/reflect/generics/factory/CoreReflectionFactory
instanceKlass sun/reflect/generics/factory/GenericsFactory
instanceKlass sun/reflect/generics/scope/AbstractScope
instanceKlass sun/reflect/generics/scope/Scope
instanceKlass sun/reflect/generics/tree/ClassTypeSignature
instanceKlass sun/reflect/generics/tree/SimpleClassTypeSignature
instanceKlass sun/reflect/generics/tree/FieldTypeSignature
instanceKlass sun/reflect/generics/tree/BaseType
instanceKlass sun/reflect/generics/tree/TypeSignature
instanceKlass sun/reflect/generics/tree/ReturnType
instanceKlass sun/reflect/generics/tree/TypeArgument
instanceKlass sun/reflect/generics/tree/TypeTree
instanceKlass sun/reflect/generics/tree/Tree
instanceKlass sun/reflect/generics/parser/SignatureParser
instanceKlass org/eclipse/osgi/framework/util/SecureAction$1
instanceKlass org/eclipse/osgi/framework/util/SecureAction
instanceKlass org/eclipse/osgi/internal/framework/EquinoxContainer
instanceKlass org/eclipse/osgi/launch/Equinox
instanceKlass  @bci jdk/internal/reflect/DirectMethodHandleAccessor invokeImpl (Ljava/lang/Object;[Ljava/lang/Object;Ljava/lang/Class;)Ljava/lang/Object; 136 <adapter> ; # java/lang/invoke/LambdaForm$MH+0x0000000800c06c00
# instanceKlass java/lang/invoke/LambdaForm$MH+0x0000000800c06800
# instanceKlass java/lang/invoke/LambdaForm$MH+0x0000000800c06400
# instanceKlass java/lang/invoke/LambdaForm$MH+0x0000000800c06000
instanceKlass java/util/EventObject
instanceKlass org/osgi/framework/BundleContext
instanceKlass org/osgi/framework/BundleReference
instanceKlass org/eclipse/core/runtime/adaptor/EclipseStarter$InitialBundle
instanceKlass org/eclipse/core/runtime/adaptor/EclipseStarter$StartupEventListener
instanceKlass org/osgi/framework/FrameworkListener
instanceKlass org/osgi/framework/SynchronousBundleListener
instanceKlass java/util/concurrent/Semaphore
instanceKlass org/osgi/framework/launch/Framework
instanceKlass org/osgi/framework/Bundle
instanceKlass org/osgi/framework/BundleListener
instanceKlass java/util/EventListener
instanceKlass org/eclipse/core/runtime/adaptor/EclipseStarter
instanceKlass java/io/FilePermissionCollection$1
instanceKlass sun/security/util/SecurityProperties
instanceKlass sun/security/util/FilePermCompat
instanceKlass java/io/FilePermission$1
instanceKlass jdk/internal/access/JavaIOFilePermissionAccess
instanceKlass java/net/URLClassLoader$1
instanceKlass org/eclipse/equinox/launcher/Main$Identifier
instanceKlass java/nio/file/FileStore
instanceKlass sun/nio/fs/WindowsSecurity
instanceKlass sun/nio/fs/AbstractAclFileAttributeView
instanceKlass java/nio/file/attribute/AclFileAttributeView
instanceKlass java/nio/file/attribute/FileOwnerAttributeView
instanceKlass sun/nio/fs/WindowsLinkSupport
instanceKlass sun/nio/fs/WindowsFileSystemProvider$1
instanceKlass org/eclipse/equinox/launcher/JNIBridge
instanceKlass sun/net/www/protocol/jar/JarFileFactory
instanceKlass sun/net/www/protocol/jar/URLJarFile$URLJarFileCloseController
instanceKlass sun/net/www/MimeEntry
instanceKlass java/util/Hashtable$Enumerator
instanceKlass java/util/concurrent/ConcurrentHashMap$MapEntry
instanceKlass java/util/Collections$SynchronizedCollection
instanceKlass java/util/Properties$EntrySet
instanceKlass sun/net/www/MimeTable$DefaultInstanceHolder$1
instanceKlass sun/net/www/MimeTable$DefaultInstanceHolder
instanceKlass sun/net/www/MimeTable$2
instanceKlass sun/net/www/MimeTable$1
instanceKlass sun/net/www/MimeTable
instanceKlass java/net/URLConnection$1
instanceKlass java/net/FileNameMap
instanceKlass sun/net/www/MessageHeader
instanceKlass java/net/URLConnection
instanceKlass java/util/BitSet
instanceKlass java/net/URLEncoder
instanceKlass java/net/URLDecoder
instanceKlass java/util/Collections$3
instanceKlass jdk/internal/loader/URLClassPath$1
instanceKlass java/lang/CompoundEnumeration
instanceKlass jdk/internal/loader/BuiltinClassLoader$1
instanceKlass java/util/Collections$EmptyEnumeration
instanceKlass jdk/internal/loader/BuiltinClassLoader$2
instanceKlass java/util/ServiceLoader$3
instanceKlass java/util/ServiceLoader$2
instanceKlass java/util/ServiceLoader$LazyClassPathLookupIterator
instanceKlass java/util/Spliterators$1Adapter
instanceKlass java/util/Spliterators$ArraySpliterator
instanceKlass java/util/ServiceLoader$ModuleServicesLookupIterator
instanceKlass java/util/ServiceLoader
instanceKlass java/net/spi/URLStreamHandlerProvider
instanceKlass java/net/URL$1
instanceKlass java/net/URL$2
instanceKlass java/net/URL$ThreadTrackHolder
instanceKlass java/lang/Thread$ThreadNumbering
instanceKlass java/security/Policy
instanceKlass org/eclipse/equinox/launcher/Main
instanceKlass java/security/SecureClassLoader$DebugHolder
instanceKlass java/security/PermissionCollection
instanceKlass java/security/SecureClassLoader$1
instanceKlass java/security/SecureClassLoader$CodeSourceKey
instanceKlass java/util/zip/Checksum$1
instanceKlass java/util/zip/CRC32
instanceKlass java/util/zip/Checksum
instanceKlass sun/nio/ByteBuffered
instanceKlass sun/security/util/ManifestEntryVerifier$SunProviderHolder
instanceKlass java/lang/Package$VersionInfo
instanceKlass java/lang/NamedPackage
instanceKlass java/util/Base64$Encoder
instanceKlass java/util/Base64$Decoder
instanceKlass java/util/Base64
instanceKlass javax/crypto/SecretKey
instanceKlass sun/security/util/Length
instanceKlass sun/security/util/KeyUtil
instanceKlass java/security/interfaces/XECKey
instanceKlass java/security/interfaces/ECKey
instanceKlass sun/security/util/JarConstraintsParameters
instanceKlass sun/security/util/ConstraintsParameters
instanceKlass java/security/Timestamp
instanceKlass sun/security/timestamp/TimestampToken
instanceKlass java/security/cert/CertPath
# instanceKlass java/lang/invoke/LambdaForm$MH+0x0000000800c01c00
instanceKlass java/math/MutableBigInteger
instanceKlass sun/security/rsa/RSAPadding
instanceKlass sun/security/rsa/RSACore
instanceKlass java/security/interfaces/RSAPrivateCrtKey
instanceKlass sun/security/pkcs/PKCS8Key
instanceKlass java/security/interfaces/RSAPrivateKey
instanceKlass java/security/PrivateKey
instanceKlass javax/security/auth/Destroyable
instanceKlass sun/security/jca/ServiceId
instanceKlass java/security/Signature$1
instanceKlass jdk/internal/access/JavaSecuritySignatureAccess
instanceKlass java/security/SignatureSpi
instanceKlass jdk/internal/icu/util/CodePointTrie$Data
instanceKlass jdk/internal/icu/util/CodePointTrie$1
instanceKlass jdk/internal/icu/util/CodePointMap
instanceKlass jdk/internal/icu/util/VersionInfo
instanceKlass  @bci jdk/internal/module/SystemModuleFinders$SystemModuleReader open (Ljava/lang/String;)Ljava/util/Optional; 6 <appendix> member <vmtarget> ; # jdk/internal/module/SystemModuleFinders$SystemModuleReader$$Lambda$27+0x0000000800c6de20
instanceKlass jdk/internal/jimage/ImageLocation
instanceKlass jdk/internal/jimage/decompressor/Decompressor
instanceKlass jdk/internal/jimage/ImageStringsReader
instanceKlass jdk/internal/jimage/ImageStrings
instanceKlass jdk/internal/jimage/ImageHeader
instanceKlass jdk/internal/jimage/NativeImageBuffer$1
instanceKlass jdk/internal/jimage/NativeImageBuffer
instanceKlass jdk/internal/jimage/BasicImageReader$1
instanceKlass jdk/internal/jimage/BasicImageReader
instanceKlass jdk/internal/jimage/ImageReader
instanceKlass jdk/internal/jimage/ImageReaderFactory$1
instanceKlass java/nio/file/FileSystems$DefaultFileSystemHolder$1
instanceKlass java/nio/file/FileSystems$DefaultFileSystemHolder
instanceKlass java/nio/file/FileSystems
instanceKlass java/nio/file/Paths
instanceKlass jdk/internal/jimage/ImageReaderFactory
instanceKlass jdk/internal/module/SystemModuleFinders$SystemImage
instanceKlass jdk/internal/module/SystemModuleFinders$SystemModuleReader
instanceKlass java/lang/module/ModuleReader
instanceKlass jdk/internal/loader/BuiltinClassLoader$5
instanceKlass jdk/internal/module/Checks
instanceKlass jdk/internal/module/Resources
instanceKlass jdk/internal/icu/impl/ICUBinary$1
instanceKlass jdk/internal/icu/impl/ICUBinary
instanceKlass jdk/internal/icu/impl/NormalizerImpl$IsAcceptable
instanceKlass jdk/internal/icu/impl/ICUBinary$Authenticate
instanceKlass jdk/internal/icu/impl/NormalizerImpl
instanceKlass jdk/internal/icu/impl/Norm2AllModes$Norm2AllModesSingleton
instanceKlass jdk/internal/icu/impl/Norm2AllModes$NFKCSingleton
instanceKlass jdk/internal/icu/impl/Norm2AllModes
instanceKlass jdk/internal/icu/text/Normalizer2
instanceKlass jdk/internal/icu/text/NormalizerBase$ModeImpl
instanceKlass jdk/internal/icu/text/NormalizerBase$NFKDModeImpl
instanceKlass jdk/internal/icu/text/NormalizerBase$1
instanceKlass jdk/internal/icu/text/NormalizerBase$Mode
instanceKlass jdk/internal/icu/text/NormalizerBase
instanceKlass java/text/Normalizer
instanceKlass sun/security/x509/AVAKeyword
instanceKlass java/util/StringJoiner
instanceKlass sun/security/util/SignatureUtil
instanceKlass java/lang/constant/DynamicConstantDesc
instanceKlass java/lang/constant/DirectMethodHandleDesc$1
instanceKlass java/lang/constant/DirectMethodHandleDescImpl$1
instanceKlass java/lang/constant/DirectMethodHandleDescImpl
instanceKlass java/lang/constant/DirectMethodHandleDesc
instanceKlass java/lang/constant/MethodHandleDesc$1
instanceKlass java/lang/constant/MethodHandleDesc
instanceKlass java/lang/constant/MethodTypeDescImpl
instanceKlass java/lang/constant/MethodTypeDesc
instanceKlass java/lang/constant/ReferenceClassDescImpl
instanceKlass java/lang/constant/ConstantUtils
instanceKlass java/lang/constant/ClassDesc
instanceKlass java/lang/constant/ConstantDescs
instanceKlass java/lang/invoke/VarHandle$1
instanceKlass java/lang/invoke/VarHandle$AccessDescriptor
instanceKlass sun/security/provider/ByteArrayAccess$BE
instanceKlass sun/security/provider/ByteArrayAccess
instanceKlass sun/security/util/MessageDigestSpi2
instanceKlass java/security/MessageDigestSpi
instanceKlass sun/security/pkcs/PKCS9Attribute
instanceKlass sun/security/pkcs/PKCS9Attributes
instanceKlass java/time/Instant
instanceKlass java/time/zone/ZoneOffsetTransition
instanceKlass java/time/LocalTime
instanceKlass java/time/temporal/ValueRange
instanceKlass java/time/Duration
instanceKlass java/time/temporal/TemporalAmount
instanceKlass java/time/temporal/TemporalUnit
instanceKlass java/time/temporal/TemporalField
instanceKlass java/time/LocalDate
instanceKlass java/time/chrono/ChronoLocalDate
instanceKlass java/time/ZonedDateTime
instanceKlass java/time/chrono/ChronoZonedDateTime
instanceKlass java/time/LocalDateTime
instanceKlass java/time/chrono/ChronoLocalDateTime
instanceKlass java/time/temporal/Temporal
instanceKlass java/time/zone/ZoneOffsetTransitionRule
instanceKlass java/time/zone/ZoneRules
instanceKlass java/time/temporal/TemporalAdjuster
instanceKlass java/time/temporal/TemporalAccessor
instanceKlass java/time/ZoneId
instanceKlass  @bci java/util/regex/Pattern Single (I)Ljava/util/regex/Pattern$BmpCharPredicate; 1 <appendix> member <vmtarget> ; # java/util/regex/Pattern$$Lambda$18+0x800000028
instanceKlass  @bci java/util/regex/CharPredicates ASCII_DIGIT ()Ljava/util/regex/Pattern$BmpCharPredicate; 0 <appendix> argL0 ; # java/util/regex/CharPredicates$$Lambda$16+0x800000024
instanceKlass  @bci java/util/regex/CharPredicates ASCII_SPACE ()Ljava/util/regex/Pattern$BmpCharPredicate; 0 <appendix> argL0 ; # java/util/regex/CharPredicates$$Lambda$17+0x800000025
instanceKlass java/util/regex/Pattern$BmpCharPredicate
instanceKlass java/util/regex/CharPredicates
instanceKlass sun/security/util/DisabledAlgorithmConstraints$Constraints$Holder
instanceKlass sun/security/util/DisabledAlgorithmConstraints$1
instanceKlass sun/security/util/DisabledAlgorithmConstraints$Constraint
instanceKlass java/util/StringTokenizer
instanceKlass java/security/spec/ECFieldF2m
instanceKlass java/security/spec/ECParameterSpec
instanceKlass java/security/spec/ECPoint
instanceKlass java/security/spec/EllipticCurve
instanceKlass java/security/spec/ECFieldFp
instanceKlass java/security/spec/ECField
instanceKlass sun/security/util/CurveDB
instanceKlass sun/security/util/DisabledAlgorithmConstraints$Constraints
instanceKlass java/util/regex/IntHashSet
instanceKlass java/util/regex/Matcher
instanceKlass java/util/regex/MatchResult
instanceKlass java/util/TreeMap$PrivateEntryIterator
instanceKlass java/util/NavigableSet
instanceKlass java/util/SortedSet
instanceKlass sun/security/util/AbstractAlgorithmConstraints$1
instanceKlass sun/security/util/AlgorithmDecomposer
instanceKlass sun/security/util/DisabledAlgorithmConstraints$JarHolder
instanceKlass java/util/regex/Pattern$TreeInfo
instanceKlass  @bci java/util/regex/Pattern DOT ()Ljava/util/regex/Pattern$CharPredicate; 0 <appendix> argL0 ; # java/util/regex/Pattern$$Lambda$23+0x0000000800c5f0d0
instanceKlass java/util/regex/Pattern$CharPredicate
instanceKlass java/util/regex/ASCII
instanceKlass java/util/regex/Pattern$Node
instanceKlass java/util/regex/Pattern
instanceKlass sun/security/util/AbstractAlgorithmConstraints
instanceKlass java/security/AlgorithmConstraints
instanceKlass sun/security/pkcs/SignerInfo
instanceKlass java/security/cert/PolicyQualifierInfo
instanceKlass sun/security/x509/RFC822Name
instanceKlass sun/security/x509/CertificatePolicyId
instanceKlass sun/security/x509/PolicyInformation
instanceKlass sun/security/x509/DistributionPoint
instanceKlass sun/security/x509/DNSName
instanceKlass java/net/URI$Parser
instanceKlass sun/security/x509/URIName
instanceKlass sun/security/x509/GeneralName
instanceKlass sun/security/x509/AccessDescription
instanceKlass sun/security/x509/GeneralNames
instanceKlass java/lang/invoke/VarForm
instanceKlass java/lang/invoke/VarHandleGuards
instanceKlass java/lang/ClassValue$Version
instanceKlass java/lang/ClassValue$Identity
instanceKlass java/lang/ClassValue
instanceKlass java/lang/invoke/VarHandles
instanceKlass java/lang/System$Logger
instanceKlass jdk/internal/event/EventHelper
instanceKlass jdk/internal/event/Event
instanceKlass sun/security/util/MemoryCache$CacheEntry
instanceKlass sun/security/x509/X509AttributeName
instanceKlass sun/security/x509/KeyIdentifier
instanceKlass java/util/TreeMap$Entry
# instanceKlass java/lang/invoke/LambdaForm$MH+0x0000000800c01800
instanceKlass  @bci org/python/pydev/pydev_lsp/PyDevCodeAnalysis run ()V 105 <appendix> form vmentry <vmtarget> ; # java/lang/invoke/LambdaForm$MH+0x0000000800c01400
instanceKlass sun/security/x509/OIDMap$OIDInfo
instanceKlass sun/security/x509/PKIXExtensions
instanceKlass sun/security/x509/OIDMap
instanceKlass sun/security/x509/Extension
instanceKlass java/security/cert/Extension
instanceKlass java/util/Collections$SynchronizedMap
instanceKlass java/util/NavigableMap
instanceKlass java/util/SortedMap
instanceKlass sun/security/x509/CertificateExtensions
instanceKlass sun/security/rsa/RSAUtil
instanceKlass sun/security/util/IOUtils
instanceKlass java/security/interfaces/RSAPublicKey
instanceKlass java/security/interfaces/RSAKey
instanceKlass java/security/spec/PSSParameterSpec
instanceKlass java/security/spec/AlgorithmParameterSpec
instanceKlass java/security/spec/RSAPrivateKeySpec
instanceKlass java/security/spec/RSAPublicKeySpec
instanceKlass java/security/KeyFactorySpi
instanceKlass sun/security/rsa/SunRsaSignEntries
instanceKlass sun/security/jca/ProviderList$ServiceList$1
instanceKlass java/security/KeyFactory
instanceKlass java/security/spec/EncodedKeySpec$1
instanceKlass jdk/internal/access/JavaSecuritySpecAccess
instanceKlass java/security/spec/EncodedKeySpec
instanceKlass java/security/spec/KeySpec
instanceKlass sun/security/util/BitArray
instanceKlass sun/security/x509/X509Key
instanceKlass java/security/PublicKey
instanceKlass java/security/Key
instanceKlass sun/security/x509/CertificateX509Key
instanceKlass java/util/Date
instanceKlass sun/util/calendar/CalendarUtils
instanceKlass sun/util/calendar/CalendarDate
instanceKlass sun/util/calendar/CalendarSystem$GregorianHolder
instanceKlass sun/util/calendar/CalendarSystem
instanceKlass sun/security/x509/CertificateValidity
instanceKlass sun/security/x509/AVA
instanceKlass sun/security/x509/RDN
instanceKlass javax/security/auth/x500/X500Principal
instanceKlass sun/security/x509/X500Name$1
instanceKlass sun/security/x509/X500Name
instanceKlass sun/security/x509/GeneralNameInterface
instanceKlass sun/security/x509/CertificateAlgorithmId
instanceKlass sun/security/x509/SerialNumber
instanceKlass sun/security/x509/CertificateSerialNumber
instanceKlass sun/security/x509/CertificateVersion
instanceKlass sun/security/x509/X509CertInfo
instanceKlass sun/security/x509/CertAttrSet
instanceKlass sun/security/util/Cache$EqualByteArray
instanceKlass java/security/cert/X509Extension
instanceKlass java/lang/Byte$ByteCache
instanceKlass  @bci sun/security/util/DerInputStream seeOptionalContextSpecific (I)Z 2 <appendix> member <vmtarget> ; # sun/security/util/DerInputStream$$Lambda$22+0x0000000800c4fd00
instanceKlass  @cpi org/python/pydev/ast/codecompletion/revisited/modules/PredefinedSourceModule 90 form vmentry <vmtarget> ; # java/lang/invoke/LambdaForm$DMH+0x0000000800c01000
instanceKlass sun/security/jca/GetInstance$Instance
instanceKlass sun/security/util/Cache
instanceKlass sun/security/jca/GetInstance
instanceKlass java/security/cert/CertificateFactorySpi
instanceKlass java/security/cert/CertificateFactory
instanceKlass sun/security/x509/AlgorithmId
instanceKlass sun/security/util/ByteArrayTagOrder
instanceKlass sun/security/util/ByteArrayLexOrder
instanceKlass sun/security/util/DerEncoder
instanceKlass sun/security/util/DerValue
instanceKlass sun/security/util/ObjectIdentifier
instanceKlass sun/security/pkcs/ContentInfo
instanceKlass sun/security/util/DerInputStream
instanceKlass sun/security/pkcs/PKCS7
instanceKlass java/util/Collections$EmptyIterator
instanceKlass java/util/LinkedHashMap$LinkedHashIterator
instanceKlass sun/security/util/SecurityProviderConstants
instanceKlass java/security/Provider$UString
instanceKlass java/security/Provider$Service
instanceKlass sun/security/provider/NativePRNG$NonBlocking
instanceKlass sun/security/provider/NativePRNG$Blocking
instanceKlass sun/security/provider/NativePRNG
instanceKlass sun/security/provider/SunEntries$1
instanceKlass sun/security/provider/SunEntries
instanceKlass java/security/Permission
instanceKlass java/security/Guard
instanceKlass sun/security/util/SecurityConstants
instanceKlass java/io/FileInputStream$1
instanceKlass java/util/Properties$LineReader
instanceKlass java/security/Security$1
instanceKlass java/security/Security
instanceKlass sun/security/jca/ProviderList$2
instanceKlass jdk/internal/math/FloatingDecimal$ASCIIToBinaryBuffer
instanceKlass jdk/internal/math/FloatingDecimal$PreparedASCIIToBinaryBuffer
instanceKlass jdk/internal/math/FloatingDecimal$ASCIIToBinaryConverter
instanceKlass jdk/internal/math/FloatingDecimal$BinaryToASCIIBuffer
instanceKlass jdk/internal/math/FloatingDecimal$ExceptionalBinaryToASCIIBuffer
instanceKlass jdk/internal/math/FloatingDecimal$BinaryToASCIIConverter
instanceKlass jdk/internal/math/FloatingDecimal
instanceKlass java/security/Provider$EngineDescription
instanceKlass java/security/Provider$ServiceKey
instanceKlass sun/security/jca/ProviderConfig
instanceKlass sun/security/jca/ProviderList
instanceKlass sun/security/jca/Providers
instanceKlass  @bci sun/security/util/ManifestDigester <init> ([B)V 350 <appendix> argL0 ; # sun/security/util/ManifestDigester$$Lambda$21+0x0000000800c44c08
instanceKlass sun/security/util/ManifestDigester$Section
instanceKlass sun/security/util/ManifestDigester$Entry
instanceKlass sun/security/util/ManifestDigester$Position
instanceKlass sun/security/util/ManifestDigester
instanceKlass sun/security/util/SignatureFileVerifier
instanceKlass sun/security/util/ManifestEntryVerifier
instanceKlass jdk/internal/misc/ThreadTracker
instanceKlass java/util/jar/JarFile$ThreadTrackHolder
instanceKlass jdk/internal/loader/Resource
instanceKlass jdk/internal/loader/FileURLMapper
instanceKlass jdk/internal/loader/URLClassPath$JarLoader$1
instanceKlass jdk/internal/loader/URLClassPath$Loader
instanceKlass jdk/internal/loader/URLClassPath$3
instanceKlass java/security/PrivilegedExceptionAction
instanceKlass sun/net/util/URLUtil
instanceKlass java/io/RandomAccessFile$1
instanceKlass java/util/jar/Attributes$Name
instanceKlass java/util/jar/Attributes
instanceKlass java/security/CodeSigner
instanceKlass sun/security/util/Debug
instanceKlass java/util/jar/JarVerifier
instanceKlass java/util/zip/ZipFile$InflaterCleanupAction
instanceKlass java/util/zip/Inflater$InflaterZStreamRef
instanceKlass java/util/zip/Inflater
instanceKlass java/util/zip/ZipEntry
instanceKlass java/nio/Bits$1
instanceKlass jdk/internal/misc/VM$BufferPool
instanceKlass java/nio/Bits
instanceKlass sun/nio/ch/DirectBuffer
instanceKlass jdk/internal/perf/PerfCounter$CoreCounters
instanceKlass jdk/internal/perf/Perf
instanceKlass jdk/internal/perf/Perf$GetPerfAction
instanceKlass jdk/internal/perf/PerfCounter
instanceKlass sun/util/locale/LocaleObjectCache
instanceKlass sun/util/locale/BaseLocale$Key
instanceKlass sun/util/locale/LocaleUtils
instanceKlass sun/util/locale/BaseLocale
instanceKlass java/util/Locale
instanceKlass java/nio/file/attribute/FileTime
instanceKlass java/util/zip/ZipUtils
instanceKlass java/util/zip/ZipFile$Source$End
instanceKlass java/io/RandomAccessFile$2
instanceKlass jdk/internal/access/JavaIORandomAccessFileAccess
instanceKlass java/io/RandomAccessFile
instanceKlass java/io/DataInput
instanceKlass java/io/DataOutput
instanceKlass sun/nio/fs/WindowsNativeDispatcher$CompletionStatus
instanceKlass sun/nio/fs/WindowsNativeDispatcher$AclInformation
instanceKlass sun/nio/fs/WindowsNativeDispatcher$Account
instanceKlass sun/nio/fs/WindowsNativeDispatcher$DiskFreeSpace
instanceKlass sun/nio/fs/WindowsNativeDispatcher$VolumeInformation
instanceKlass sun/nio/fs/WindowsNativeDispatcher$FirstStream
instanceKlass sun/nio/fs/WindowsNativeDispatcher$FirstFile
instanceKlass java/util/Enumeration
instanceKlass java/util/concurrent/ConcurrentHashMap$Traverser
instanceKlass jdk/internal/loader/NativeLibraries$3
instanceKlass jdk/internal/loader/NativeLibrary
instanceKlass java/util/ArrayDeque$DeqIterator
instanceKlass jdk/internal/loader/NativeLibraries$NativeLibraryContext$1
instanceKlass jdk/internal/loader/NativeLibraries$NativeLibraryContext
instanceKlass jdk/internal/loader/NativeLibraries$2
instanceKlass jdk/internal/loader/NativeLibraries$1
instanceKlass jdk/internal/loader/NativeLibraries$LibraryPaths
instanceKlass sun/nio/fs/WindowsNativeDispatcher
instanceKlass sun/nio/fs/NativeBuffer$Deallocator
instanceKlass sun/nio/fs/NativeBuffer
instanceKlass java/lang/ThreadLocal$ThreadLocalMap
instanceKlass java/lang/ThreadLocal
instanceKlass sun/nio/fs/NativeBuffers
instanceKlass sun/nio/fs/WindowsFileAttributes
instanceKlass java/nio/file/attribute/DosFileAttributes
instanceKlass sun/nio/fs/AbstractBasicFileAttributeView
instanceKlass sun/nio/fs/DynamicFileAttributeView
instanceKlass sun/nio/fs/WindowsFileAttributeViews
instanceKlass sun/nio/fs/Util
instanceKlass java/nio/file/attribute/BasicFileAttributeView
instanceKlass java/nio/file/attribute/FileAttributeView
instanceKlass java/nio/file/attribute/AttributeView
instanceKlass java/nio/file/Files
instanceKlass java/nio/file/CopyOption
instanceKlass java/nio/file/attribute/BasicFileAttributes
instanceKlass sun/nio/fs/WindowsPath
instanceKlass java/util/zip/ZipFile$Source$Key
instanceKlass sun/nio/fs/WindowsPathParser$Result
instanceKlass sun/nio/fs/WindowsPathParser
instanceKlass java/util/Arrays$ArrayItr
instanceKlass java/nio/file/FileSystem
instanceKlass java/nio/file/OpenOption
instanceKlass java/nio/file/spi/FileSystemProvider
instanceKlass sun/nio/fs/DefaultFileSystemProvider
instanceKlass java/util/zip/ZipFile$Source
instanceKlass java/util/zip/ZipCoder
instanceKlass java/util/zip/ZipFile$CleanableResource
instanceKlass java/lang/Runtime$Version
instanceKlass java/util/jar/JavaUtilJarAccessImpl
instanceKlass jdk/internal/access/JavaUtilJarAccess
instanceKlass java/util/zip/ZipFile$1
instanceKlass jdk/internal/access/JavaUtilZipFileAccess
instanceKlass java/util/zip/ZipFile
instanceKlass java/util/zip/ZipConstants
instanceKlass sun/nio/cs/ArrayDecoder
instanceKlass java/nio/charset/CharsetDecoder
instanceKlass sun/launcher/LauncherHelper
instanceKlass java/lang/invoke/StringConcatFactory
instanceKlass jdk/internal/module/ModuleBootstrap$SafeModuleFinder
instanceKlass  @bci java/lang/WeakPairMap computeIfAbsent (Ljava/lang/Object;Ljava/lang/Object;Ljava/util/function/BiFunction;)Ljava/lang/Object; 18 <appendix> member <vmtarget> ; # java/lang/WeakPairMap$$Lambda$20+0x0000000800c424b0
instanceKlass  @bci java/lang/Module implAddExportsOrOpens (Ljava/lang/String;Ljava/lang/Module;ZZ)V 145 <appendix> argL0 ; # java/lang/Module$$Lambda$19+0x0000000800c41bb8
instanceKlass  @bci jdk/internal/module/ModuleBootstrap decode (Ljava/lang/String;Ljava/lang/String;Z)Ljava/util/Map; 193 <appendix> argL0 ; # jdk/internal/module/ModuleBootstrap$$Lambda$18+0x0000000800c41990
instanceKlass java/nio/charset/CoderResult
instanceKlass java/lang/StringCoding
instanceKlass java/lang/Readable
instanceKlass java/lang/ModuleLayer$Controller
instanceKlass java/util/concurrent/CopyOnWriteArrayList
instanceKlass jdk/internal/module/ServicesCatalog$ServiceProvider
instanceKlass jdk/internal/loader/AbstractClassLoaderValue$Memoizer
instanceKlass jdk/internal/module/ModuleLoaderMap$Modules
instanceKlass jdk/internal/module/ModuleLoaderMap$Mapper
instanceKlass jdk/internal/module/ModuleLoaderMap
instanceKlass java/lang/module/ResolvedModule
instanceKlass java/util/Collections$UnmodifiableCollection$1
instanceKlass java/util/concurrent/ForkJoinPool$ManagedBlocker
instanceKlass java/util/concurrent/locks/AbstractQueuedSynchronizer$Node
instanceKlass java/lang/ModuleLayer
instanceKlass java/util/ImmutableCollections$ListItr
instanceKlass java/util/ListIterator
instanceKlass java/lang/module/ModuleFinder$1
instanceKlass java/nio/file/Path
instanceKlass java/nio/file/Watchable
instanceKlass java/lang/module/Resolver
instanceKlass java/lang/module/Configuration
instanceKlass java/util/stream/ForEachOps$ForEachOp
instanceKlass java/util/stream/ForEachOps
instanceKlass  @bci jdk/internal/module/ModuleBootstrap boot2 ()Ljava/lang/ModuleLayer; 791 <appendix> member <vmtarget> ; # jdk/internal/module/ModuleBootstrap$$Lambda$17+0x0000000800c40e10
instanceKlass  @cpi org/python/pydev/pydev_lsp/JsonOrRawFacade 132 form vmentry <vmtarget> ; # java/lang/invoke/LambdaForm$DMH+0x0000000800c00c00
instanceKlass  @bci jdk/internal/module/ModuleBootstrap boot2 ()Ljava/lang/ModuleLayer; 779 <appendix> member <vmtarget> ; # jdk/internal/module/ModuleBootstrap$$Lambda$16+0x0000000800c40bd0
instanceKlass  @bci jdk/internal/module/ModuleBootstrap boot2 ()Ljava/lang/ModuleLayer; 767 <appendix> argL0 ; # jdk/internal/module/ModuleBootstrap$$Lambda$15+0x0000000800c409a8
instanceKlass  @bci jdk/internal/module/ModuleBootstrap boot2 ()Ljava/lang/ModuleLayer; 757 <appendix> argL0 ; # jdk/internal/module/ModuleBootstrap$$Lambda$14+0x0000000800c40780
instanceKlass jdk/internal/org/objectweb/asm/ClassReader
instanceKlass  @bci java/util/stream/FindOps$FindSink$OfRef <clinit> ()V 43 <appendix> argL0 ; # java/util/stream/FindOps$FindSink$OfRef$$Lambda$37+0x80000004c
instanceKlass  @bci java/util/stream/FindOps$FindSink$OfRef <clinit> ()V 38 <appendix> argL0 ; # java/util/stream/FindOps$FindSink$OfRef$$Lambda$39+0x80000004e
instanceKlass  @bci java/util/stream/FindOps$FindSink$OfRef <clinit> ()V 16 <appendix> argL0 ; # java/util/stream/FindOps$FindSink$OfRef$$Lambda$38+0x80000004d
instanceKlass  @bci java/util/stream/FindOps$FindSink$OfRef <clinit> ()V 11 <appendix> argL0 ; # java/util/stream/FindOps$FindSink$OfRef$$Lambda$40+0x80000004f
instanceKlass java/util/stream/FindOps$FindOp
instanceKlass java/util/stream/FindOps$FindSink
instanceKlass java/util/stream/FindOps
instanceKlass  @bci jdk/internal/module/DefaultRoots exportsAPI (Ljava/lang/module/ModuleDescriptor;)Z 9 <appendix> argL0 ; # jdk/internal/module/DefaultRoots$$Lambda$45+0x800000055
instanceKlass java/util/stream/Sink$ChainedReference
instanceKlass java/util/stream/ReduceOps$AccumulatingSink
instanceKlass java/util/stream/TerminalSink
instanceKlass java/util/stream/Sink
instanceKlass java/util/function/Consumer
instanceKlass java/util/stream/ReduceOps$Box
instanceKlass java/util/stream/ReduceOps$ReduceOp
instanceKlass java/util/stream/TerminalOp
instanceKlass java/util/stream/ReduceOps
instanceKlass  @bci java/util/stream/Collectors castingIdentity ()Ljava/util/function/Function; 0 <appendix> argL0 ; # java/util/stream/Collectors$$Lambda$27+0x800000042
instanceKlass  @bci java/util/stream/Collectors toSet ()Ljava/util/stream/Collector; 14 <appendix> argL0 ; # java/util/stream/Collectors$$Lambda$25+0x800000040
instanceKlass java/util/function/BinaryOperator
instanceKlass  @bci java/util/stream/Collectors toSet ()Ljava/util/stream/Collector; 9 <appendix> argL0 ; # java/util/stream/Collectors$$Lambda$22+0x80000003d
instanceKlass java/util/function/BiConsumer
instanceKlass  @bci java/util/stream/Collectors toSet ()Ljava/util/stream/Collector; 4 <appendix> argL0 ; # java/util/stream/Collectors$$Lambda$30+0x800000045
instanceKlass java/util/stream/Collectors$CollectorImpl
instanceKlass java/util/stream/Collector
instanceKlass java/util/Collections$UnmodifiableCollection
instanceKlass java/util/stream/Collectors
instanceKlass  @bci jdk/internal/module/DefaultRoots compute (Ljava/lang/module/ModuleFinder;Ljava/lang/module/ModuleFinder;)Ljava/util/Set; 42 <appendix> argL0 ; # jdk/internal/module/DefaultRoots$$Lambda$42+0x800000052
instanceKlass  @bci jdk/internal/module/DefaultRoots compute (Ljava/lang/module/ModuleFinder;Ljava/lang/module/ModuleFinder;)Ljava/util/Set; 32 <appendix> member <vmtarget> ; # jdk/internal/module/DefaultRoots$$Lambda$46+0x800000056
instanceKlass  @bci jdk/internal/module/DefaultRoots compute (Ljava/lang/module/ModuleFinder;Ljava/lang/module/ModuleFinder;)Ljava/util/Set; 21 <appendix> argL0 ; # jdk/internal/module/DefaultRoots$$Lambda$43+0x800000053
instanceKlass java/lang/ref/Cleaner$Cleanable
instanceKlass jdk/internal/ref/CleanerImpl
instanceKlass java/lang/ref/Cleaner$1
instanceKlass java/lang/ref/Cleaner
instanceKlass jdk/internal/ref/CleanerFactory$1
instanceKlass java/util/concurrent/ThreadFactory
instanceKlass jdk/internal/ref/CleanerFactory
instanceKlass  @bci java/io/ObjectInputFilter$Config <clinit> ()V 56 <appendix> form vmentry <vmtarget> ; # java/lang/invoke/LambdaForm$MH+0x0000000800c00800
instanceKlass sun/invoke/util/Wrapper$1
instanceKlass  @bci jdk/internal/module/DefaultRoots compute (Ljava/lang/module/ModuleFinder;Ljava/lang/module/ModuleFinder;)Ljava/util/Set; 11 <appendix> argL0 ; # jdk/internal/module/DefaultRoots$$Lambda$44+0x800000054
instanceKlass java/lang/invoke/LambdaProxyClassArchive
instanceKlass java/lang/invoke/InfoFromMemberName
instanceKlass java/lang/invoke/MethodHandleInfo
instanceKlass jdk/internal/org/objectweb/asm/ConstantDynamic
instanceKlass jdk/internal/org/objectweb/asm/Handle
instanceKlass sun/security/action/GetBooleanAction
instanceKlass java/lang/invoke/AbstractValidatingLambdaMetafactory
instanceKlass java/lang/invoke/BootstrapMethodInvoker
instanceKlass java/util/function/Predicate
instanceKlass java/lang/WeakPairMap$Pair$Lookup
instanceKlass java/lang/WeakPairMap$Pair
instanceKlass java/lang/WeakPairMap
instanceKlass java/lang/Module$ReflectionData
instanceKlass java/lang/invoke/LambdaMetafactory
# instanceKlass java/lang/invoke/LambdaForm$MH+0x0000000800c00400
instanceKlass java/lang/invoke/MethodHandles$Lookup$ClassDefiner
instanceKlass java/lang/invoke/MethodHandles$Lookup$ClassFile
instanceKlass jdk/internal/org/objectweb/asm/Handler
instanceKlass jdk/internal/org/objectweb/asm/Attribute
instanceKlass jdk/internal/org/objectweb/asm/FieldVisitor
instanceKlass java/util/ArrayList$Itr
instanceKlass sun/invoke/empty/Empty
instanceKlass sun/invoke/util/VerifyType
instanceKlass java/lang/invoke/InvokerBytecodeGenerator$ClassData
instanceKlass jdk/internal/org/objectweb/asm/AnnotationVisitor
instanceKlass jdk/internal/org/objectweb/asm/Frame
instanceKlass jdk/internal/org/objectweb/asm/Label
instanceKlass jdk/internal/org/objectweb/asm/Type
instanceKlass jdk/internal/org/objectweb/asm/MethodVisitor
instanceKlass sun/invoke/util/BytecodeDescriptor
instanceKlass jdk/internal/org/objectweb/asm/ByteVector
instanceKlass jdk/internal/org/objectweb/asm/Symbol
instanceKlass jdk/internal/org/objectweb/asm/SymbolTable
instanceKlass jdk/internal/org/objectweb/asm/ClassVisitor
instanceKlass java/lang/invoke/LambdaFormBuffer
instanceKlass java/lang/invoke/LambdaFormEditor$TransformKey
instanceKlass java/lang/invoke/LambdaFormEditor
instanceKlass java/lang/invoke/Invokers$Holder
instanceKlass java/lang/invoke/DelegatingMethodHandle$Holder
instanceKlass java/lang/invoke/DirectMethodHandle$2
instanceKlass java/lang/invoke/ClassSpecializer$Factory
instanceKlass java/lang/invoke/ClassSpecializer$SpeciesData
instanceKlass java/lang/invoke/ClassSpecializer$1
instanceKlass java/lang/invoke/ClassSpecializer
instanceKlass java/lang/invoke/InvokerBytecodeGenerator$2
instanceKlass java/lang/invoke/InvokerBytecodeGenerator
instanceKlass java/lang/invoke/LambdaForm$Holder
instanceKlass java/lang/invoke/LambdaForm$Name
instanceKlass java/lang/reflect/Array
instanceKlass java/lang/invoke/Invokers
instanceKlass sun/invoke/util/ValueConversions
instanceKlass java/lang/invoke/DirectMethodHandle$Holder
instanceKlass java/lang/Void
instanceKlass sun/invoke/util/Wrapper$Format
instanceKlass java/lang/invoke/MethodHandleImpl$1
instanceKlass jdk/internal/access/JavaLangInvokeAccess
instanceKlass java/lang/invoke/LambdaForm$NamedFunction
instanceKlass java/lang/invoke/MethodHandleImpl
instanceKlass jdk/internal/reflect/MethodHandleAccessorFactory$LazyStaticHolder
instanceKlass java/lang/invoke/MethodTypeForm
instanceKlass java/lang/invoke/MethodType$ConcurrentWeakInternSet
instanceKlass sun/reflect/annotation/AnnotationParser
instanceKlass java/lang/Class$3
instanceKlass java/lang/PublicMethods$Key
instanceKlass java/lang/PublicMethods$MethodList
instanceKlass java/util/EnumMap$1
instanceKlass java/util/stream/StreamOpFlag$MaskBuilder
instanceKlass java/util/stream/Stream
instanceKlass java/util/stream/BaseStream
instanceKlass java/util/stream/PipelineHelper
instanceKlass java/util/stream/StreamSupport
instanceKlass java/util/Spliterators$IteratorSpliterator
instanceKlass java/util/Spliterator$OfDouble
instanceKlass java/util/Spliterator$OfLong
instanceKlass java/util/Spliterator$OfInt
instanceKlass java/util/Spliterator$OfPrimitive
instanceKlass java/util/Spliterator
instanceKlass java/util/Spliterators$EmptySpliterator
instanceKlass java/util/Spliterators
instanceKlass jdk/internal/module/DefaultRoots
instanceKlass jdk/internal/loader/BuiltinClassLoader$LoadedModule
instanceKlass jdk/internal/loader/AbstractClassLoaderValue
instanceKlass jdk/internal/module/ServicesCatalog
instanceKlass java/util/Deque
instanceKlass java/util/Queue
instanceKlass sun/net/util/IPAddressUtil
instanceKlass java/net/URLStreamHandler
instanceKlass java/util/HexFormat
instanceKlass sun/net/www/ParseUtil
instanceKlass java/net/URL$3
instanceKlass jdk/internal/access/JavaNetURLAccess
instanceKlass java/net/URL$DefaultFactory
instanceKlass java/net/URLStreamHandlerFactory
instanceKlass jdk/internal/loader/URLClassPath
instanceKlass java/security/Principal
instanceKlass java/security/ProtectionDomain$Key
instanceKlass java/security/ProtectionDomain$JavaSecurityAccessImpl
instanceKlass jdk/internal/access/JavaSecurityAccess
instanceKlass java/lang/ClassLoader$ParallelLoaders
instanceKlass java/security/cert/Certificate
instanceKlass jdk/internal/loader/ArchivedClassLoaders
instanceKlass java/util/concurrent/ConcurrentHashMap$CollectionView
instanceKlass jdk/internal/loader/ClassLoaderHelper
instanceKlass jdk/internal/loader/NativeLibraries
instanceKlass jdk/internal/loader/BootLoader
instanceKlass java/util/Optional
instanceKlass jdk/internal/module/SystemModuleFinders$SystemModuleFinder
instanceKlass java/lang/module/ModuleFinder
instanceKlass jdk/internal/module/SystemModuleFinders$3
instanceKlass jdk/internal/module/ModuleHashes$HashSupplier
instanceKlass jdk/internal/module/SystemModuleFinders$2
instanceKlass java/util/function/Supplier
instanceKlass java/lang/module/ModuleReference
instanceKlass jdk/internal/module/ModuleResolution
instanceKlass java/util/Collections$UnmodifiableMap
instanceKlass jdk/internal/module/ModuleHashes$Builder
instanceKlass jdk/internal/module/ModuleHashes
instanceKlass jdk/internal/module/ModuleTarget
instanceKlass java/util/ImmutableCollections$Set12$1
instanceKlass java/lang/module/ModuleDescriptor$Version
instanceKlass java/lang/module/ModuleDescriptor$Provides
instanceKlass java/lang/module/ModuleDescriptor$Opens
instanceKlass java/util/ImmutableCollections$SetN$SetNIterator
instanceKlass java/lang/module/ModuleDescriptor$Exports
instanceKlass java/lang/module/ModuleDescriptor$Requires
instanceKlass jdk/internal/module/Builder
instanceKlass jdk/internal/module/SystemModules$all
instanceKlass jdk/internal/module/SystemModules
instanceKlass jdk/internal/module/SystemModulesMap
instanceKlass java/net/URI$1
instanceKlass jdk/internal/access/JavaNetUriAccess
instanceKlass java/net/URI
instanceKlass jdk/internal/module/SystemModuleFinders
instanceKlass jdk/internal/module/ArchivedModuleGraph
instanceKlass jdk/internal/module/ArchivedBootLayer
instanceKlass jdk/internal/module/ModuleBootstrap$Counters
instanceKlass jdk/internal/module/ModulePatcher
instanceKlass java/io/FileSystem
instanceKlass java/io/DefaultFileSystem
instanceKlass java/io/File
instanceKlass java/lang/module/ModuleDescriptor$1
instanceKlass jdk/internal/access/JavaLangModuleAccess
instanceKlass sun/invoke/util/VerifyAccess
instanceKlass java/util/KeyValueHolder
instanceKlass java/util/ImmutableCollections$MapN$MapNIterator
instanceKlass java/lang/StrictMath
instanceKlass java/lang/invoke/MethodHandles$Lookup
instanceKlass java/lang/invoke/MemberName$Factory
instanceKlass java/lang/invoke/MethodHandles
instanceKlass java/lang/module/ModuleDescriptor
instanceKlass jdk/internal/module/ModuleBootstrap
instanceKlass java/lang/invoke/MethodHandleStatics
instanceKlass jdk/internal/misc/Blocker
instanceKlass java/util/concurrent/locks/AbstractQueuedSynchronizer$ConditionObject
instanceKlass java/util/concurrent/locks/Condition
instanceKlass java/util/Collections
instanceKlass java/lang/Thread$ThreadIdentifiers
instanceKlass sun/io/Win32ErrorMode
instanceKlass jdk/internal/misc/OSEnvironment
instanceKlass java/lang/Integer$IntegerCache
instanceKlass jdk/internal/misc/Signal$NativeHandler
instanceKlass java/util/Hashtable$Entry
instanceKlass jdk/internal/misc/Signal
instanceKlass java/lang/Terminator$1
instanceKlass jdk/internal/misc/Signal$Handler
instanceKlass java/lang/Terminator
instanceKlass java/nio/ByteOrder
instanceKlass java/nio/Buffer$1
instanceKlass jdk/internal/access/JavaNioAccess
instanceKlass jdk/internal/misc/ScopedMemoryAccess
instanceKlass java/nio/charset/CodingErrorAction
instanceKlass sun/nio/cs/SingleByte
instanceKlass java/lang/StringUTF16
instanceKlass sun/nio/cs/MS1252$Holder
instanceKlass sun/nio/cs/ArrayEncoder
instanceKlass java/nio/charset/CharsetEncoder
instanceKlass java/io/Writer
instanceKlass java/io/PrintStream$1
instanceKlass jdk/internal/access/JavaIOPrintStreamAccess
instanceKlass jdk/internal/misc/InternalLock
instanceKlass java/io/OutputStream
instanceKlass java/io/Flushable
instanceKlass java/io/FileDescriptor$1
instanceKlass jdk/internal/access/JavaIOFileDescriptorAccess
instanceKlass java/io/FileDescriptor
instanceKlass sun/security/action/GetPropertyAction
instanceKlass jdk/internal/util/StaticProperty
instanceKlass jdk/internal/reflect/MethodHandleAccessorFactory
instanceKlass java/lang/reflect/Modifier
instanceKlass java/lang/Class$1
instanceKlass java/lang/Class$Atomic
instanceKlass java/lang/Class$ReflectionData
instanceKlass jdk/internal/util/ArraysSupport
instanceKlass java/nio/charset/StandardCharsets
instanceKlass sun/nio/cs/HistoricallyNamedCharset
instanceKlass java/nio/charset/spi/CharsetProvider
instanceKlass java/nio/charset/Charset
instanceKlass java/util/HashMap$HashIterator
instanceKlass java/util/concurrent/locks/LockSupport
instanceKlass java/util/concurrent/ConcurrentHashMap$Node
instanceKlass java/util/concurrent/ConcurrentHashMap$CounterCell
instanceKlass java/util/concurrent/locks/ReentrantLock
instanceKlass java/util/concurrent/locks/Lock
instanceKlass java/lang/CharacterData
instanceKlass java/util/Arrays
instanceKlass jdk/internal/util/Preconditions$3
instanceKlass jdk/internal/util/Preconditions$2
instanceKlass jdk/internal/util/Preconditions$4
instanceKlass java/util/function/BiFunction
instanceKlass jdk/internal/util/Preconditions$1
instanceKlass java/util/function/Function
instanceKlass jdk/internal/util/Preconditions
instanceKlass java/lang/Runtime
instanceKlass java/lang/VersionProps
instanceKlass java/lang/StringConcatHelper
instanceKlass java/util/HashMap$Node
instanceKlass java/util/Map$Entry
instanceKlass jdk/internal/util/SystemProps$Raw
instanceKlass jdk/internal/util/SystemProps
instanceKlass java/lang/System$2
instanceKlass jdk/internal/access/JavaLangAccess
instanceKlass java/lang/ref/NativeReferenceQueue$Lock
instanceKlass java/lang/ref/ReferenceQueue
instanceKlass java/lang/ref/Reference$1
instanceKlass jdk/internal/access/JavaLangRefAccess
instanceKlass jdk/internal/reflect/ReflectionFactory
instanceKlass java/lang/Math
instanceKlass java/lang/StringLatin1
instanceKlass jdk/internal/reflect/Reflection
instanceKlass jdk/internal/reflect/ReflectionFactory$GetReflectionFactoryAction
instanceKlass java/security/PrivilegedAction
instanceKlass jdk/internal/access/SharedSecrets
instanceKlass java/lang/reflect/ReflectAccess
instanceKlass jdk/internal/access/JavaLangReflectAccess
instanceKlass java/util/ImmutableCollections
instanceKlass java/util/Objects
instanceKlass java/util/Set
instanceKlass jdk/internal/misc/CDS
instanceKlass java/lang/Module$ArchivedData
instanceKlass jdk/internal/misc/VM
instanceKlass java/lang/String$CaseInsensitiveComparator
instanceKlass java/util/Comparator
instanceKlass java/io/ObjectStreamField
instanceKlass jdk/internal/vm/FillerObject
instanceKlass jdk/internal/vm/vector/VectorSupport$VectorPayload
instanceKlass jdk/internal/vm/vector/VectorSupport
instanceKlass java/lang/reflect/RecordComponent
instanceKlass java/util/Iterator
instanceKlass java/lang/Number
instanceKlass java/lang/Character
instanceKlass java/lang/Boolean
instanceKlass java/util/concurrent/locks/AbstractOwnableSynchronizer
instanceKlass java/lang/LiveStackFrame
instanceKlass java/lang/StackFrameInfo
instanceKlass java/lang/StackWalker$StackFrame
instanceKlass java/lang/StackStreamFactory$AbstractStackWalker
instanceKlass java/lang/StackWalker
instanceKlass java/nio/Buffer
instanceKlass java/lang/StackTraceElement
instanceKlass java/util/RandomAccess
instanceKlass java/util/List
instanceKlass java/util/AbstractCollection
instanceKlass java/util/Collection
instanceKlass java/lang/Iterable
instanceKlass java/util/concurrent/ConcurrentMap
instanceKlass java/util/AbstractMap
instanceKlass java/security/CodeSource
instanceKlass jdk/internal/loader/ClassLoaders
instanceKlass java/util/jar/Manifest
instanceKlass java/lang/Enum
instanceKlass java/net/URL
instanceKlass java/io/InputStream
instanceKlass java/io/Closeable
instanceKlass java/lang/AutoCloseable
instanceKlass jdk/internal/module/Modules
instanceKlass jdk/internal/misc/Unsafe
instanceKlass jdk/internal/misc/UnsafeConstants
instanceKlass java/lang/AbstractStringBuilder
instanceKlass java/lang/Appendable
instanceKlass java/lang/AssertionStatusDirectives
instanceKlass java/lang/invoke/MethodHandleNatives$CallSiteContext
instanceKlass jdk/internal/foreign/abi/VMStorage
instanceKlass jdk/internal/foreign/abi/ABIDescriptor
instanceKlass jdk/internal/foreign/abi/NativeEntryPoint
instanceKlass java/lang/invoke/CallSite
instanceKlass java/lang/invoke/MethodType
instanceKlass java/lang/invoke/TypeDescriptor$OfMethod
instanceKlass java/lang/invoke/LambdaForm
instanceKlass java/lang/invoke/MethodHandleNatives
instanceKlass java/lang/invoke/ResolvedMethodName
instanceKlass java/lang/invoke/MemberName
instanceKlass java/lang/invoke/VarHandle
instanceKlass java/lang/invoke/MethodHandle
instanceKlass jdk/internal/reflect/CallerSensitive
instanceKlass java/lang/annotation/Annotation
instanceKlass jdk/internal/reflect/FieldAccessor
instanceKlass jdk/internal/reflect/ConstantPool
instanceKlass jdk/internal/reflect/ConstructorAccessor
instanceKlass jdk/internal/reflect/MethodAccessor
instanceKlass jdk/internal/reflect/MagicAccessorImpl
instanceKlass jdk/internal/vm/StackChunk
instanceKlass jdk/internal/vm/Continuation
instanceKlass jdk/internal/vm/ContinuationScope
instanceKlass java/lang/reflect/Parameter
instanceKlass java/lang/reflect/Member
instanceKlass java/lang/reflect/AccessibleObject
instanceKlass java/lang/Module
instanceKlass java/util/Map
instanceKlass java/util/Dictionary
instanceKlass java/lang/ThreadGroup
instanceKlass java/lang/Thread$UncaughtExceptionHandler
instanceKlass java/lang/Thread$Constants
instanceKlass java/lang/Thread$FieldHolder
instanceKlass java/lang/Thread
instanceKlass java/lang/Runnable
instanceKlass java/lang/ref/Reference
instanceKlass java/lang/Record
instanceKlass java/security/AccessController
instanceKlass java/security/AccessControlContext
instanceKlass java/security/ProtectionDomain
instanceKlass java/lang/SecurityManager
instanceKlass java/lang/Throwable
instanceKlass java/lang/System
instanceKlass java/lang/ClassLoader
instanceKlass java/lang/Cloneable
instanceKlass java/lang/Class
instanceKlass java/lang/invoke/TypeDescriptor$OfField
instanceKlass java/lang/invoke/TypeDescriptor
instanceKlass java/lang/reflect/Type
instanceKlass java/lang/reflect/GenericDeclaration
instanceKlass java/lang/reflect/AnnotatedElement
instanceKlass java/lang/String
instanceKlass java/lang/constant/ConstantDesc
instanceKlass java/lang/constant/Constable
instanceKlass java/lang/CharSequence
instanceKlass java/lang/Comparable
instanceKlass java/io/Serializable
ciInstanceKlass java/lang/Object 1 1 106 1 7 1 1 1 1 1 1 1 1 1 1 1 1 1 7 1 1 1 100 12 10 12 10 1 100 1 12 10 1 1 12 10 1 8 12 10 1 100 1 1 12 10 12 10 1 1 1 1 7 1 12 10 1 7 1 1 12 10 1 12 10 1 12 10 1 100 1 1 12 10 1 1 12 10 1 12 10 1 7 1 1 100 1 8 1 12 10 3 1 8 5 0 1 1 1 1 1 3 1 1 1 1 1 1
ciMethod java/lang/Object equals (Ljava/lang/Object;)Z 1024 0 8771 0 -1
ciMethod java/lang/Object toString ()Ljava/lang/String; 0 0 1 0 -1
ciMethod java/lang/Object hashCode ()I 768 0 384 0 -1
ciInstanceKlass java/io/Serializable 1 0 5 1 100 1 100
ciInstanceKlass java/lang/System 1 1 757 1 7 1 100 1 100 1 100 1 100 1 100 1 7 1 100 1 1 1 1 7 1 7 1 1 1 100 1 100 1 1 1 1 1 1 1 1 3 1 3 1 1 1 1 1 1 1 1 1 1 1 1 1 1 1 1 1 12 10 1 12 9 1 1 1 12 10 1 12 10 1 1 1 12 10 1 1 12 10 1 1 12 9 1 7 1 1 12 10 1 100 12 11 1 100 1 100 1 1 1 100 1 100 1 1 12 10 12 10 1 1 12 10 1 100 1 8 1 12 10 1 100 1 1 12 10 1 1 1 1 7 1 1 12 10 1 16 1 7 1 1 12 10 15 16 1 100 1 1 12 10 15 1 1 12 18 1 100 1 1 12 10 1 100 1 1 12 10 1 100 1 1 12 10 1 100 1 100 1 1 1 1 1 1 1 12 10 1 7 1 1 12 10 1 1 12 9 1 100 1 1 12 10 1 1 12 11 12 10 1 1 12 10 1 100 10 1 1 12 10 1 8 1 12 10 1 8 1 12 10 1 7 12 9 1 8 1 7 1 1 12 10 1 12 10 1 100 1 8 10 1 100 12 9 1 8 1 1 12 10 1 100 1 1 12 10 1 8 1 12 10 1 12 10 8 1 12 10 1 1 12 10 12 10 1 1 1 1 1 1 1 1 1 1 1 12 10 12 9 12 9 1 1 1 7 1 1 12 10 1 7 1 1 12 10 1 1 12 10 1 1 1 12 10 1 12 10 1 7 12 10 1 12 10 1 1 100 1 8 1 12 10 1 12 10 1 1 12 10 1 100 1 8 10 1 12 10 1 100 1 8 10 1 1 8 1 7 12 10 1 1 8 12 10 1 1 1 100 1 8 10 1 1 12 10 1 7 1 12 10 1 1 100 1 1 12 10 15 1 16 1 12 18 1 100 1 1 12 9 1 12 10 1 1 12 10 1 1 12 10 1 1 1 7 1 1 12 10 12 10 1 12 10 1 1 12 10 1 1 1 12 10 1 1 12 10 1 1 1 1 7 1 12 10 1 7 1 1 12 9 1 7 1 1 12 10 1 12 10 1 12 10 1 1 1 7 1 1 12 10 1 100 1 8 10 12 9 12 9 1 12 10 1 12 10 1 12 10 1 1 12 10 1 100 1 8 1 1 12 10 1 8 1 1 12 11 12 10 1 1 12 11 1 7 1 1 12 11 1 7 1 12 11 1 12 11 1 12 11 1 12 10 1 8 1 1 12 10 1 8 1 8 1 8 1 8 1 12 11 1 12 10 1 1 12 10 1 12 10 1 8 1 1 12 10 1 8 12 9 1 8 1 7 1 12 10 1 8 1 7 1 7 1 12 9 1 12 10 1 7 12 9 10 12 9 1 7 12 10 1 8 12 10 1 8 1 7 1 12 10 1 12 10 1 1 12 10 1 7 1 12 11 12 10 1 1 1 100 1 7 1 1 12 10 12 9 1 8 12 10 1 1 7 1 1 12 10 1 7 1 1 12 10 1 8 10 1 8 1 8 1 8 1 8 10 1 7 1 12 10 1 12 10 1 1 12 10 1 1 12 10 1 12 10 1 100 1 1 12 10 1 100 10 1 8 10 10 1 1 12 10 1 1 12 10 1 8 1 12 10 1 8 1 8 1 12 10 1 7 1 1 12 10 1 1 12 10 10 1 12 10 1 12 10 12 9 1 1 1 1 1 1 1 1 1 1
staticfield java/lang/System in Ljava/io/InputStream; java/io/ByteArrayInputStream
staticfield java/lang/System out Ljava/io/PrintStream; java/io/PrintStream
staticfield java/lang/System err Ljava/io/PrintStream; java/io/PrintStream
ciInstanceKlass java/util/Map$Entry 1 0 162 1 100 1 1 100 1 100 1 1 100 1 100 1 1 1 1 1 1 1 1 1 1 1 1 1 1 1 1 1 16 1 1 12 11 15 16 3 3 1 100 1 1 12 10 15 1 12 18 1 100 1 100 1 1 1 12 11 15 18 1 1 1 100 1 12 10 1 1 12 11 15 12 18 1 1 12 11 15 18 1 1 1 1 100 12 11 12 11 1 1 12 11 1 1 1 100 1 1 12 10 1 100 12 10 8 12 10 8 8 8 1 12 10 1 12 10 8 10 1 12 10 8 1 12 10 8 1 12 10 8 1 12 10 8 1 1 12 10 8 1 100 1 8 1 1 12 10 12 11 1 100 1 1 12 11 1 1 1 1 1 1
ciInstanceKlass java/util/Map 1 1 197 1 7 1 1 7 1 7 1 1 7 1 7 1 1 7 1 1 7 1 1 1 1 1 1 1 1 1 1 1 1 1 1 1 1 1 1 1 1 1 1 1 1 1 1 1 1 1 1 1 1 12 11 12 11 1 1 1 1 100 1 100 1 12 10 12 11 1 7 1 1 12 11 1 100 1 12 11 1 1 12 11 1 12 11 1 12 11 1 100 1 100 1 1 12 10 1 1 12 11 1 1 1 1 100 1 12 11 1 12 11 1 12 11 1 12 10 12 11 1 1 1 1 1 1 1 100 12 11 1 1 1 1 1 1 1 1 1 1 1 1 12 9 1 1 12 10 1 1 1 12 10 1 1 1 1 1 1 1 1 1 1 1 1 1 1 1 1 1 1 1 1 1 7 1 100 1 1 1 1 7 10 1 1 1 1 1 12 11 12 11 1 1 1 1 1 1
ciInstanceKlass java/lang/String 1 1 1211 1 7 1 1 7 1 100 1 100 1 7 1 100 1 100 1 7 1 7 1 7 1 1 7 1 7 1 100 1 100 1 1 100 1 1 100 1 100 1 1 1 1 1 1 1 1 1 1 1 1 1 5 0 1 1 1 1 1 3 1 1 1 1 3 1 3 1 1 12 10 1 8 12 9 12 9 1 1 12 9 12 9 1 1 12 10 1 1 1 12 10 1 1 12 10 1 1 100 12 9 1 1 12 10 10 1 1 1 1 100 1 7 1 1 12 10 1 1 12 10 1 1 12 10 1 12 10 1 1 7 1 1 12 10 1 12 10 1 7 1 7 1 1 12 10 1 7 1 7 1 1 12 9 1 7 1 1 12 10 1 7 1 1 12 10 1 1 12 10 1 1 12 10 1 1 12 10 1 1 12 10 1 7 1 12 9 12 10 1 7 1 12 9 1 1 12 10 1 1 12 10 1 7 1 1 12 11 1 100 1 12 11 1 1 12 11 1 1 12 10 1 1 12 10 1 100 1 1 12 9 1 1 12 10 1 12 10 1 1 12 11 1 1 12 10 1 100 12 10 1 1 12 10 1 100 1 1 12 10 1 1 12 10 1 1 12 10 1 100 1 12 10 1 1 1 12 10 1 1 1 100 1 12 10 1 1 12 10 1 100 1 100 12 10 1 1 12 10 10 1 1 1 100 1 100 1 12 10 12 10 1 1 1 1 12 10 1 1 12 10 1 12 10 1 1 12 10 1 1 12 10 1 100 1 12 10 1 100 11 1 12 11 1 12 11 12 10 1 12 10 12 10 1 1 12 10 10 1 100 1 1 12 10 1 100 1 12 10 1 12 10 1 100 1 12 10 1 12 10 1 1 12 10 1 1 12 10 1 1 1 12 10 1 12 10 1 1 1 1 1 12 10 1 100 12 10 12 10 1 12 10 1 1 12 10 1 7 1 1 12 10 1 12 10 1 1 12 10 1 12 10 1 1 1 12 10 1 1 1 1 1 1 1 1 1 1 1 3 1 1 3 12 10 1 12 10 12 10 1 1 12 10 12 10 1 12 10 12 10 12 10 12 10 1 12 10 1 12 10 1 1 12 10 1 12 10 12 10 12 10 1 12 10 1 12 10 1 12 10 10 1 100 10 1 8 1 1 12 10 1 12 10 1 8 1 1 12 10 12 10 1 12 10 1 8 10 1 1 12 10 1 1 12 10 1 12 10 1 1 1 12 10 12 10 1 1 100 10 10 1 1 12 10 1 1 1 1 12 10 12 10 10 1 1 1 12 10 12 10 1 12 10 12 10 1 1 1 1 12 10 12 10 1 1 100 10 1 12 10 1 1 1 12 10 1 12 10 10 1 1 1 12 10 10 12 10 1 1 100 10 1 1 1 12 10 1 1 1 12 10 1 1 1 7 10 1 12 10 1 12 10 1 12 10 12 10 12 10 11 12 11 1 12 10 1 1 1 1 12 10 1 1 1 12 10 10 1 12 10 1 12 10 1 12 9 1 7 1 1 12 11 1 10 12 10 1 1 12 10 10 1 12 10 1 12 10 1 1 12 10 1 1 1 12 10 10 1 12 10 12 10 10 1 12 10 12 10 10 12 10 10 1 12 10 1 1 12 10 12 10 10 12 10 12 10 12 10 12 10 10 1 12 10 1 1 1 12 10 1 12 10 10 1 1 1 1 12 10 1 7 1 1 12 10 1 1 1 12 10 10 1 1 7 1 12 10 1 11 12 10 1 1 1 1 12 10 1 1 12 10 1 7 12 10 1 12 10 1 1 100 10 12 10 1 12 10 1 12 10 1 100 1 12 10 1 12 10 1 100 1 8 10 10 1 12 10 1 1 1 8 12 10 3 3 1 7 10 1 12 10 1 12 10 1 1 12 10 1 1 12 10 1 7 1 1 12 11 1 7 1 12 10 1 12 10 1 1 1 1 12 10 1 12 10 1 1 8 1 1 12 10 1 12 10 1 1 1 100 1 1 12 11 1 100 1 12 11 1 1 12 11 1 12 10 1 1 1 12 10 10 1 7 1 1 12 10 12 10 1 12 10 10 12 10 1 1 12 10 10 1 12 10 10 1 12 10 10 1 12 10 10 1 1 12 10 1 1 1 1 12 10 10 1 100 1 12 10 1 8 1 12 10 16 1 12 10 15 16 1 100 1 1 12 10 15 1 1 12 18 1 1 12 11 3 1 12 10 15 1 12 18 1 1 12 10 15 1 12 18 1 8 1 100 1 1 12 10 1 1 12 11 12 10 10 1 12 10 10 1 1 1 12 11 1 1 12 10 1 12 11 1 12 10 15 18 1 3 11 1 7 1 12 10 11 11 12 10 1 1 1 12 10 1 8 1 12 10 1 12 10 1 1 12 10 10 12 10 1 1 1 1 100 12 11 1 1 12 10 10 1 7 1 1 12 10 1 10 1 7 10 1 12 10 10 1 1 12 10 1 1 1 8 10 1 12 10 1 1 1 1 8 1 8 1 1 12 10 1 12 10 10 12 10 1 1 7 12 10 1 1 100 12 10 1 1 100 12 10 1 1 8 1 12 10 1 1 100 10 1 12 9 12 10 1 7 1 1 12 9 1 12 10 1 1 12 10 1 12 10 1 1 12 10 1 12 10 1 8 1 1 1 1 100 1 1 12 10 1 1 1 12 10 1 1 7 12 10 12 10 10 12 10 12 10 1 1 7 12 9 10 1 1 1 1 1 1 1 1 1 1
staticfield java/lang/String COMPACT_STRINGS Z 1
staticfield java/lang/String serialPersistentFields [Ljava/io/ObjectStreamField; 0 [Ljava/io/ObjectStreamField;
staticfield java/lang/String CASE_INSENSITIVE_ORDER Ljava/util/Comparator; java/lang/String$CaseInsensitiveComparator
ciMethod java/lang/String equals (Ljava/lang/Object;)Z 51216 0 41286 0 384
ciMethod java/lang/String toString ()Ljava/lang/String; 524 0 152059 0 64
ciMethod java/lang/String hashCode ()I 514 0 15706 0 160
ciInstanceKlass java/lang/CharSequence 1 1 116 1 100 1 100 1 100 1 100 1 1 100 1 100 1 1 100 1 100 1 1 100 1 100 1 1 1 1 1 1 1 12 11 1 1 1 1 1 1 1 16 1 1 12 11 15 16 1 100 1 1 12 10 15 1 1 12 18 1 100 1 1 12 10 1 1 12 11 15 18 1 1 1 100 1 1 12 10 1 1 12 11 1 100 1 1 12 11 1 100 1 1 12 10 12 11 1 1 12 10 1 100 1 1 12 10 10 1 1 12 10 1 1 1 1 1
ciMethod java/lang/String length ()I 588 0 1888090 0 96
ciMethod java/lang/String isEmpty ()Z 522 0 268033 0 96
ciMethod java/lang/String charAt (I)C 590 0 5153024 0 -1
instanceKlass org/eclipse/core/internal/resources/SaveManager$MasterTable
instanceKlass org/eclipse/osgi/util/NLS$MessagesProperties
instanceKlass org/eclipse/core/internal/preferences/SortedProperties
instanceKlass java/security/Provider
ciInstanceKlass java/util/Properties 1 1 578 1 7 1 1 7 1 7 1 7 1 1 7 1 7 1 1 1 7 1 7 1 1 100 1 7 1 1 1 5 0 1 1 1 1 1 1 1 1 1 1 12 10 1 1 1 100 1 12 10 12 10 12 9 12 9 12 9 1 7 1 12 10 1 1 1 1 12 10 1 1 1 100 1 8 1 7 1 1 12 10 12 10 1 1 12 10 1 1 8 12 10 1 7 12 10 1 1 12 10 1 1 12 9 1 1 12 10 1 7 1 12 10 1 12 10 1 1 12 10 1 100 1 8 1 12 10 100 1 12 10 1 1 12 10 1 1 1 12 10 3 10 1 7 1 1 12 10 1 12 10 1 1 12 10 1 8 1 12 10 1 1 12 10 1 1 1 8 1 7 1 12 10 1 1 12 10 1 12 10 1 1 1 1 12 10 1 1 12 10 1 100 1 1 12 10 1 7 1 7 1 1 12 9 1 12 10 12 10 1 1 12 10 1 1 12 10 1 1 12 9 1 100 1 12 10 1 100 1 1 12 11 1 1 12 11 1 100 1 7 1 1 12 11 1 7 1 1 12 11 1 1 12 11 1 12 11 1 12 11 12 10 1 8 1 100 1 12 10 1 7 1 12 10 1 12 10 1 7 10 1 12 10 1 1 100 1 12 10 1 100 10 1 12 10 1 100 1 12 10 1 1 100 1 12 9 1 12 10 1 1 100 1 100 1 100 1 1 12 10 1 100 10 1 8 1 8 1 12 10 1 1 1 12 10 12 10 1 1 1 1 10 1 1 12 10 1 12 10 1 1 1 100 10 1 12 10 1 12 11 1 1 12 10 1 1 1 8 1 100 1 12 10 11 1 7 11 1 8 1 1 100 10 1 11 1 1 12 10 10 1 1 12 10 1 1 12 10 1 1 1 12 10 1 1 12 10 1 12 10 1 12 10 10 1 12 10 1 1 12 10 1 12 10 10 1 1 1 12 10 1 1 1 12 10 1 10 1 12 10 1 12 10 1 12 10 1 12 10 1 1 1 12 10 1 1 1 12 10 1 12 10 1 12 10 1 1 12 10 12 10 1 1 1 12 10 1 1 1 12 10 1 12 10 1 1 1 12 10 1 1 1 1 12 10 12 10 1 1 10 1 12 11 4 11 1 1 12 10 1 100 1 12 10 1 12 11 1 1 12 10 1 1 1 100 1 100 1 12 10 1 12 10 1 100 1 8 1 12 10 10 1 100 1 1 12 10 1 100 6 0 1 1 12 10 1 100 1 1 12 11 1 12 10 1 1 1 12 10 1 1 1 1 1 1 1 1 1
staticfield java/util/Properties UNSAFE Ljdk/internal/misc/Unsafe; jdk/internal/misc/Unsafe
instanceKlass org/apache/felix/scr/impl/helper/ReadOnlyDictionary
instanceKlass org/osgi/framework/FrameworkUtil$MapAsDictionary
instanceKlass org/eclipse/osgi/framework/util/CaseInsensitiveDictionaryMap$UnmodifiableDictionary
instanceKlass org/eclipse/osgi/framework/util/CaseInsensitiveDictionaryMap
instanceKlass org/eclipse/osgi/internal/framework/EquinoxBundle$SystemBundle$SystemBundleHeaders
instanceKlass org/eclipse/osgi/storage/BundleInfo$CachedManifest
instanceKlass java/util/Hashtable
ciInstanceKlass java/util/Dictionary 1 1 28 1 100 1 1 7 1 1 12 10 1 1 1 1 1 1 1 1 1 1 1 1 1 1 1 1 1 1
instanceKlass java/util/Properties
ciInstanceKlass java/util/Hashtable 1 1 439 1 7 1 1 7 1 100 1 100 1 100 1 7 1 7 1 100 1 100 1 100 1 100 1 1 100 1 1 1 1 1 100 1 100 1 1 1 1 1 1 1 1 1 1 1 1 1 5 0 1 3 1 1 1 1 1 1 1 1 1 3 1 3 1 3 1 1 1 12 10 12 9 1 100 1 100 10 1 8 1 1 12 10 1 12 10 1 1 12 10 1 12 10 1 7 1 1 12 10 1 8 1 12 10 12 9 12 9 4 1 7 1 1 12 10 12 9 1 4 12 10 1 1 1 1 12 11 1 1 12 10 1 12 10 1 12 9 1 1 1 1 1 1 1 12 10 1 1 1 1 1 100 10 100 1 1 12 9 1 7 1 12 10 1 1 12 9 1 12 10 1 1 12 10 3 1 12 9 1 12 9 1 1 1 1 1 1 1 12 10 1 12 10 1 1 1 12 10 1 1 12 11 1 100 1 1 12 11 1 100 1 12 11 1 12 11 1 12 11 1 12 11 12 10 1 1 1 1 12 10 12 10 12 9 12 9 12 9 1 1 100 10 1 100 1 12 10 10 1 8 10 1 12 10 1 8 10 1 100 1 8 1 1 7 1 12 10 1 12 10 1 1 1 1 12 10 1 1 12 10 1 1 12 10 1 10 1 1 10 1 1 12 10 1 100 12 11 12 11 1 100 10 1 1 10 1 1 1 1 100 1 12 10 1 100 1 1 12 11 1 100 10 1 1 1 1 100 1 12 11 1 1 1 1 1 1 1 1 1 100 12 11 1 1 1 1 12 10 1 1 1 1 1 1 100 1 12 10 1 100 1 12 10 1 12 10 1 100 1 12 10 1 1 1 1 1 100 1 12 10 1 1 12 10 8 1 12 10 1 100 1 8 10 4 12 10 4 1 12 10 1 8 4 12 10 1 100 1 1 12 10 1 100 1 100 1 1 12 11 1 1 12 10 12 10 1 1 12 10 1 10 1 1 1 1 1 1 1
ciMethod java/util/Properties size ()I 512 0 3297 0 0
ciMethod java/util/Properties entrySet ()Ljava/util/Set; 512 0 4277 0 0
ciMethod java/util/Properties putAll (Ljava/util/Map;)V 512 0 3288 0 0
ciInstanceKlass sun/nio/cs/UTF_8 1 1 72 1 7 1 7 1 7 1 7 1 1 1 1 1 1 1 1 1 8 1 7 1 1 12 10 1 12 10 1 1 1 8 1 1 1 12 10 1 1 10 1 1 1 7 1 1 12 10 1 1 12 10 1 1 12 10 1 12 10 12 9 1 7 1 1 12 10 12 9 1 1 1
staticfield sun/nio/cs/UTF_8 INSTANCE Lsun/nio/cs/UTF_8; sun/nio/cs/UTF_8
staticfield sun/nio/cs/UTF_8 JLA Ljdk/internal/access/JavaLangAccess; java/lang/System$2
ciMethod sun/nio/cs/UTF_8 newDecoder ()Ljava/nio/charset/CharsetDecoder; 178 0 5991 0 -1
ciInstanceKlass java/util/Set 1 1 111 1 7 1 1 7 1 100 1 7 1 7 1 1 7 1 1 7 1 1 1 1 1 1 1 1 1 1 1 1 1 1 1 1 1 1 1 1 1 1 1 1 1 1 1 1 1 1 1 1 7 1 12 10 1 1 1 1 1 12 9 1 1 1 1 12 10 1 1 1 12 10 1 1 1 12 10 1 1 1 1 1 1 1 1 1 1 1 1 1 1 1 1 1 1 1 1 1 7 1 12 10 12 10 12 11 1 1 1 1 1
ciInstanceKlass java/util/Iterator 1 1 42 1 7 1 1 100 1 1 1 1 1 1 1 1 100 8 1 1 12 10 1 1 1 1 7 1 1 12 10 12 11 12 11 1 7 1 1 12 11 1 1 1
instanceKlass java/io/ObjectInputStream$PeekInputStream
instanceKlass java/io/ObjectInputStream$BlockDataInputStream
instanceKlass sun/nio/ch/SocketInputStream
instanceKlass java/io/ObjectInputStream
instanceKlass org/eclipse/core/internal/resources/ContentDescriptionManager$LazyFileInputStream
instanceKlass org/eclipse/core/internal/localstore/SafeChunkyInputStream
instanceKlass org/eclipse/core/internal/registry/BufferedRandomInputStream
instanceKlass com/sun/org/apache/xerces/internal/impl/XMLEntityManager$RewindableInputStream
instanceKlass org/eclipse/osgi/storage/url/reference/ReferenceInputStream
instanceKlass java/util/jar/JarVerifier$VerifierStream
instanceKlass java/util/zip/ZipFile$ZipFileInputStream
instanceKlass java/io/FilterInputStream
instanceKlass java/io/FileInputStream
instanceKlass java/io/ByteArrayInputStream
ciInstanceKlass java/io/InputStream 1 1 150 1 7 1 7 1 100 1 100 1 1 3 1 3 1 3 1 1 12 10 1 1 10 1 1 1 100 1 1 12 10 1 7 1 1 12 10 12 10 1 1 3 1 1 12 10 1 100 1 8 1 12 10 1 7 1 7 1 7 1 1 12 10 1 100 1 8 10 1 7 1 1 12 10 1 7 10 1 1 12 11 1 1 12 10 1 1 12 11 1 7 1 1 12 11 1 1 12 11 1 7 1 1 12 10 1 1 5 0 1 12 10 1 1 12 10 1 100 10 1 8 10 1 1 1 1 1 1 8 1 1 1 1 8 1 1 12 10 1 100 1 1 12 10 1 1 1 1 1 1
ciInstanceKlass jdk/internal/misc/Unsafe 1 1 1205 1 7 1 7 1 1 1 1 3 1 1 1 1 1 1 1 1 1 1 1 1 1 1 1 1 1 1 1 1 1 1 12 10 1 1 12 9 1 1 1 1 1 1 1 1 1 1 1 1 1 1 1 1 1 1 1 1 1 1 1 1 1 1 1 1 1 1 1 1 1 1 1 1 1 1 1 12 9 12 10 1 7 1 1 12 10 12 10 1 12 10 12 10 1 1 1 12 10 1 12 10 1 12 10 1 12 10 1 12 10 1 12 10 1 1 1 1 1 12 10 1 12 10 1 12 10 1 12 10 12 10 12 10 1 1 1 100 10 1 1 1 1 12 10 12 10 1 5 0 1 1 1 12 10 12 10 1 1 1 1 7 1 1 12 10 1 1 12 10 1 12 10 1 12 10 12 10 1 1 12 10 1 12 10 1 12 10 1 100 1 100 10 1 8 1 1 12 10 1 12 10 1 8 1 1 12 10 1 12 10 12 10 1 1 1 12 10 1 12 10 1 12 10 1 1 1 12 10 1 12 10 1 12 10 12 10 1 1 1 12 10 1 12 10 1 12 10 1 1 1 12 10 1 12 10 5 0 5 0 5 0 1 12 10 1 12 10 1 12 10 1 1 12 10 1 12 10 1 12 10 1 12 10 1 12 10 1 1 12 10 1 12 10 1 12 10 1 100 1 8 10 1 1 1 100 10 1 12 10 1 1 1 12 10 1 1 12 10 1 1 1 12 10 1 1 1 1 12 10 1 1 12 10 1 1 1 1 12 10 1 1 12 10 1 1 1 7 1 12 9 1 12 9 1 1 1 1 100 10 1 12 10 1 1 1 1 100 1 1 1 1 8 10 1 8 1 8 1 12 10 1 7 1 1 12 9 1 100 9 1 7 9 1 7 9 9 1 100 9 1 7 9 1 100 9 1 1 1 1 1 1 1 12 10 1 1 12 10 1 1 1 1 1 1 1 1 12 10 1 1 12 10 1 1 1 1 1 5 0 5 0 1 1 12 9 1 12 10 12 10 1 1 12 10 1 12 10 1 12 10 1 1 1 1 1 1 1 8 3 1 1 12 10 1 12 10 1 12 10 1 1 1 1 1 1 1 1 1 1 12 10 1 1 12 10 1 12 10 1 12 10 1 1 12 10 1 12 10 1 12 10 1 1 1 1 1 1 12 10 1 12 10 1 12 10 1 12 10 1 1 12 10 1 12 10 1 12 10 1 1 1 1 12 10 1 1 1 1 12 10 1 12 10 1 12 10 1 12 10 1 12 10 1 12 10 1 1 1 1 1 12 10 1 1 12 10 1 1 1 1 12 10 1 12 10 1 1 12 10 1 1 12 10 1 1 12 10 1 1 12 10 1 1 12 10 1 1 12 10 1 1 1 1 1 1 1 1 1 1 1 1 1 1 1 1 1 1 12 10 1 12 10 1 12 10 1 12 10 1 12 10 1 1 12 10 1 12 10 1 12 10 1 12 10 1 12 10 1 12 10 1 12 10 1 12 10 1 12 10 1 12 10 1 12 10 1 12 10 1 1 1 1 1 1 1 1 1 1 1 1 1 1 1 1 1 1 1 1 1 1 1 1 1 12 10 1 1 1 1 12 10 1 1 1 1 12 10 1 1 1 1 12 10 1 1 1 1 12 10 1 1 12 10 1 12 10 1 12 10 1 1 1 1 1 1 1 1 1 1 1 1 1 1 1 1 12 10 1 12 10 12 10 1 12 10 12 10 1 1 1 1 1 12 10 1 12 10 1 12 10 1 1 1 1 12 10 1 12 10 1 12 10 1 12 10 1 12 10 1 12 10 1 12 10 1 12 10 1 12 10 1 1 12 10 1 1 12 10 1 1 12 10 1 1 12 10 1 1 12 10 1 1 12 10 1 1 12 10 1 1 12 10 1 1 12 10 1 1 12 10 1 1 12 10 1 1 12 10 1 1 12 10 1 1 12 10 1 1 12 10 1 1 12 10 1 1 12 10 1 1 12 10 1 1 1 1 1 1 1 1 1 1 1 1 1 1 1 1 1 1 1 1 12 10 1 1 12 10 1 12 10 1 1 100 10 1 1 100 10 1 1 1 12 9 1 5 0 1 1 12 10 5 0 1 12 10 5 0 1 12 10 1 12 10 1 1 12 10 1 1 1 12 10 1 12 10 1 12 10 1 12 10 1 1 1 12 10 1 12 10 1 12 10 1 1 12 10 1 12 10 1 1 1 12 10 1 12 10 1 12 10 1 12 10 1 1 1 12 10 1 12 10 1 12 10 1 1 1 12 10 1 12 10 1 1 12 10 1 1 1 12 10 12 10 1 12 10 10 1 1 12 10 1 12 10 1 1 1 12 10 12 10 12 10 5 0 5 0 5 0 1 1 12 10 1 12 10 1 12 10 12 10 1 1 1 100 1 12 10 1 8 1 100 1 1 12 11 1 8 1 1 12 11 1 100 1 12 10 1 1 1 1 1 3 1 1 1 12 10 1 12 10 1 1 12 10 1 12 10 1 12 10 1 12 10 1 12 10 1 1 1 12 10 1 12 10 1 1 1 12 10 1 1 12 10 10 1 7 12 10 12 9 1 7 12 9 1 7 12 9 1 7 12 9 1 7 12 9 1 7 12 9 1 7 12 9 1 7 12 9 1 7 12 9 12 10 12 9 12 9 12 9 12 9 12 9 12 9 12 9 12 9 12 9 1 12 9 1 1 1 1 1 1 1
staticfield jdk/internal/misc/Unsafe theUnsafe Ljdk/internal/misc/Unsafe; jdk/internal/misc/Unsafe
staticfield jdk/internal/misc/Unsafe ARRAY_BOOLEAN_BASE_OFFSET I 16
staticfield jdk/internal/misc/Unsafe ARRAY_BYTE_BASE_OFFSET I 16
staticfield jdk/internal/misc/Unsafe ARRAY_SHORT_BASE_OFFSET I 16
staticfield jdk/internal/misc/Unsafe ARRAY_CHAR_BASE_OFFSET I 16
staticfield jdk/internal/misc/Unsafe ARRAY_INT_BASE_OFFSET I 16
staticfield jdk/internal/misc/Unsafe ARRAY_LONG_BASE_OFFSET I 16
staticfield jdk/internal/misc/Unsafe ARRAY_FLOAT_BASE_OFFSET I 16
staticfield jdk/internal/misc/Unsafe ARRAY_DOUBLE_BASE_OFFSET I 16
staticfield jdk/internal/misc/Unsafe ARRAY_OBJECT_BASE_OFFSET I 16
staticfield jdk/internal/misc/Unsafe ARRAY_BOOLEAN_INDEX_SCALE I 1
staticfield jdk/internal/misc/Unsafe ARRAY_BYTE_INDEX_SCALE I 1
staticfield jdk/internal/misc/Unsafe ARRAY_SHORT_INDEX_SCALE I 2
staticfield jdk/internal/misc/Unsafe ARRAY_CHAR_INDEX_SCALE I 2
staticfield jdk/internal/misc/Unsafe ARRAY_INT_INDEX_SCALE I 4
staticfield jdk/internal/misc/Unsafe ARRAY_LONG_INDEX_SCALE I 8
staticfield jdk/internal/misc/Unsafe ARRAY_FLOAT_INDEX_SCALE I 4
staticfield jdk/internal/misc/Unsafe ARRAY_DOUBLE_INDEX_SCALE I 8
staticfield jdk/internal/misc/Unsafe ARRAY_OBJECT_INDEX_SCALE I 4
staticfield jdk/internal/misc/Unsafe ADDRESS_SIZE I 8
instanceKlass java/lang/Thread$Constants$2$1
instanceKlass org/eclipse/osgi/internal/loader/ModuleClassLoader
instanceKlass org/eclipse/osgi/internal/framework/ContextFinder
instanceKlass org/eclipse/osgi/internal/framework/EquinoxContainer$1
instanceKlass jdk/internal/reflect/DelegatingClassLoader
instanceKlass java/security/SecureClassLoader
ciInstanceKlass java/lang/ClassLoader 1 1 990 1 7 1 7 1 7 1 100 1 1 100 1 100 1 1 1 1 1 1 1 1 1 1 1 1 1 1 1 1 1 1 1 1 1 1 1 1 1 1 1 1 1 1 1 1 1 1 1 1 1 1 1 1 1 12 9 1 7 1 1 12 10 1 7 1 100 1 1 12 9 1 7 1 1 12 10 1 7 1 1 12 10 1 1 12 10 12 9 1 1 12 10 1 100 12 10 1 1 1 12 10 1 7 1 1 12 10 1 100 1 8 1 12 10 1 7 1 1 12 10 1 100 12 10 1 10 10 1 7 1 7 7 1 12 10 1 12 10 12 9 10 1 7 1 1 12 10 12 9 12 9 12 9 12 9 12 9 12 9 1 7 1 12 10 12 9 1 1 12 10 1 1 12 10 12 9 12 9 1 100 12 9 1 12 10 12 9 1 1 12 10 1 7 10 1 8 1 1 12 10 1 12 10 10 1 7 1 1 12 10 1 7 1 1 12 10 1 8 1 12 10 12 10 1 1 12 10 1 1 1 1 7 1 12 10 1 1 1 12 10 1 12 10 1 1 12 10 1 12 10 1 12 10 1 7 1 1 12 10 1 1 12 10 1 12 10 1 12 10 1 12 10 1 12 10 1 12 10 1 1 10 1 12 10 1 12 10 1 1 1 1 100 1 12 10 1 1 12 10 1 100 12 10 1 12 10 1 12 10 1 100 1 12 10 1 100 1 1 12 10 10 1 1 1 1 1 100 1 1 1 1 12 10 1 1 1 1 1 1 12 10 1 100 1 8 10 1 8 1 12 10 1 12 10 1 100 1 8 1 1 12 10 1 1 12 10 10 1 1 12 10 1 1 12 10 1 1 1 1 12 10 1 7 10 1 12 10 1 1 12 10 1 1 12 10 1 12 10 12 10 1 1 12 10 12 10 1 1 1 7 1 1 12 10 1 12 10 1 12 10 1 1 12 10 1 12 10 1 12 10 1 12 10 1 1 12 10 1 1 1 1 1 1 12 10 1 1 12 10 1 8 12 9 1 1 12 10 1 8 1 8 1 7 1 12 10 1 100 10 1 12 10 1 12 10 1 12 10 1 1 12 10 1 1 1 7 1 12 10 1 1 7 1 12 10 12 10 1 7 10 1 1 1 1 7 12 10 1 100 1 12 10 10 1 7 1 12 10 1 1 1 1 16 1 1 12 10 15 1 16 1 100 1 1 12 10 15 1 12 18 1 100 1 1 12 10 1 7 1 1 12 10 1 1 1 7 1 12 10 12 10 1 1 1 12 10 1 100 1 12 10 1 8 10 1 1 12 10 1 12 10 1 1 1 1 1 1 1 12 10 1 100 1 12 10 1 1 1 12 10 1 1 1 7 1 12 10 1 12 10 1 8 1 100 10 1 12 10 12 9 1 7 1 12 10 1 12 10 1 1 100 1 100 1 8 1 12 10 10 1 8 1 8 1 1 12 10 1 1 12 10 1 1 12 10 1 100 1 12 10 1 100 1 1 12 10 1 100 1 100 1 12 10 1 12 10 1 1 1 1 12 10 1 1 1 1 12 10 1 12 10 12 10 1 100 1 1 12 9 1 1 12 10 1 1 1 1 12 10 1 12 10 1 12 10 1 12 10 1 8 1 7 16 1 1 12 10 15 1 16 1 1 12 18 1 1 12 10 1 1 12 10 1 12 10 1 1 12 10 1 1 1 8 1 12 10 1 1 1 12 10 1 16 1 1 12 10 15 16 1 12 18 1 100 1 1 12 11 1 100 1 1 12 10 12 10 10 1 1 1 12 11 10 1 12 10 15 18 1 1 1 12 10 1 100 12 11 16 1 1 12 10 15 16 1 12 18 1 1 12 11 1 1 1 1 12 10 1 1 12 10 12 10 1 100 1 100 1 8 10 1 1 12 10 1 8 1 8 1 100 1 12 10 12 10 1 7 10 1 12 10 1 8 1 8 1 8 1 12 10 1 1 1 1 12 10 1 1 1 12 10 1 1 1 100 1 1 12 10 1 100 1 12 11 1 1 1 100 10 1 11 1 12 10 1 12 10 1 1 12 10 1 100 1 12 9 1 1 12 9 12 9 1 12 9 1 12 9 1 1 1 12 9 8 1 1 12 10 1 7 1 1 12 10 1 1 12 10 1 1 12 10 1 1 12 10 10 12 10 1 1 12 11 1 100 1 1 12 10 1 100 1 12 10 1 12 10 12 10 1 1 1 1 1 1 1 1 1 1
staticfield java/lang/ClassLoader nocerts [Ljava/security/cert/Certificate; 0 [Ljava/security/cert/Certificate;
staticfield java/lang/ClassLoader $assertionsDisabled Z 1
instanceKlass com/python/pydev/analysis/OccurrencesAnalyzer$1
instanceKlass org/python/pydev/core/concurrency/RunnableAsJobsPoolThread
instanceKlass org/python/pydev/ast/codecompletion/revisited/SyncSystemModulesManagerScheduler$SynchJob$1
instanceKlass org/python/pydev/shared_core/path_watch/PathWatch$PollThread
instanceKlass org/python/pydev/shared_core/io/ThreadStreamReader
instanceKlass java/util/logging/LogManager$Cleaner
instanceKlass org/eclipse/core/internal/jobs/InternalWorker
instanceKlass org/eclipse/core/internal/jobs/Worker
instanceKlass java/util/TimerThread
instanceKlass org/eclipse/osgi/framework/eventmgr/EventManager$EventThread
instanceKlass org/eclipse/equinox/launcher/Main$SplashHandler
instanceKlass java/util/concurrent/ForkJoinWorkerThread
instanceKlass jdk/internal/misc/InnocuousThread
instanceKlass java/lang/ref/Finalizer$FinalizerThread
instanceKlass java/lang/ref/Reference$ReferenceHandler
instanceKlass java/lang/BaseVirtualThread
ciInstanceKlass java/lang/Thread 1 1 884 1 7 1 7 1 7 1 7 1 100 1 100 1 100 1 100 1 7 1 100 1 100 1 7 1 100 1 100 1 100 1 7 1 7 1 100 1 100 1 100 1 1 1 1 100 1 100 1 1 1 100 1 100 1 1 100 1 1 1 1 1 1 1 1 100 1 100 1 1 1 100 1 100 1 1 1 1 1 1 1 1 1 1 1 1 1 1 1 1 1 1 1 1 1 1 1 1 1 3 1 3 1 3 1 1 1 3 1 3 1 1 1 1 1 1 1 1 1 1 1 1 1 1 1 1 1 12 10 12 9 1 1 1 1 1 7 1 12 10 1 12 10 12 10 1 8 1 100 1 1 12 10 1 1 12 9 12 9 1 100 1 100 1 1 12 9 1 1 1 1 1 1 1 1 1 1 1 1 7 1 12 10 1 12 10 1 1 1 7 1 100 1 8 1 12 10 1 100 1 1 12 9 1 1 12 10 1 12 10 1 7 1 1 12 10 12 10 1 12 9 1 12 10 1 12 10 1 12 10 1 3 1 8 5 0 1 7 1 1 12 10 12 10 1 1 12 9 1 1 12 10 1 12 10 1 1 1 7 1 1 12 10 1 1 12 10 1 1 12 10 1 100 1 1 12 10 12 9 1 1 12 10 1 7 1 12 10 1 10 1 7 1 100 1 100 1 100 1 8 10 1 12 10 12 9 1 1 12 10 10 1 1 12 10 1 100 1 1 12 9 1 1 12 10 1 1 12 10 1 12 10 1 12 10 1 12 10 1 7 1 12 10 12 9 1 1 12 10 1 1 12 10 12 9 12 9 1 7 1 1 12 10 1 12 9 12 9 12 9 1 12 9 1 12 10 1 1 12 10 12 10 1 12 10 1 1 8 1 12 9 1 1 12 9 5 0 1 1 1 1 1 1 10 1 1 1 100 1 12 10 10 1 1 100 10 1 7 10 1 8 1 1 12 10 12 10 1 12 10 1 12 10 1 1 1 100 1 8 10 12 10 1 1 1 12 10 1 1 1 1 1 1 1 1 100 1 1 12 10 1 1 12 10 1 12 10 1 1 7 1 12 9 1 100 10 1 12 10 1 12 10 1 12 10 12 10 1 12 10 1 1 1 12 9 12 11 1 12 9 1 12 9 1 100 1 12 10 1 1 12 10 1 7 1 1 12 9 1 7 1 12 10 1 12 10 12 10 1 1 1 1 1 12 10 1 12 9 12 10 1 100 10 1 12 10 1 100 10 1 12 10 1 12 9 1 12 10 12 11 1 12 10 1 1 1 1 12 10 1 1 12 10 1 12 10 1 1 12 10 1 12 10 1 1 10 1 12 10 1 12 9 12 9 1 12 10 1 1 8 1 12 10 1 1 12 10 1 12 10 1 12 10 1 1 12 10 1 1 12 10 1 1 12 10 1 12 10 1 12 10 1 12 10 12 10 1 1 1 12 10 1 1 12 9 1 8 10 1 12 9 1 1 7 1 8 10 1 12 10 1 1 1 8 1 12 10 12 9 1 12 10 1 8 10 1 12 10 1 12 10 1 8 12 10 10 1 8 1 1 100 1 12 10 1 1 12 10 1 1 1 100 8 10 1 8 10 1 7 1 12 10 1 1 1 1 1 12 9 12 9 1 12 10 100 10 12 10 1 12 10 1 7 1 1 12 10 1 1 1 1 12 9 1 1 12 10 1 1 12 10 1 100 1 1 12 10 1 100 1 100 1 100 1 1 12 11 1 1 1 12 9 1 100 1 1 12 10 1 100 1 12 10 1 1 12 10 1 1 12 10 1 1 100 1 12 11 16 15 1 16 1 100 1 1 12 10 15 1 1 12 18 1 100 1 1 12 11 1 1 12 11 1 16 1 1 12 10 15 16 1 1 12 18 1 1 12 11 1 1 1 1 1 12 10 1 1 8 12 9 1 1 1 1 12 10 1 1 12 10 1 1 12 11 12 9 1 1 1 1 1 12 10 1 1 1 1 1 1 1 1 1 1 1
staticfield java/lang/Thread EMPTY_STACK_TRACE [Ljava/lang/StackTraceElement; 0 [Ljava/lang/StackTraceElement;
ciInstanceKlass java/lang/Runnable 1 0 9 1 100 1 100 1 1 1 1
ciMethod java/lang/System arraycopy (Ljava/lang/Object;ILjava/lang/Object;II)V 512 0 256 0 -1
ciMethod java/lang/System getSecurityManager ()Ljava/lang/SecurityManager; 208 0 52339 0 64
ciMethod java/lang/System allowSecurityManager ()Z 208 0 52336 0 0
ciMethod java/lang/System getenv ()Ljava/util/Map; 512 0 3290 0 0
ciInstanceKlass java/lang/Class 1 1 1488 1 7 1 1 7 1 100 1 100 1 100 1 100 1 100 1 100 1 7 1 7 1 7 1 100 1 7 1 100 1 7 1 1 1 1 7 1 7 1 1 7 1 7 1 1 1 100 1 7 1 1 100 1 1 100 1 100 1 1 100 1 100 1 1 1 3 1 3 1 3 1 1 1 1 1 1 1 1 1 1 1 1 1 1 1 1 1 1 1 1 1 1 1 1 1 1 1 1 5 0 1 1 1 1 1 1 1 1 1 1 1 1 1 1 1 1 1 1 1 1 1 12 10 12 9 12 9 1 1 1 1 12 10 1 8 1 12 10 1 8 1 8 1 7 1 12 10 1 1 12 10 1 12 10 1 7 10 1 12 10 1 1 12 10 1 1 12 10 1 1 12 10 1 7 1 12 10 1 12 10 1 12 10 1 12 10 1 8 1 12 10 1 8 1 12 10 1 8 1 8 1 1 12 10 1 7 1 1 12 10 1 16 1 1 12 10 15 16 1 7 1 1 12 10 15 1 1 12 18 1 7 1 1 12 11 1 8 1 8 1 8 1 7 1 1 12 10 1 1 12 11 1 100 1 8 1 12 10 10 1 1 100 1 1 12 11 1 1 12 11 11 1 100 1 8 1 12 11 15 1 16 18 1 8 1 12 10 1 1 1 1 7 1 1 7 1 12 10 1 12 10 1 1 1 7 1 1 12 10 1 1 12 10 1 1 12 10 1 1 1 7 1 1 12 10 1 100 12 10 1 1 100 1 1 12 9 1 1 12 10 1 1 1 12 10 1 1 7 1 12 10 1 1 12 10 1 16 1 7 12 10 15 16 1 1 12 18 1 7 1 1 12 10 1 12 10 1 7 10 1 1 1 7 1 7 1 1 1 1 7 1 100 1 1 12 10 12 9 1 8 1 12 10 1 7 1 1 12 10 1 1 12 10 1 1 12 10 1 12 10 10 1 1 12 10 1 12 10 1 100 1 1 12 10 1 1 12 10 1 1 12 10 1 1 1 1 1 1 12 9 1 12 10 1 1 12 10 1 12 9 1 12 9 1 1 1 12 10 1 7 10 1 1 1 1 12 10 12 10 1 1 1 1 12 10 10 1 100 1 12 9 1 12 10 1 8 1 1 12 10 1 1 12 10 1 12 10 1 1 1 1 12 10 1 1 12 10 1 12 10 1 12 9 7 1 12 10 1 12 10 1 12 10 1 1 1 1 1 1 1 1 7 1 1 12 10 1 12 10 1 12 10 1 1 12 10 1 100 1 1 12 10 1 12 10 1 1 12 10 1 12 10 1 12 10 1 1 12 10 1 100 1 7 10 10 10 1 1 12 10 1 1 12 10 12 10 10 1 1 12 10 1 100 1 8 10 1 12 10 7 12 10 1 1 100 1 12 11 1 100 1 12 10 1 12 10 1 1 1 1 12 10 1 100 1 12 10 10 1 1 12 10 1 7 1 8 1 1 12 10 1 1 12 10 1 8 1 1 12 9 1 12 10 12 10 1 12 10 12 10 1 100 1 1 12 9 1 12 10 1 12 9 12 10 1 12 10 1 12 10 10 1 12 10 1 12 10 1 1 12 10 1 1 1 12 10 1 12 10 1 12 10 1 1 12 10 1 1 1 12 10 1 1 12 10 1 1 1 12 10 1 1 12 10 1 1 1 1 1 12 10 1 1 1 7 1 12 10 10 1 7 1 1 12 10 1 1 1 1 12 10 1 1 12 10 10 1 1 1 1 1 12 10 1 1 1 12 10 1 1 1 12 10 1 1 1 1 1 12 10 1 1 1 12 10 1 1 1 1 7 10 1 100 12 10 1 12 11 1 1 1 1 100 1 12 10 1 12 10 1 7 1 1 12 10 1 1 12 10 10 1 1 12 10 1 100 10 1 1 12 10 1 100 1 1 12 10 1 100 1 100 1 12 10 12 10 1 1 10 1 12 10 12 10 1 1 12 10 1 12 10 1 100 1 1 12 10 1 7 1 12 11 1 12 10 1 12 10 1 1 1 12 9 1 12 10 1 12 10 12 9 1 100 10 1 1 12 9 12 10 1 100 1 12 10 1 1 1 12 9 1 100 1 1 12 10 12 10 1 12 10 1 100 1 12 10 1 12 10 12 10 1 1 12 10 1 1 1 1 100 10 1 8 1 12 10 11 1 1 12 11 1 7 1 12 11 1 12 11 1 8 1 12 10 1 1 12 10 1 12 9 12 9 1 7 1 12 10 1 12 9 1 1 12 10 1 10 1 12 10 1 1 12 10 1 1 7 1 12 10 1 7 1 12 10 12 9 12 10 1 12 9 1 12 10 1 1 1 1 1 12 10 1 1 1 1 12 9 1 12 9 100 1 12 10 1 1 12 10 1 12 9 1 100 10 1 1 12 10 1 1 12 10 1 1 100 11 1 1 12 9 1 12 9 1 12 10 1 12 9 1 12 9 1 12 10 1 1 12 10 1 12 9 10 1 1 12 10 10 1 1 12 10 12 10 10 1 12 10 12 9 1 1 12 10 1 12 10 1 1 1 12 10 1 12 10 1 8 1 10 1 1 1 8 1 1 12 10 15 16 18 1 8 1 8 1 1 12 10 1 12 9 1 12 9 12 10 1 7 1 7 12 10 12 9 10 1 1 1 12 10 10 12 9 1 8 12 10 1 12 10 1 1 12 10 1 100 1 1 12 9 1 100 1 8 10 1 7 1 1 12 10 12 10 1 1 12 11 1 1 12 10 1 100 1 1 12 10 10 1 8 1 8 1 1 1 1 1 1 1 12 10 1 12 9 12 11 1 7 1 1 12 11 1 1 1 1 12 9 1 100 1 1 12 10 1 1 1 7 1 12 10 1 1 1 1 12 10 1 12 9 9 1 1 12 10 1 1 12 10 12 10 12 10 1 1 12 10 1 12 11 1 12 11 1 100 1 1 12 10 1 12 10 1 12 11 1 100 1 1 12 10 1 12 10 1 100 1 1 12 10 1 12 11 1 1 12 11 1 12 10 1 1 1 12 10 1 1 12 9 1 1 1 1 1 100 1 12 9 12 10 1 100 1 1 12 10 1 1 1 1 12 10 1 1 12 10 1 12 10 1 1 12 10 1 1 7 1 1 12 10 1 12 10 1 8 12 10 1 12 10 1 12 10 1 1 100 12 10 1 1 1 1 100 1 12 10 1 100 1 1 12 11 1 1 12 10 1 1 12 10 16 1 12 10 15 16 1 1 12 18 1 1 12 11 1 12 10 15 18 1 12 11 1 16 1 1 12 10 15 16 1 12 18 1 12 11 12 10 1 12 10 1 12 10 12 10 1 8 1 12 10 1 7 12 9 1 1 1 1 1 1 1 1 1 1 1
staticfield java/lang/Class EMPTY_CLASS_ARRAY [Ljava/lang/Class; 0 [Ljava/lang/Class;
staticfield java/lang/Class serialPersistentFields [Ljava/io/ObjectStreamField; 0 [Ljava/io/ObjectStreamField;
ciMethod java/lang/Class getName ()Ljava/lang/String; 352 0 8805 0 -1
ciMethod java/lang/Class isPrimitive ()Z 512 0 256 0 -1
ciInstanceKlass java/lang/Module 1 1 862 1 7 1 7 1 100 1 7 1 7 1 100 1 100 1 100 1 7 1 7 1 1 1 7 1 1 7 1 1 1 1 100 1 100 1 1 1 1 1 1 1 1 1 1 1 1 1 1 1 1 1 1 1 1 1 1 1 1 1 1 1 1 1 1 1 12 10 12 9 1 12 10 12 9 12 9 12 9 1 1 12 10 1 12 10 1 7 1 7 1 7 1 1 12 10 1 7 1 1 12 10 1 7 1 1 12 10 1 1 12 10 1 7 1 1 12 11 1 1 12 10 1 7 1 1 12 10 1 7 1 100 1 1 12 10 1 1 1 1 1 1 7 1 1 12 10 1 100 1 1 12 9 1 100 1 1 12 10 1 1 1 1 12 10 1 8 1 1 12 10 1 12 10 12 9 1 12 9 1 1 1 1 12 10 12 9 1 12 11 1 12 9 1 7 1 1 12 10 1 1 1 1 7 1 1 12 10 1 1 12 10 1 100 1 100 10 1 1 12 10 1 8 1 12 10 12 10 1 12 10 1 1 12 10 1 1 1 12 10 1 1 12 10 1 7 1 1 12 9 1 1 12 10 1 1 1 1 12 10 1 12 9 1 12 10 1 12 10 12 9 1 7 1 12 11 1 1 12 10 12 9 1 1 12 9 1 12 10 1 12 10 1 1 1 1 1 100 1 8 10 1 1 12 10 1 12 10 1 8 1 1 1 1 1 1 12 10 1 1 1 8 1 8 1 1 12 10 1 12 10 1 1 12 10 16 1 1 12 10 15 16 1 7 1 1 12 10 15 1 1 12 18 1 1 12 10 1 12 11 1 12 9 12 11 1 1 1 100 1 12 10 1 100 1 8 10 1 1 12 11 1 7 1 1 12 10 1 12 10 1 12 10 1 1 1 12 11 1 7 1 12 11 1 1 12 11 12 9 1 12 11 1 1 1 1 12 10 1 1 1 12 10 1 12 9 1 12 10 1 7 12 10 1 1 1 7 1 12 10 10 1 100 16 1 1 12 10 15 16 1 1 12 18 1 1 12 11 16 1 100 10 15 1 16 1 12 18 1 1 12 11 1 100 1 1 12 10 1 1 12 11 1 1 1 1 7 1 12 10 1 7 1 12 11 1 7 1 7 1 12 10 1 7 1 1 12 10 1 7 1 100 1 100 10 12 11 1 8 10 1 1 12 10 1 7 12 10 1 12 10 1 12 10 12 10 10 1 1 12 11 12 10 1 1 12 10 12 9 1 100 10 1 1 12 10 1 7 11 1 1 12 10 1 12 11 10 1 12 10 11 1 1 12 10 1 1 12 10 1 1 12 10 1 7 1 12 10 1 12 10 1 12 10 10 1 12 10 1 12 10 1 1 12 10 15 1 16 1 12 18 1 12 11 1 1 12 10 15 1 16 1 12 18 1 12 10 1 12 10 12 10 1 12 10 1 12 10 1 12 10 12 9 1 10 10 10 1 12 10 1 1 12 10 1 1 1 12 10 1 12 10 1 1 12 10 1 12 10 1 12 9 16 1 12 10 15 16 1 1 12 18 1 100 1 1 12 10 1 100 1 100 1 8 1 1 12 10 1 12 10 1 100 1 12 10 1 1 12 10 1 1 7 1 100 1 8 1 100 10 3 1 12 10 1 100 1 12 10 1 1 12 10 1 1 12 10 1 12 10 1 1 12 10 1 100 1 100 1 100 12 10 1 100 1 8 1 12 10 1 1 12 10 1 7 1 12 10 1 1 12 10 12 10 12 10 1 1 12 10 1 100 10 1 1 12 10 1 100 1 1 12 10 1 8 1 1 12 10 1 100 1 12 10 1 8 1 12 10 1 8 1 12 10 12 10 12 10 1 8 10 1 12 10 1 7 10 1 1 12 10 1 12 10 1 12 9 1 12 9 1 12 9 1 12 9 12 10 1 12 11 1 12 10 1 1 1 1 1 1 1 1
staticfield java/lang/Module ALL_UNNAMED_MODULE Ljava/lang/Module; java/lang/Module
staticfield java/lang/Module ALL_UNNAMED_MODULE_SET Ljava/util/Set; java/util/ImmutableCollections$Set12
staticfield java/lang/Module EVERYONE_MODULE Ljava/lang/Module; java/lang/Module
staticfield java/lang/Module EVERYONE_SET Ljava/util/Set; java/util/ImmutableCollections$Set12
staticfield java/lang/Module $assertionsDisabled Z 1
ciInstanceKlass java/lang/StringLatin1 1 1 285 1 7 1 100 1 100 1 100 1 1 1 1 1 1 12 10 1 1 1 7 1 1 12 10 1 1 1 1 1 1 1 1 1 1 1 1 1 12 10 1 1 7 1 1 12 10 1 12 10 1 1 1 1 1 7 1 1 12 10 1 1 1 1 1 1 12 10 1 7 1 1 12 10 1 12 10 1 12 10 10 1 12 10 1 12 10 10 1 1 100 1 7 1 1 12 9 1 1 12 10 1 7 1 1 12 10 1 12 10 1 1 12 10 1 1 12 10 1 12 10 1 1 1 1 7 1 1 12 10 1 12 10 1 1 12 10 1 1 100 12 9 1 100 10 1 100 1 100 1 1 12 10 1 7 1 1 12 10 1 12 10 1 12 10 1 100 1 8 1 12 10 1 8 1 1 1 1 1 100 10 12 10 1 7 1 1 12 10 1 8 1 8 1 8 1 1 12 10 1 100 1 12 10 1 12 10 1 1 12 10 1 12 10 1 100 1 1 12 10 1 12 10 12 10 12 10 1 12 10 12 10 1 1 10 1 1 12 10 1 1 12 10 12 10 1 1 1 1 1 1 1 12 10 1 100 1 1 12 10 1 1 1 1 12 10 1 1 1 12 10 10 1 1 7 1 1 12 10 1 1 1 1 1 1
staticfield java/lang/StringLatin1 $assertionsDisabled Z 1
ciInstanceKlass java/lang/StringConcatHelper 1 1 214 1 7 1 7 1 7 1 7 1 1 1 5 0 1 5 0 1 1 1 1 12 10 1 1 1 100 1 8 1 12 10 1 1 12 10 1 1 7 1 1 12 10 1 1 7 1 1 12 10 1 1 7 1 12 10 1 1 7 1 1 12 10 1 1 12 10 1 1 1 100 1 1 12 10 1 12 10 1 12 10 1 1 12 10 1 1 1 12 10 10 1 12 10 1 1 12 10 10 1 12 10 1 1 12 10 1 1 1 1 12 10 1 100 1 100 10 1 8 1 1 12 10 1 12 10 1 8 1 1 12 10 10 1 1 1 1 1 12 10 1 1 12 10 10 1 1 12 10 12 10 1 1 12 10 12 10 1 10 1 8 1 1 1 7 12 9 1 7 1 1 12 9 1 7 1 1 12 10 1 1 12 9 1 1 1 100 1 100 1 1 12 10 1 1 12 10 1 100 1 100 1 12 10 1 1 1 12 10 1 1 1 1 1
staticfield java/lang/StringConcatHelper UNSAFE Ljdk/internal/misc/Unsafe; jdk/internal/misc/Unsafe
ciInstanceKlass java/util/Arrays 1 1 887 1 7 1 7 1 100 1 7 1 7 1 100 1 1 100 1 100 1 1 100 1 1 1 100 1 100 1 1 100 1 1 100 1 1 100 1 1 1 100 1 100 1 1 100 1 1 100 1 1 1 100 1 100 1 1 1 3 1 3 1 1 1 1 12 10 1 1 1 100 1 12 10 1 1 1 12 10 1 1 12 10 1 1 1 12 10 1 1 12 10 1 1 12 10 1 1 12 10 1 1 1 12 10 1 1 1 100 1 1 12 10 1 100 1 100 10 1 8 1 1 12 10 1 12 10 1 8 1 8 1 1 12 10 1 12 10 1 100 1 12 10 1 1 1 1 12 9 1 7 1 12 10 1 1 12 10 1 7 1 12 10 1 7 1 1 12 10 1 100 1 12 10 1 1 12 10 1 1 1 1 1 7 1 7 1 1 1 1 12 9 1 12 10 1 7 1 12 10 1 12 10 1 1 12 10 1 12 10 1 1 12 10 1 7 1 1 12 11 1 12 10 1 7 1 1 12 10 12 10 12 10 1 12 10 12 10 12 10 1 1 12 11 1 1 1 1 7 1 1 12 10 1 12 10 10 1 1 1 1 12 10 10 1 1 1 12 10 10 1 1 1 12 10 10 1 1 1 1 1 12 10 1 1 12 10 1 1 12 10 1 1 12 10 1 1 12 10 1 1 12 10 1 100 1 1 12 10 1 7 1 1 12 10 1 100 1 1 12 10 1 7 1 1 12 10 1 1 1 12 10 1 1 1 1 7 1 1 12 10 1 1 12 10 1 1 12 10 1 1 12 10 1 1 12 10 1 1 12 10 1 1 1 12 10 1 1 12 10 1 1 12 10 1 1 12 10 1 1 12 10 1 1 12 10 1 1 12 10 1 1 12 10 1 1 12 10 1 1 12 10 1 1 12 10 1 1 1 1 1 1 1 1 1 1 1 1 1 1 1 1 1 1 1 1 1 1 1 1 1 1 1 12 10 1 1 7 1 1 12 10 1 1 1 1 1 1 1 1 1 1 12 10 1 1 8 1 1 1 1 1 1 1 1 1 1 1 1 12 10 1 1 1 7 1 1 7 1 1 7 1 1 7 1 1 7 1 1 7 1 1 1 12 10 1 12 10 1 1 12 10 1 1 100 1 1 12 9 12 10 1 100 9 12 10 1 100 9 12 10 1 100 9 12 10 1 100 9 12 10 1 100 9 12 10 9 12 10 12 10 1 1 12 10 12 9 1 100 10 12 10 12 10 12 10 12 10 12 10 12 10 12 10 12 10 12 10 1 12 10 1 1 8 1 8 1 12 10 1 12 10 1 8 1 1 1 1 1 1 12 10 1 1 12 10 1 1 12 10 1 1 100 1 1 12 10 1 3 10 1 100 10 1 12 10 1 1 100 1 12 11 1 1 12 10 12 10 12 10 12 10 12 10 12 10 12 10 12 10 12 10 1 12 11 1 8 10 1 12 11 1 1 1 1 100 1 1 12 11 1 1 100 1 1 12 11 1 1 12 11 16 1 1 12 10 15 1 100 1 1 12 10 15 1 1 12 18 1 1 12 11 1 1 100 1 1 12 11 1 1 12 10 15 1 12 18 1 1 100 1 1 12 11 1 1 12 10 15 1 12 18 1 1 100 1 1 12 11 1 1 12 10 15 1 12 18 1 1 1 1 7 1 12 10 1 1 1 12 10 1 1 12 10 1 1 12 10 1 1 12 10 1 1 12 10 1 1 12 10 1 1 12 10 1 1 1 1 12 10 1 12 10 1 7 1 12 10 1 1 12 10 12 10 1 1 12 10 1 1 12 10 12 10 1 1 12 10 1 1 12 10 12 10 1 1 12 10 1 1 12 10 1 1 1 12 10 1 1 12 10 1 1 12 10 1 12 10 1 1 12 10 1 1 12 10 1 12 10 1 1 12 10 1 12 10 1 1 12 10 1 1 1 12 10 1 1 1 1 1 1 1 1 1 1 1 1 1 12 10 1 1 1 1 1 1 1 1
staticfield java/util/Arrays $assertionsDisabled Z 1
ciMethod java/lang/StringLatin1 equals ([B[B)Z 510 340 5438 0 -1
ciMethod java/lang/StringLatin1 hashCode ([B)I 204 4280 955 0 352
ciMethod java/lang/StringLatin1 inflate ([BI[BII)V 0 0 316 0 -1
ciMethod java/lang/StringLatin1 indexOf ([BII)I 876 0 22221 0 416
ciMethod java/lang/StringLatin1 indexOf ([B[B)I 516 0 6402 0 -1
ciMethod java/lang/StringLatin1 indexOfChar ([BIII)I 636 6728 13248 0 -1
ciMethod java/lang/StringLatin1 regionMatchesCI ([BI[BII)Z 650 5994 4106 0 -1
ciMethod java/lang/StringLatin1 regionMatchesCI_UTF16 ([BI[BII)Z 0 0 1 0 -1
ciMethod java/lang/StringLatin1 canEncode (I)Z 514 0 143705 0 96
ciInstanceKlass java/lang/StringUTF16 1 1 468 1 7 1 100 1 100 1 100 1 100 1 1 1 1 1 1 1 3 1 1 1 1 12 10 1 1 1 100 10 1 100 1 100 10 1 8 1 1 12 10 1 12 10 1 8 1 1 12 10 1 12 10 1 1 1 12 9 1 1 12 10 1 100 1 8 1 12 10 12 9 12 9 1 1 1 1 10 1 1 12 10 12 10 1 100 1 1 12 10 1 12 10 1 1 12 10 1 12 10 1 1 1 12 10 1 1 1 12 10 12 10 1 1 1 1 12 10 1 1 12 10 1 100 12 10 1 1 12 10 1 1 12 10 1 12 10 1 1 1 12 10 1 12 10 1 100 1 100 1 12 10 10 1 1 12 10 1 12 10 1 1 1 1 1 1 1 1 1 1 12 10 1 12 10 1 100 1 1 12 10 1 1 7 1 12 10 12 10 1 1 1 12 10 1 12 10 1 1 12 10 1 1 12 10 1 12 10 1 12 10 1 1 12 10 1 1 3 1 1 12 10 1 12 10 1 12 10 1 1 12 10 1 7 1 12 10 1 12 10 1 1 12 10 1 1 1 12 9 1 12 10 12 10 1 12 10 1 1 100 12 10 12 10 10 1 100 12 10 12 10 10 1 100 1 1 12 10 1 7 1 1 12 10 1 12 10 1 12 10 1 8 1 8 1 1 1 1 12 10 1 1 100 10 1 100 1 1 12 10 1 100 1 12 10 1 8 1 8 1 8 1 1 12 10 1 1 12 10 12 10 1 12 10 1 100 1 12 10 1 1 12 10 1 12 10 1 100 1 12 10 12 10 12 10 1 12 10 12 10 1 1 1 12 10 1 1 12 10 1 12 10 1 12 10 12 10 1 1 1 1 1 1 1 12 10 1 100 1 1 12 10 1 1 1 1 1 12 10 1 1 12 10 1 1 100 1 12 11 1 1 1 1 1 12 10 1 1 12 10 1 1 1 1 1 1 1 1 1 12 10 1 1 1 1 1 1 12 9 1 12 9 5 0 5 0 1 12 10 12 10 12 10 1 1 7 1 12 10 12 10 1 1 1 1 1 1 1
staticfield java/lang/StringUTF16 HI_BYTE_SHIFT I 0
staticfield java/lang/StringUTF16 LO_BYTE_SHIFT I 8
staticfield java/lang/StringUTF16 $assertionsDisabled Z 1
ciMethod java/lang/StringUTF16 hashCode ([B)I 0 0 242 0 640
ciMethod java/lang/StringUTF16 indexOf ([B[B)I 0 0 1 0 -1
ciMethod java/lang/StringUTF16 indexOf ([BII)I 0 0 1 0 -1
ciMethod java/lang/StringUTF16 indexOfLatin1 ([B[B)I 0 0 1 0 -1
ciMethod java/lang/StringUTF16 getChar ([BI)C 1024 0 10109 0 -1
ciMethod java/lang/StringUTF16 regionMatchesCI ([BI[BII)Z 0 0 1 0 -1
ciMethod java/lang/StringUTF16 regionMatchesCI_Latin1 ([BI[BII)Z 0 0 1 0 -1
ciInstanceKlass java/lang/Thread$FieldHolder 1 1 43 1 7 1 7 1 100 1 1 1 1 1 1 1 1 1 1 1 1 1 1 1 1 12 10 12 9 12 9 12 9 12 9 12 9 1 100 1 100 1 1 1 1
ciInstanceKlass java/lang/Thread$Constants 1 1 59 1 7 1 100 1 100 1 1 7 1 7 1 1 1 1 1 1 1 1 12 10 1 10 1 7 1 1 12 10 1 7 1 8 1 12 10 12 9 1 7 1 7 1 12 10 1 12 10 12 9 10 1 7 12 9 1 1 1
staticfield java/lang/Thread$Constants VTHREAD_GROUP Ljava/lang/ThreadGroup; java/lang/ThreadGroup
staticfield java/lang/Thread$Constants NO_PERMISSIONS_ACC Ljava/security/AccessControlContext; java/security/AccessControlContext
staticfield java/lang/Thread$Constants NOT_SUPPORTED_CLASSLOADER Ljava/lang/ClassLoader; java/lang/Thread$Constants$2$1
ciInstanceKlass java/lang/ThreadGroup 1 1 372 1 7 1 7 1 100 1 100 1 1 100 1 100 1 1 1 1 1 1 1 1 1 1 1 1 1 1 1 1 1 1 1 12 10 12 9 1 8 12 9 12 9 1 12 9 1 100 1 7 1 1 12 10 1 1 12 10 1 12 10 1 12 10 1 1 1 12 10 1 1 1 12 10 1 1 12 10 1 12 10 12 10 12 10 1 1 1 1 1 1 1 1 1 1 3 1 1 1 1 1 1 12 10 1 100 1 1 12 10 1 1 12 10 1 16 1 1 12 10 15 16 1 100 1 1 12 10 15 1 1 12 18 1 100 1 1 12 11 1 100 1 1 1 1 7 1 1 12 10 1 100 12 10 1 1 1 12 10 1 100 12 10 1 1 1 12 10 1 100 1 1 12 10 1 1 12 10 1 1 12 11 1 100 1 12 11 1 1 12 11 12 10 1 1 12 10 1 12 10 1 12 11 1 1 12 11 1 1 1 100 10 1 12 10 1 1 1 1 1 100 10 1 100 16 1 1 12 10 15 16 1 1 12 18 1 1 12 11 1 1 12 11 1 1 12 9 1 12 10 1 1 8 1 1 12 10 1 100 1 12 10 1 12 10 12 11 1 1 12 10 1 1 12 10 11 1 100 1 12 9 1 100 10 1 8 1 1 12 10 12 10 1 8 1 12 10 1 1 12 10 1 1 1 1 12 10 1 7 10 1 8 10 1 8 12 10 1 12 10 1 8 12 9 12 9 1 100 1 1 12 10 100 12 9 1 7 12 9 12 10 1 12 10 100 12 10 12 9 1 12 10 1 100 10 1 1 100 10 12 10 1 1 12 10 1 1 1 1 1 1 1
staticfield java/lang/ThreadGroup $assertionsDisabled Z 1
instanceKlass java/lang/VirtualThread
ciInstanceKlass java/lang/BaseVirtualThread 0 0 24 1 100 1 100 1 100 1 100 1 100 1 1 1 12 10 1 1 1 1 1 1 1 1
ciInstanceKlass java/lang/VirtualThread 0 0 779 1 100 1 100 1 100 1 1 100 1 100 1 1 100 1 100 1 1 100 1 1 100 1 100 1 1 1 1 1 1 1 1 1 1 1 1 1 1 1 1 1 1 1 1 1 1 1 1 3 1 3 1 3 1 3 1 3 1 3 1 3 1 3 1 3 1 3 1 3 1 3 1 1 1 1 1 1 1 1 1 1 12 9 1 1 1 12 10 1 100 1 1 12 10 1 1 12 10 12 9 1 100 1 100 1 100 12 9 1 12 10 12 9 1 16 12 10 15 1 100 1 1 12 10 15 1 1 12 18 12 9 1 1 12 10 1 100 12 10 1 12 10 1 1 12 10 1 1 12 10 12 9 1 12 10 1 100 12 10 1 12 10 1 12 10 1 12 10 1 100 1 1 100 1 100 1 1 12 10 1 1 12 10 1 1 12 11 1 100 10 1 12 10 1 1 12 10 1 12 9 1 1 12 10 1 1 12 9 1 12 10 12 10 1 1 12 9 12 9 1 100 10 1 12 10 1 12 10 1 100 1 12 10 10 9 10 11 1 100 1 12 10 1 100 10 10 9 10 1 12 10 1 12 10 1 1 12 10 1 1 12 10 1 12 10 1 1 12 10 1 12 9 1 12 10 1 12 10 1 1 12 9 1 12 10 1 100 1 12 10 12 9 1 1 1 12 10 1 12 10 12 9 12 10 12 9 1 100 1 12 10 1 12 10 1 1 12 10 1 100 1 12 10 1 12 10 1 1 1 100 1 8 1 12 10 1 12 10 1 12 10 1 12 10 12 10 1 100 1 12 10 12 10 1 1 1 12 10 12 10 1 1 12 10 1 1 1 100 1 12 10 1 1 12 10 1 100 1 1 12 10 5 0 1 100 10 1 12 10 12 9 1 100 12 10 10 1 12 9 1 12 10 15 18 1 100 1 1 12 9 1 100 1 1 12 11 1 11 12 11 1 1 1 12 10 1 12 10 1 1 1 100 1 100 10 10 1 12 9 10 1 12 10 10 1 12 10 10 12 10 12 10 1 1 1 1 12 10 1 12 10 1 12 10 1 1 12 10 1 1 12 9 1 100 12 11 12 10 1 1 1 12 9 12 9 12 10 1 12 9 12 9 1 100 10 1 1 1 1 12 10 1 12 10 1 100 12 10 1 12 10 1 100 1 1 100 1 8 10 1 1 12 10 1 12 10 1 12 10 1 8 1 12 10 1 8 12 10 1 100 1 1 12 9 1 1 12 10 1 12 10 10 10 10 1 1 1 12 10 12 9 1 1 12 10 12 9 1 1 12 10 12 9 1 1 12 10 1 1 1 1 1 16 1 12 10 15 1 1 12 18 16 1 1 12 10 15 16 1 12 18 1 100 1 1 12 10 1 1 1 8 1 100 1 1 12 10 1 100 1 1 12 10 1 16 1 12 10 15 1 12 18 1 100 1 1 12 10 1 100 1 12 10 1 1 8 1 12 10 1 8 1 1 12 10 1 8 1 8 1 100 1 12 10 1 8 1 12 10 1 8 1 8 1 100 1 1 12 10 1 12 10 1 1 12 10 1 12 10 1 16 1 12 10 15 1 1 12 18 16 1 1 12 10 15 16 1 1 12 18 5 0 1 12 9 1 12 10 1 12 10 15 1 16 1 12 18 1 100 1 100 1 12 10 1 1 100 1 12 10 1 1 12 10 1 100 1 8 10 12 10 12 10 12 10 12 9 8 1 1 12 10 8 8 12 9 8 12 10 1 1 1 1 1 1 1 1 1
instanceKlass java/lang/Exception
instanceKlass java/lang/Error
ciInstanceKlass java/lang/Throwable 1 1 362 1 7 1 7 1 100 1 7 1 100 1 7 1 100 1 1 1 1 1 1 5 0 1 1 1 1 1 1 1 1 1 1 1 1 1 1 1 1 1 8 1 1 8 1 1 8 1 1 8 1 1 1 1 1 1 12 10 12 9 12 9 12 9 12 9 12 9 1 1 12 10 1 12 9 1 1 1 1 12 10 1 100 1 1 1 12 10 1 1 1 1 100 1 7 10 1 8 1 1 12 10 1 8 1 100 1 12 10 10 12 10 1 100 1 8 10 1 1 1 12 10 1 7 1 12 10 12 10 1 8 1 1 100 1 1 12 9 1 12 10 12 10 1 12 10 1 1 12 10 1 7 12 10 1 12 10 1 12 10 1 7 10 1 7 1 1 12 10 1 7 1 1 12 11 1 1 12 10 1 1 12 10 7 1 8 1 12 10 1 1 12 10 100 1 8 1 1 12 10 12 10 1 8 1 12 9 1 1 12 10 1 100 10 1 12 11 1 8 1 8 1 7 1 12 10 1 8 1 12 10 1 8 1 12 10 12 9 1 12 10 1 1 12 10 12 9 1 1 12 10 1 1 1 100 1 8 12 10 1 1 1 100 1 100 1 100 1 12 10 1 1 12 10 1 100 1 100 1 1 12 10 1 12 10 1 100 1 1 12 11 1 100 1 12 11 1 12 11 1 1 12 10 10 10 1 1 12 9 1 8 1 1 1 12 10 11 10 1 100 1 8 10 1 1 12 11 1 8 1 1 1 12 9 1 100 1 12 10 1 11 12 9 1 1 12 11 1 1 12 10 1 1 12 10 1 1 1 1 1 1 1
staticfield java/lang/Throwable UNASSIGNED_STACK [Ljava/lang/StackTraceElement; 0 [Ljava/lang/StackTraceElement;
staticfield java/lang/Throwable SUPPRESSED_SENTINEL Ljava/util/List; java/util/Collections$EmptyList
staticfield java/lang/Throwable EMPTY_THROWABLE_ARRAY [Ljava/lang/Throwable; 0 [Ljava/lang/Throwable;
staticfield java/lang/Throwable $assertionsDisabled Z 1
ciMethod java/lang/Throwable toString ()Ljava/lang/String; 68 0 36 0 -1
ciMethod java/lang/Throwable fillInStackTrace ()Ljava/lang/Throwable; 512 0 2327 0 -1
ciMethod java/lang/Throwable getMessage ()Ljava/lang/String; 106 0 53 0 -1
ciMethod java/lang/Throwable getLocalizedMessage ()Ljava/lang/String; 64 0 36 0 -1
ciMethod java/lang/Throwable <init> (Ljava/lang/Throwable;)V 34 0 17 0 -1
ciInstanceKlass java/lang/ThreadDeath 0 0 15 1 100 1 100 1 1 5 0 1 1 12 10 1 1
instanceKlass org/python/pydev/parser/grammar_fstrings/TokenMgrError
instanceKlass org/python/pydev/parser/jython/TokenMgrError
instanceKlass org/python/pydev/parser/grammar312/PythonGrammar312$LookaheadSuccess
instanceKlass javax/xml/parsers/FactoryConfigurationError
instanceKlass java/lang/AssertionError
instanceKlass java/lang/VirtualMachineError
instanceKlass java/lang/LinkageError
instanceKlass java/lang/ThreadDeath
ciInstanceKlass java/lang/Error 1 1 27 1 100 1 7 1 1 5 0 1 1 12 10 1 12 10 1 12 10 1 12 10 1 12 10 1 1
ciInstanceKlass jdk/internal/vm/ContinuationScope 0 0 42 1 100 1 100 1 1 1 1 1 12 10 1 100 1 1 12 10 1 100 12 9 1 1 12 10 1 100 1 1 12 10 1 1 1 12 10 1 1 12 10 1
ciInstanceKlass jdk/internal/vm/StackChunk 0 0 29 1 100 1 100 1 1 1 1 1 1 1 1 12 10 1 1 12 9 1 1 12 9 12 9 12 9 1 1
ciInstanceKlass java/lang/Boolean 1 1 136 1 7 1 1 7 1 100 1 100 1 100 1 1 1 1 1 1 1 1 1 1 1 5 0 1 1 1 1 1 1 3 1 12 10 12 9 1 1 1 12 10 12 10 1 8 1 7 1 12 10 1 1 1 1 1 12 9 12 9 1 1 1 12 10 1 1 1 1 12 10 1 1 12 10 1 1 100 1 100 1 7 1 1 12 10 1 100 1 1 1 1 12 10 1 1 1 1 1 1 1 1 100 1 12 9 12 9 1 100 1 100 1 1 12 10 1 12 10 1 1 8 1 7 1 1 12 10 12 9 1 1 1 1 1 1
staticfield java/lang/Boolean TRUE Ljava/lang/Boolean; java/lang/Boolean
staticfield java/lang/Boolean FALSE Ljava/lang/Boolean; java/lang/Boolean
staticfield java/lang/Boolean TYPE Ljava/lang/Class; java/lang/Class
ciInstanceKlass java/lang/Character 1 1 540 1 7 1 1 7 1 100 1 100 1 100 1 1 7 1 100 1 100 1 100 1 1 1 1 1 1 3 1 3 1 1 3 1 3 1 1 1 1 1 1 3 1 1 3 1 3 1 3 1 3 1 3 1 3 1 3 1 3 1 3 1 3 1 3 1 3 1 3 1 3 1 3 1 3 1 3 1 3 1 3 1 3 1 3 1 3 1 3 1 3 1 3 1 3 1 3 1 3 1 1 1 1 1 1 1 1 1 1 1 1 1 1 1 1 1 1 1 3 1 1 1 1 1 1 3 1 3 1 3 1 3 1 1 1 3 1 1 3 1 1 1 5 0 1 1 1 1 1 1 1 1 100 1 1 12 9 1 8 1 1 12 9 1 100 12 9 1 100 1 1 12 10 1 100 1 1 12 10 1 100 1 1 12 10 1 1 1 1 1 1 1 12 10 1 1 1 1 12 9 12 10 1 1 1 1 1 12 10 1 1 12 10 1 1 1 100 1 12 10 1 1 12 10 1 1 1 1 3 1 1 1 3 1 1 1 12 10 12 10 1 1 1 1 3 1 1 1 7 1 1 12 11 1 12 11 12 10 1 1 1 12 10 1 100 10 1 1 12 10 1 3 1 1 1 12 10 12 10 1 1 12 10 1 100 1 8 1 1 12 10 1 12 10 1 12 10 12 10 1 1 1 100 1 1 12 10 1 12 10 1 12 10 1 1 1 12 10 1 12 10 1 7 1 12 10 10 1 12 10 10 1 12 10 1 12 10 1 12 10 10 1 12 10 1 12 10 1 12 10 1 1 1 12 10 1 1 12 10 1 1 12 10 1 12 10 12 10 10 12 10 10 1 12 10 10 1 12 10 10 1 12 10 10 1 1 12 10 10 1 12 10 10 1 12 10 10 1 1 1 12 10 10 1 12 10 10 1 5 0 1 12 10 1 12 10 10 1 12 10 10 1 1 1 1 1 12 10 10 1 12 10 10 1 1 1 12 10 1 12 9 1 100 10 12 10 1 12 10 1 3 1 1 100 1 1 12 10 12 10 1 12 10 1 100 10 12 10 1 1 12 10 1 1 12 10 1 8 1 12 10 1 100 1 1 12 9 1 12 10 10 1 1 1 100 1 12 10 1 12 10 1 12 10 10 1 1 12 10 10 12 10 1 8 1 12 10 1 1 7 1 1 12 10 1 8 1 1 12 10 12 9 1 1 1 1 1 1 1 1
staticfield java/lang/Character TYPE Ljava/lang/Class; java/lang/Class
staticfield java/lang/Character $assertionsDisabled Z 1
ciInstanceKlass java/lang/Float 1 1 201 1 7 1 1 7 1 100 1 100 1 100 1 1 100 1 100 1 1 1 4 1 4 1 4 1 4 1 4 1 4 1 1 3 1 3 1 3 1 3 1 3 1 1 1 1 1 1 5 0 1 1 1 7 12 10 1 1 100 1 1 12 10 1 1 12 10 1 100 1 12 10 1 8 1 8 1 100 1 1 12 10 1 1 1 100 1 1 12 10 1 1 12 10 1 1 1 7 10 1 1 1 1 1 1 1 1 3 1 12 10 12 9 1 1 1 12 10 12 10 1 10 1 1 1 1 1 1 1 1 1 1 1 1 1 1 12 10 1 12 10 1 1 1 12 10 3 1 1 1 1 1 1 12 10 1 1 1 12 10 1 12 10 1 1 1 1 100 1 1 12 10 1 1 1 12 10 1 1 100 12 10 1 1 8 1 7 1 1 12 10 12 9 1 1 1 1 1 1 1 1
staticfield java/lang/Float TYPE Ljava/lang/Class; java/lang/Class
instanceKlass java/math/BigDecimal
instanceKlass com/google/gson/internal/LazilyParsedNumber
instanceKlass java/util/concurrent/atomic/Striped64
instanceKlass java/math/BigInteger
instanceKlass java/util/concurrent/atomic/AtomicLong
instanceKlass java/util/concurrent/atomic/AtomicInteger
instanceKlass java/lang/Long
instanceKlass java/lang/Integer
instanceKlass java/lang/Short
instanceKlass java/lang/Byte
instanceKlass java/lang/Double
instanceKlass java/lang/Float
ciInstanceKlass java/lang/Number 1 1 31 1 100 1 7 1 100 1 1 5 0 1 1 12 10 1 1 1 1 1 1 1 1 1 1 12 10 1 1 1 1
ciInstanceKlass java/lang/Double 1 1 258 1 7 1 1 7 1 100 1 100 1 100 1 1 100 1 100 1 1 1 6 0 1 6 0 1 6 0 1 6 0 1 6 0 1 6 0 1 1 3 1 3 1 3 1 3 1 3 1 1 1 1 1 1 5 0 1 1 1 100 12 10 1 1 1 12 10 10 1 100 1 1 12 10 1 100 1 1 12 10 6 0 1 8 1 1 12 10 1 8 1 1 12 10 1 8 1 1 12 10 5 0 5 0 1 8 1 8 1 100 1 100 1 12 10 1 1 12 10 1 8 1 1 12 10 1 8 1 8 1 8 1 1 12 10 1 12 10 1 1 12 10 1 12 10 1 12 10 1 1 1 100 1 1 12 10 1 12 10 1 1 1 7 10 1 1 1 1 1 1 3 1 12 10 12 9 1 1 12 10 12 10 1 1 1 1 1 1 1 1 1 1 1 1 1 12 10 1 12 10 1 12 10 5 0 1 1 1 1 1 1 12 10 1 1 12 10 1 12 10 1 1 1 1 100 1 1 12 10 1 1 1 12 10 1 1 100 12 10 1 1 8 1 7 1 1 12 10 12 9 1 1 1 1 1 1 1 1
staticfield java/lang/Double TYPE Ljava/lang/Class; java/lang/Class
ciInstanceKlass java/lang/Byte 1 1 194 1 7 1 1 7 1 100 1 100 1 1 7 1 1 1 3 1 3 1 1 1 1 1 1 3 1 3 1 1 5 0 1 1 1 7 1 12 10 1 1 1 1 100 1 1 12 9 1 8 1 1 12 9 1 100 1 1 12 10 1 1 12 10 1 100 1 1 12 10 1 100 1 1 12 10 1 1 1 1 12 9 1 1 1 100 1 1 12 10 1 100 1 1 12 10 1 8 1 1 12 10 1 8 1 12 10 1 12 10 1 12 10 1 12 10 1 12 10 1 12 10 1 1 12 10 10 1 8 1 8 1 1 1 1 1 10 12 9 1 1 1 1 1 1 1 1 1 1 1 1 12 10 1 1 12 10 1 1 1 1 12 10 1 1 12 10 1 1 5 0 1 12 10 1 1 8 1 7 1 1 12 10 12 9 1 1 1 1 1 1 1 1 1
staticfield java/lang/Byte TYPE Ljava/lang/Class; java/lang/Class
ciInstanceKlass java/lang/Short 1 1 201 1 7 1 1 100 1 100 1 100 1 1 100 1 1 1 3 1 3 1 1 1 1 1 1 3 1 3 1 1 5 0 1 1 1 100 1 12 10 1 1 1 100 1 1 12 10 1 100 1 1 12 10 1 8 1 1 12 10 1 8 1 12 10 1 12 10 1 12 10 1 12 10 1 1 1 12 10 1 12 10 1 1 1 1 100 1 1 12 9 1 8 1 1 12 9 1 100 1 1 12 10 1 12 10 1 100 1 1 12 10 1 100 1 1 12 10 1 1 1 12 9 1 12 10 1 1 12 10 10 1 8 1 8 1 1 1 1 3 10 12 9 1 1 1 1 1 1 1 1 1 1 1 1 12 10 1 1 12 10 1 1 1 1 12 10 1 1 12 10 1 1 3 3 1 1 5 0 1 12 10 1 1 8 1 7 1 1 12 10 12 9 1 1 1 1 1 1 1 1 1
staticfield java/lang/Short TYPE Ljava/lang/Class; java/lang/Class
ciInstanceKlass java/lang/Integer 1 1 395 1 7 1 1 7 1 100 1 100 1 100 1 1 7 1 1 100 1 100 1 1 1 3 1 3 1 1 1 1 1 1 1 1 1 1 1 1 3 1 3 1 1 5 0 1 1 1 12 10 1 7 1 1 12 9 100 12 9 1 100 1 1 12 10 1 12 10 1 100 1 1 12 10 10 1 1 1 12 10 1 100 1 12 10 1 1 12 10 1 1 1 1 12 10 1 7 1 1 12 10 1 1 12 10 1 1 12 10 1 12 10 1 1 12 10 1 1 12 10 10 1 12 10 12 9 12 9 1 1 1 7 1 8 1 12 10 1 100 1 12 10 1 8 1 1 12 10 1 12 10 1 8 1 12 10 1 8 1 1 12 10 3 1 1 12 10 1 1 12 10 1 7 1 1 12 10 1 1 7 1 1 12 10 1 7 11 1 1 12 10 11 1 1 12 10 1 8 1 12 10 1 1 8 1 100 1 1 12 10 1 1 12 10 5 0 1 8 12 10 1 12 10 12 10 1 1 1 12 10 1 1 12 9 1 1 12 9 1 12 10 1 1 1 1 3 10 12 9 1 1 1 1 1 1 1 1 1 1 1 1 12 10 1 1 12 10 1 1 12 10 1 100 1 100 1 100 1 1 12 10 1 100 1 12 10 1 1 12 10 1 8 1 8 1 1 12 10 1 8 1 8 1 8 1 8 1 8 1 8 1 12 10 1 1 1 12 10 1 5 0 1 1 1 1 3 1 1 3 3 3 1 1 1 1 12 10 1 1 12 10 1 1 1 3 1 1 12 10 1 1 1 1 100 1 1 12 10 1 1 1 12 10 1 1 100 12 10 1 1 8 1 7 1 1 12 10 12 9 3 3 3 3 3 12 9 1 1 1 1 1 1 1 1 1
staticfield java/lang/Integer TYPE Ljava/lang/Class; java/lang/Class
staticfield java/lang/Integer digits [C 36
staticfield java/lang/Integer DigitTens [B 100
staticfield java/lang/Integer DigitOnes [B 100
staticfield java/lang/Integer sizeTable [I 10
ciMethod java/lang/Integer intValue ()I 258 0 129 0 -1
ciMethod java/lang/Integer numberOfLeadingZeros (I)I 36 0 6875 0 -1
ciMethod java/lang/Integer valueOf (I)Ljava/lang/Integer; 374 0 40220 0 -1
ciInstanceKlass java/lang/Long 1 1 445 1 7 1 1 7 1 100 1 100 1 100 1 1 7 1 1 100 1 100 1 1 1 5 0 1 5 0 1 1 1 1 1 1 3 1 3 1 5 0 1 1 1 12 10 1 7 1 1 12 9 1 100 1 7 1 1 12 9 1 7 1 1 12 10 1 12 10 1 100 1 1 12 10 10 1 12 10 1 12 10 1 12 10 1 12 10 5 0 5 0 1 100 1 1 12 10 1 1 12 10 1 12 10 1 12 10 1 12 10 1 1 12 10 1 100 1 12 10 1 12 10 1 1 12 10 1 1 12 10 1 1 12 10 1 1 12 10 1 7 1 1 12 10 1 1 12 10 1 12 10 1 12 10 1 1 1 12 10 1 1 12 10 10 12 10 5 0 5 0 1 12 9 1 12 9 5 0 1 1 1 100 1 8 1 12 10 1 8 1 12 10 1 8 1 8 1 1 12 10 5 0 1 1 12 10 1 1 12 10 1 7 1 1 12 10 1 1 100 1 1 12 10 1 100 11 1 1 12 10 11 1 1 12 10 1 8 1 12 10 1 1 8 1 100 1 1 12 10 12 10 1 8 1 8 1 1 12 11 1 12 10 12 10 1 1 12 10 1 1 5 0 5 0 1 1 12 9 1 12 10 1 1 1 12 10 1 8 1 8 1 1 12 10 1 8 1 8 1 8 1 8 1 8 1 8 1 12 10 1 1 1 1 3 10 12 9 1 1 1 1 1 1 1 1 1 1 1 1 12 10 1 1 12 10 1 1 12 10 1 1 100 1 100 1 100 1 1 12 10 1 100 12 10 1 1 1 1 12 10 1 1 1 5 0 1 1 1 1 1 12 10 1 12 10 1 5 0 5 0 5 0 1 1 1 1 1 12 10 1 1 12 10 1 1 1 5 0 5 0 1 12 10 1 12 10 1 1 1 1 100 1 1 12 10 1 1 1 12 10 1 1 100 12 10 1 1 8 1 7 1 1 12 10 12 9 1 1 1 1 1 1 1 1 1
staticfield java/lang/Long TYPE Ljava/lang/Class; java/lang/Class
ciInstanceKlass jdk/internal/vm/vector/VectorSupport 0 0 434 1 100 1 100 1 100 1 100 1 100 1 100 1 100 1 100 1 100 1 100 1 100 1 100 1 100 1 100 1 100 1 100 1 100 1 100 1 100 1 100 1 100 1 100 1 100 1 100 1 100 1 100 1 100 1 100 1 100 1 100 1 1 1 1 1 1 1 1 1 1 1 1 1 1 1 1 1 1 1 1 1 1 1 1 1 1 1 1 1 1 1 1 3 1 3 1 3 1 3 1 3 1 3 1 3 1 3 1 3 1 3 1 3 1 3 1 3 1 3 1 3 1 3 1 3 1 3 1 3 1 3 1 3 1 3 1 3 1 3 1 3 1 3 1 3 1 3 1 3 1 3 1 3 1 3 1 3 1 3 1 3 1 3 1 3 1 3 1 3 1 3 1 3 1 3 1 3 1 3 1 3 1 3 1 3 1 3 1 3 1 3 1 3 1 3 1 3 1 1 1 1 1 1 1 1 1 1 1 1 1 1 1 1 1 1 1 1 1 1 1 1 1 12 10 1 1 1 1 12 9 1 1 12 10 1 100 1 12 10 1 1 12 11 1 1 1 1 1 12 11 1 1 1 1 12 11 1 1 1 1 1 12 11 1 1 1 1 12 11 1 1 1 1 12 11 1 1 1 1 12 11 1 1 1 1 12 11 1 1 1 1 12 11 1 1 1 1 12 11 1 1 1 1 12 11 1 1 1 1 12 11 1 1 1 1 12 11 1 1 1 1 12 11 1 1 1 1 12 11 1 1 1 1 12 11 1 1 1 1 100 1 12 11 1 100 1 1 12 10 1 1 1 1 12 11 1 1 1 1 12 11 1 1 1 1 12 11 1 1 1 1 12 11 1 1 1 1 12 11 1 1 1 1 12 11 1 1 1 12 9 1 100 1 12 10 1 1 1 1 12 11 1 1 1 1 1 12 10 1 100 1 1 12 10 1 1 1 1 12 10 12 10 1 1 12 10 1 1 1 1 1 1 1
instanceKlass jdk/internal/vm/vector/VectorSupport$VectorShuffle
instanceKlass jdk/internal/vm/vector/VectorSupport$VectorMask
instanceKlass jdk/internal/vm/vector/VectorSupport$Vector
ciInstanceKlass jdk/internal/vm/vector/VectorSupport$VectorPayload 0 0 26 1 100 1 100 1 100 1 1 1 1 1 1 12 10 12 9 1 1 1 1 12 10 1 1 1
ciInstanceKlass jdk/internal/vm/vector/VectorSupport$Vector 0 0 18 1 100 1 1 100 1 100 1 1 1 1 12 10 1 1 1 1
ciInstanceKlass jdk/internal/vm/vector/VectorSupport$VectorMask 0 0 18 1 100 1 1 100 1 100 1 1 1 1 12 10 1 1 1 1
ciInstanceKlass jdk/internal/vm/vector/VectorSupport$VectorShuffle 0 0 18 1 100 1 1 100 1 100 1 1 1 1 12 10 1 1 1 1
ciInstanceKlass jdk/internal/vm/FillerObject 0 0 10 1 100 1 100 1 1 12 10 1
instanceKlass java/lang/ref/PhantomReference
instanceKlass java/lang/ref/FinalReference
instanceKlass java/lang/ref/WeakReference
instanceKlass java/lang/ref/SoftReference
ciInstanceKlass java/lang/ref/Reference 1 1 175 1 7 1 1 7 1 7 1 7 1 100 1 100 1 100 1 100 1 1 1 1 1 1 1 1 1 1 1 1 1 1 1 1 1 1 1 1 1 1 1 12 9 1 7 1 12 9 1 1 12 10 1 12 10 12 9 12 10 12 9 1 100 12 9 1 7 1 12 10 1 12 10 12 10 1 1 100 12 10 1 12 10 1 1 1 8 1 1 12 10 1 7 1 1 12 10 1 1 12 10 1 12 10 1 1 1 1 12 9 1 1 1 1 12 10 1 12 10 1 1 12 10 1 12 9 1 100 12 10 12 9 1 1 1 1 1 1 12 9 1 1 100 10 1 1 1 12 10 1 10 1 1 1 1 7 1 12 10 10 1 7 1 1 12 10 1 1 1 1 1 1 1 1 1
staticfield java/lang/ref/Reference processPendingLock Ljava/lang/Object; java/lang/Object
staticfield java/lang/ref/Reference $assertionsDisabled Z 1
instanceKlass java/io/ClassCache$CacheRef
instanceKlass java/util/ResourceBundle$BundleReference
instanceKlass sun/util/locale/provider/LocaleResources$ResourceReference
instanceKlass sun/util/resources/Bundles$BundleReference
instanceKlass org/eclipse/core/internal/registry/ReferenceMap$SoftRef
instanceKlass sun/security/util/MemoryCache$SoftCacheEntry
instanceKlass sun/util/locale/LocaleObjectCache$CacheEntry
instanceKlass java/lang/invoke/LambdaFormEditor$Transform
ciInstanceKlass java/lang/ref/SoftReference 1 1 32 1 7 1 1 7 1 1 1 1 1 1 12 10 12 9 12 9 1 1 12 10 1 1 1 12 10 1 100 1 1 1
instanceKlass java/util/logging/LogManager$LoggerWeakRef
instanceKlass java/util/logging/Level$KnownLevel
instanceKlass java/util/ResourceBundle$KeyElementReference
instanceKlass sun/nio/ch/FileLockTable$FileLockReference
instanceKlass java/lang/ClassValue$Entry
instanceKlass java/lang/ThreadLocal$ThreadLocalMap$Entry
instanceKlass java/lang/WeakPairMap$WeakRefPeer
instanceKlass java/lang/invoke/MethodType$ConcurrentWeakInternSet$WeakEntry
instanceKlass java/util/WeakHashMap$Entry
ciInstanceKlass java/lang/ref/WeakReference 1 1 17 1 100 1 1 7 1 1 1 12 10 1 1 12 10 1 1
instanceKlass java/lang/ref/Finalizer
ciInstanceKlass java/lang/ref/FinalReference 1 1 36 1 100 1 1 100 1 100 1 1 1 12 10 1 1 1 1 12 10 1 1 1 12 10 1 1 1 100 1 8 1 12 10 1 1 1
instanceKlass jdk/internal/ref/PhantomCleanable
instanceKlass jdk/internal/ref/Cleaner
ciInstanceKlass java/lang/ref/PhantomReference 1 1 24 1 100 1 1 7 1 1 1 1 1 1 1 12 10 1 1 1 1 12 10 1 1 1
ciInstanceKlass java/lang/ref/Finalizer 1 1 141 1 7 1 1 100 1 7 1 100 1 100 1 1 1 1 1 1 1 1 1 1 1 1 1 1 1 12 9 1 12 10 12 9 12 9 12 9 12 9 1 7 1 100 1 1 1 1 1 1 12 9 12 10 1 100 1 8 1 12 10 1 1 1 1 12 10 12 9 1 100 1 12 10 1 100 1 100 1 12 11 1 12 10 1 12 10 1 1 12 10 1 100 1 1 12 10 1 1 100 1 1 12 10 10 12 10 1 1 12 10 1 7 1 1 12 10 1 1 12 10 1 12 10 1 1 7 1 12 10 1 7 10 10 12 10 1 1 1 1 1
staticfield java/lang/ref/Finalizer lock Ljava/lang/Object; java/lang/Object
staticfield java/lang/ref/Finalizer ENABLED Z 1
staticfield java/lang/ref/Finalizer $assertionsDisabled Z 1
instanceKlass java/lang/reflect/Executable
instanceKlass java/lang/reflect/Field
ciInstanceKlass java/lang/reflect/AccessibleObject 1 1 358 1 7 1 7 1 7 1 100 1 1 7 1 7 1 1 1 1 1 1 1 1 1 1 1 1 7 1 1 12 10 1 100 1 1 12 9 1 100 1 12 10 1 1 1 12 10 1 7 1 1 12 10 1 100 1 1 12 10 1 7 1 1 12 10 1 1 12 10 1 12 9 1 1 1 7 1 1 12 10 1 12 11 1 100 1 12 10 1 1 1 1 1 7 1 100 1 12 10 1 1 12 10 1 1 12 10 1 12 10 1 1 12 10 1 7 1 12 10 1 1 12 10 11 1 7 1 1 12 10 1 1 12 10 1 100 1 12 10 1 12 10 1 1 12 10 1 12 10 1 8 1 100 1 100 10 1 1 12 10 1 8 1 12 10 1 12 10 1 8 1 8 1 8 1 8 1 8 1 8 1 8 1 8 1 8 1 100 1 12 10 1 12 10 1 1 12 9 1 1 12 10 1 1 12 10 1 10 1 1 1 1 1 1 100 1 100 1 8 10 1 8 1 12 10 1 8 1 12 10 1 1 12 10 1 10 1 1 1 1 100 1 8 10 1 1 1 12 11 1 1 1 1 1 1 12 10 1 12 10 1 12 10 1 12 9 1 12 10 1 1 7 1 12 10 1 1 1 1 100 1 1 12 10 10 1 12 10 12 10 1 12 10 1 12 10 1 1 12 10 1 12 10 12 9 1 100 1 12 10 1 8 1 100 1 1 12 10 1 8 1 1 12 10 12 9 1 1 1 100 10 1 1 7 10 1 7 1 1 12 10 10 1 7 1 1 12 10 12 9 1 1 1 1 1 1 1 1
staticfield java/lang/reflect/AccessibleObject reflectionFactory Ljdk/internal/reflect/ReflectionFactory; jdk/internal/reflect/ReflectionFactory
ciInstanceKlass java/lang/reflect/Method 1 1 448 1 7 1 7 1 1 1 1 1 1 1 1 1 1 1 1 1 1 1 1 1 1 1 1 1 1 1 1 1 1 1 1 1 12 9 1 1 1 7 1 1 12 10 1 7 1 12 10 1 1 12 9 12 10 12 10 1 7 1 12 10 1 1 1 1 12 10 12 9 12 9 12 9 12 9 12 9 12 9 12 9 12 9 12 9 12 9 1 1 12 9 1 100 1 8 1 12 10 12 10 12 9 1 1 8 1 1 1 1 7 1 12 10 1 7 1 1 12 10 1 1 12 10 1 1 12 10 1 1 12 10 1 1 1 1 1 1 1 1 1 1 1 1 1 12 10 12 10 1 100 1 1 12 9 1 1 1 12 10 12 10 1 1 1 1 1 7 1 1 12 10 1 1 1 12 10 1 1 12 10 1 1 12 10 12 10 1 7 12 10 1 1 12 10 1 1 7 10 1 100 12 10 1 1 7 1 12 10 1 12 10 1 1 12 10 1 1 1 12 10 1 7 1 1 12 10 1 12 10 1 10 1 8 1 12 10 12 10 1 7 1 8 1 8 1 8 1 12 10 12 10 1 1 12 10 10 1 1 1 12 10 1 12 10 1 100 11 1 1 1 100 1 100 1 1 1 12 10 1 1 12 9 1 1 12 10 1 100 1 12 10 1 1 12 10 1 1 12 10 1 7 1 12 11 12 11 1 1 12 9 1 12 10 1 7 1 1 12 10 1 12 10 1 12 10 1 12 10 1 12 10 1 12 10 1 12 10 1 1 12 9 1 7 1 1 12 10 1 7 1 12 10 1 1 12 10 1 1 7 1 1 12 10 1 7 1 1 12 10 1 7 1 1 12 10 1 7 1 1 12 11 1 7 1 1 12 10 1 7 1 100 1 100 1 12 10 1 1 12 10 1 12 10 1 100 1 8 1 12 10 10 1 1 1 12 10 1 1 12 10 1 1 1 1 12 10 1 1 1 1 12 10 1 1 1 1 8 1 1 12 10 1 1 1 1 1 1
instanceKlass java/lang/reflect/Constructor
instanceKlass java/lang/reflect/Method
ciInstanceKlass java/lang/reflect/Executable 1 1 484 1 7 1 7 1 100 1 100 1 100 1 100 1 100 1 100 1 1 100 1 100 1 1 1 1 1 1 1 1 1 1 12 10 1 1 1 1 1 1 1 1 1 1 1 1 7 1 1 12 10 1 1 12 10 1 7 1 1 12 11 1 7 1 12 10 1 1 1 1 12 10 1 7 1 1 12 10 1 7 1 1 12 10 1 12 10 1 8 1 1 1 1 100 10 12 10 1 1 12 10 1 7 1 1 12 10 1 16 1 7 1 1 12 11 15 1 16 1 7 1 1 12 10 15 1 1 12 18 1 7 1 1 12 11 1 8 1 8 1 8 1 7 1 1 12 10 1 1 12 11 1 7 1 8 1 8 12 10 1 100 1 8 1 12 10 1 8 1 1 1 1 100 1 1 12 11 1 100 1 1 12 11 1 12 11 1 100 1 8 1 16 18 1 8 1 12 10 1 1 1 1 12 10 12 10 15 16 18 1 8 1 100 1 12 10 1 100 1 12 10 1 12 10 1 12 10 1 8 1 8 1 1 12 10 1 1 12 10 10 1 12 10 1 1 1 1 1 1 1 1 1 100 10 12 10 12 10 1 7 12 10 12 10 1 12 10 1 1 12 10 7 1 7 1 12 10 1 12 10 1 12 10 1 1 12 10 1 12 10 1 8 1 12 10 1 12 10 1 1 3 1 100 1 8 1 12 10 1 12 10 10 1 12 10 1 1 12 10 1 8 1 8 1 8 1 100 12 9 1 12 10 1 8 12 9 12 10 12 10 1 1 12 10 1 12 10 12 10 1 1 12 10 1 1 1 1 1 1 100 12 10 1 1 12 10 1 100 1 100 1 1 12 10 1 7 1 1 1 1 1 7 1 12 10 1 12 10 1 7 1 12 11 1 7 1 12 10 1 1 1 1 100 1 1 12 10 1 1 1 1 12 10 1 12 9 1 1 12 10 12 10 1 1 12 10 1 100 1 1 1 1 1 1 12 9 1 100 1 1 12 10 1 1 12 10 1 1 12 10 1 12 9 1 10 10 10 1 100 1 1 12 10 1 1 12 10 1 12 9 1 1 12 10 1 1 12 9 1 1 1 1 1 1
ciInstanceKlass java/lang/reflect/Constructor 1 1 405 1 7 1 1 7 1 100 1 100 1 1 1 1 1 1 1 1 1 1 1 1 1 1 1 1 1 1 1 1 1 1 1 1 1 1 1 100 1 1 12 10 1 100 1 12 10 1 1 12 9 1 1 12 10 12 10 1 100 1 12 10 1 1 1 12 9 1 1 1 1 12 10 12 9 12 9 12 9 12 9 12 9 12 9 12 9 12 9 1 1 100 1 8 1 12 10 12 10 12 9 1 1 1 1 7 1 12 10 1 7 1 1 12 10 1 1 12 10 1 1 12 10 1 1 12 10 1 7 1 100 1 8 10 1 1 1 1 1 1 1 12 10 12 10 1 1 1 1 1 12 10 12 10 1 100 1 1 12 9 1 1 1 1 1 7 1 1 12 10 1 1 1 12 10 1 1 12 10 1 1 1 1 12 10 1 1 100 12 10 1 1 100 1 12 10 1 1 12 10 1 1 1 12 10 1 100 1 1 12 10 1 1 8 10 1 12 10 1 100 1 8 1 12 10 12 10 1 1 12 10 1 12 10 12 10 1 1 1 12 10 1 12 10 1 1 1 1 100 1 100 1 100 1 1 1 12 9 1 100 1 1 12 10 1 1 1 12 10 1 1 12 10 1 7 12 11 1 12 10 1 12 10 1 12 10 12 10 1 8 1 1 12 9 1 7 1 1 12 10 1 7 1 12 10 1 1 12 10 1 1 1 1 1 1 12 10 1 1 12 10 1 1 1 1 12 10 1 1 1 1 12 10 1 100 1 12 9 1 12 10 1 12 10 1 12 10 1 100 1 8 10 1 1 1 1 12 10 1 1 12 10 10 1 1 12 10 1 12 10 1 100 1 1 12 10 1 100 1 1 12 11 1 1 12 10 1 1 12 9 1 100 1 1 12 10 1 12 10 1 1 1 1 1 1
ciInstanceKlass java/lang/reflect/Field 1 1 405 1 7 1 7 1 100 1 100 1 100 1 1 1 1 1 1 1 1 1 1 1 1 1 1 1 1 1 1 1 1 1 1 1 1 1 1 1 1 12 9 1 1 1 1 12 10 1 7 1 1 12 10 1 7 1 12 10 1 1 12 9 12 10 12 10 1 7 1 12 10 1 1 1 1 12 10 12 9 12 9 12 9 12 9 12 9 12 9 12 9 1 1 12 9 1 100 1 8 1 12 10 12 10 12 9 12 9 1 1 1 1 12 10 1 7 1 12 10 1 1 12 10 1 1 12 10 1 1 12 10 1 1 1 1 1 1 12 10 1 1 7 1 12 10 1 1 1 12 10 12 10 12 10 1 1 12 10 1 1 7 10 1 100 12 10 1 1 100 10 1 8 1 12 10 1 1 12 10 1 8 12 10 1 12 10 1 8 1 1 8 1 10 1 100 11 1 1 1 100 1 1 12 9 1 1 12 10 1 1 12 10 1 7 12 11 1 12 10 1 12 11 1 1 12 11 1 1 12 11 1 1 12 11 1 1 12 11 1 1 12 11 1 1 12 11 1 1 12 11 1 1 12 11 1 1 12 11 1 1 12 11 1 1 12 11 1 1 12 11 1 1 12 11 1 1 12 11 1 1 12 11 1 1 12 11 1 1 12 10 1 100 1 12 10 1 12 10 1 12 10 1 12 10 1 1 12 9 1 7 1 1 12 10 1 1 12 10 1 12 10 1 1 1 1 1 1 7 1 12 10 1 12 10 1 7 11 1 12 10 1 100 1 1 1 1 100 1 1 12 10 1 1 1 7 1 1 12 10 1 12 9 1 7 1 1 12 10 1 7 1 1 12 11 1 1 12 10 1 100 1 1 1 1 12 10 1 1 12 9 1 100 1 1 12 10 1 12 10 1 1 1 1 1 1
ciInstanceKlass java/lang/reflect/Parameter 1 1 207 1 7 1 7 1 100 1 1 1 1 1 1 1 1 1 1 1 1 1 1 1 1 1 1 12 10 12 9 12 9 12 9 12 9 1 1 12 10 1 1 12 10 1 1 1 7 1 12 10 1 1 1 100 10 1 1 12 10 1 100 1 12 11 1 12 10 1 100 1 12 10 1 1 12 10 1 12 10 1 100 1 12 10 1 8 1 8 1 1 12 10 1 12 10 12 10 1 1 1 12 10 1 8 1 12 10 1 12 9 1 1 12 10 1 1 1 12 9 1 1 12 10 1 100 1 1 1 1 12 10 1 1 1 12 10 1 12 10 10 1 12 10 1 1 1 1 100 1 1 12 10 1 12 10 1 100 1 12 11 1 12 10 1 100 1 1 1 1 100 1 1 12 10 1 1 1 1 12 10 1 12 10 1 12 10 1 12 10 1 12 9 1 100 10 1 100 1 12 11 1 1 12 11 1 1 1
ciInstanceKlass java/lang/reflect/RecordComponent 1 0 186 1 100 1 100 1 100 1 100 1 100 1 1 1 1 1 1 1 1 1 1 1 1 1 1 1 1 1 1 1 1 1 1 12 10 1 1 12 9 1 1 1 12 9 1 12 9 1 1 12 10 1 1 12 10 1 100 12 10 12 10 12 9 1 1 12 10 1 1 12 10 1 12 10 1 100 1 12 10 1 100 1 12 10 1 1 12 9 1 100 1 1 12 10 1 100 1 1 12 11 10 1 1 12 9 1 100 1 1 12 10 1 1 12 9 1 1 1 1 100 1 1 12 10 1 12 10 1 100 1 12 11 1 100 1 12 10 1 100 1 12 9 12 9 12 9 1 100 1 1 12 10 1 100 1 1 1 12 10 1 1 12 10 1 1 100 10 1 12 10 1 1 12 10 1 8 12 10 12 10 12 9 1 1 1 1
ciInstanceKlass java/lang/StringBuffer 1 1 415 1 7 1 1 7 1 100 1 100 1 100 1 100 1 100 1 1 100 1 100 1 1 1 1 1 5 0 1 1 1 1 1 1 12 10 1 12 10 1 12 10 1 1 1 12 10 1 1 1 1 12 9 1 12 10 1 12 10 1 12 10 1 12 9 12 10 1 1 12 10 1 1 12 10 1 12 10 1 1 12 10 1 12 10 1 1 12 10 1 1 12 10 1 1 1 7 1 1 12 10 1 12 10 1 1 1 12 10 1 1 12 10 1 1 12 10 1 1 12 10 1 1 12 10 1 1 12 10 1 1 12 10 1 1 12 10 1 1 12 10 1 12 10 1 1 12 10 1 1 12 10 1 1 12 10 1 1 1 12 10 1 12 10 1 1 1 12 10 1 1 1 12 10 1 1 10 1 1 1 12 10 1 1 12 10 1 1 1 12 10 1 1 12 10 1 1 12 10 1 1 12 10 1 1 12 10 12 10 1 1 12 10 1 1 12 10 1 1 12 10 1 1 12 10 1 12 10 1 12 10 10 1 1 1 12 10 1 1 1 12 10 10 1 1 1 100 1 1 12 10 10 1 1 12 10 1 1 12 9 1 100 1 12 10 1 7 1 100 10 8 1 1 12 10 8 1 12 10 1 8 1 12 10 1 12 10 1 1 1 100 1 1 12 10 1 1 12 10 12 10 1 100 1 8 10 1 1 12 10 1 1 12 10 1 1 12 10 1 12 10 12 10 12 10 12 10 12 10 12 10 12 10 12 10 12 10 12 10 12 10 12 10 1 12 10 12 10 12 10 12 10 12 10 12 10 12 10 12 10 12 10 12 10 12 10 12 10 12 10 12 10 12 10 12 10 12 10 12 10 12 10 1 12 10 1 1 1 1 12 10 1 1 7 1 12 10 1 7 1 1 12 9 1 7 9 12 9 1 1 1 1 1 1 1
staticfield java/lang/StringBuffer serialPersistentFields [Ljava/io/ObjectStreamField; 3 [Ljava/io/ObjectStreamField;
instanceKlass java/lang/StringBuilder
instanceKlass java/lang/StringBuffer
ciInstanceKlass java/lang/AbstractStringBuilder 1 1 501 1 7 1 7 1 100 1 7 1 100 1 100 1 100 1 7 1 1 100 1 7 1 1 100 1 100 1 100 1 1 100 1 100 1 1 1 1 1 1 1 1 1 1 1 1 12 10 12 9 12 9 1 1 7 1 12 9 12 9 1 1 12 10 1 1 1 12 10 3 3 1 12 10 100 1 1 12 10 1 11 1 100 10 1 8 1 12 10 1 12 10 1 1 12 10 12 10 1 12 10 12 9 1 12 10 1 1 12 9 1 1 12 10 1 12 10 10 1 12 10 1 12 10 1 1 1 12 10 1 1 12 10 1 7 1 1 12 10 1 7 1 1 12 10 1 100 1 8 10 1 1 12 10 1 1 1 100 12 10 1 1 12 10 10 1 1 1 1 12 10 1 1 12 10 1 1 1 12 10 1 1 1 12 10 1 1 10 1 7 1 1 12 10 1 12 10 1 1 100 10 1 100 1 12 10 1 1 1 1 12 9 1 12 9 1 12 10 10 1 1 1 1 12 10 12 10 1 12 10 1 1 1 12 10 1 1 12 10 1 1 12 10 1 1 12 10 1 1 12 10 1 1 12 10 1 12 10 1 1 12 10 1 8 1 1 12 10 1 12 10 1 1 12 10 1 1 1 12 10 1 1 1 7 1 12 10 1 12 10 1 12 10 1 1 7 1 12 10 1 12 10 1 12 10 1 1 100 1 100 1 1 12 10 1 100 1 12 10 1 1 100 1 12 10 1 1 1 12 10 1 1 12 10 12 10 1 1 12 10 12 10 1 1 1 1 1 1 12 10 1 1 1 1 12 10 10 1 7 1 1 12 10 1 1 1 12 10 1 12 10 1 1 12 10 1 1 1 12 10 1 12 10 1 12 10 1 1 12 10 1 12 10 1 1 12 10 1 1 12 10 1 1 12 10 1 1 1 12 10 1 12 10 1 12 10 12 10 1 1 12 10 1 1 1 16 1 1 12 10 15 16 1 100 1 1 12 10 15 1 1 12 18 1 100 1 1 12 10 1 1 12 10 15 18 1 1 1 1 1 12 10 1 12 10 1 1 12 10 12 11 1 12 10 12 10 1 12 10 10 1 100 10 12 10 10 1 1 1 1 12 10 10 10 1 1 1 1 1 1 1
staticfield java/lang/AbstractStringBuilder EMPTYVALUE [B 0
ciInstanceKlass java/lang/StringBuilder 1 1 369 1 7 1 1 7 1 100 1 100 1 100 1 1 5 0 1 1 1 1 12 10 1 12 10 1 12 10 1 1 1 12 10 1 1 1 7 1 1 12 10 1 12 10 1 12 10 1 1 12 10 1 1 12 10 1 1 12 10 1 1 12 10 1 1 12 10 1 1 12 10 1 1 12 10 1 1 12 10 1 1 12 10 1 1 12 10 1 1 12 10 1 12 10 1 1 1 12 10 1 12 10 1 1 1 12 10 1 1 1 12 10 1 1 12 10 1 1 12 10 1 1 12 10 1 1 12 10 1 1 12 10 1 1 12 10 1 1 12 10 12 10 1 1 12 10 1 1 12 10 1 1 12 10 1 1 12 10 1 12 10 1 12 10 12 10 1 1 1 12 10 1 1 1 12 10 1 1 1 100 1 100 1 12 10 1 1 12 9 1 12 10 1 1 12 10 1 1 12 10 1 1 12 9 1 100 1 1 12 10 1 100 1 100 10 1 12 10 1 1 1 100 1 100 1 12 10 1 12 10 1 12 10 1 100 1 8 10 1 1 12 10 1 1 12 10 1 12 10 12 10 12 10 12 10 12 10 12 10 12 10 12 10 12 10 12 10 12 10 12 10 12 10 12 10 1 1 12 10 1 1 12 10 1 12 10 12 10 12 10 12 10 12 10 12 10 12 10 12 10 12 10 12 10 12 10 12 10 12 10 12 10 12 10 12 10 1 12 10 1 1 12 10 1 12 10 1 1 12 10 1 12 10 1 1 12 10 1 12 10 1 1 12 10 1 12 10 1 12 10 1 12 10 10 1 12 10 1 1 1 1 12 10 1 1 1 1 1 1
ciMethod java/lang/StringBuilder toString ()Ljava/lang/String; 98 0 51174 0 -1
ciMethod java/lang/StringBuilder <init> (I)V 514 0 27032 0 -1
ciMethod java/lang/StringBuilder <init> ()V 78 0 26482 0 -1
ciMethod java/lang/StringBuilder append (Ljava/lang/String;)Ljava/lang/StringBuilder; 162 0 223736 0 -1
ciMethod java/lang/StringBuilder append (C)Ljava/lang/StringBuilder; 512 0 1464710 0 -1
instanceKlass org/eclipse/osgi/internal/permadmin/EquinoxSecurityManager
instanceKlass org/eclipse/osgi/internal/loader/BundleLoader$ClassContext
instanceKlass org/eclipse/osgi/internal/framework/ContextFinder$Finder
instanceKlass org/eclipse/osgi/internal/url/MultiplexingFactory$InternalSecurityManager
ciInstanceKlass java/lang/SecurityManager 1 1 521 1 7 1 7 1 1 1 1 3 1 100 1 100 1 7 1 7 1 1 7 1 1 100 1 100 1 1 1 1 1 1 1 1 1 1 1 1 1 1 1 1 1 1 12 10 12 9 1 7 1 1 12 10 1 100 1 8 1 12 10 1 1 12 10 1 100 1 1 1 1 1 1 100 1 1 12 10 10 1 1 100 10 1 100 10 1 1 100 1 1 12 9 1 1 1 7 1 1 12 10 1 12 10 1 7 1 12 10 1 1 1 100 1 8 10 12 9 1 12 9 1 1 8 1 12 9 1 1 1 100 10 1 8 1 1 12 10 1 12 10 1 1 12 10 1 1 100 10 1 1 12 10 1 100 1 8 1 12 10 1 8 1 1 8 1 8 1 1 1 8 1 8 1 8 1 12 10 1 1 8 1 8 1 1 8 1 1 1 8 1 8 1 100 1 1 12 10 1 1 12 10 1 8 1 100 1 8 10 1 8 1 8 1 1 1 8 1 8 1 1 8 1 1 1 100 1 12 10 1 8 1 1 1 1 100 1 8 1 8 10 1 1 1 8 1 1 1 12 10 1 100 1 8 10 1 1 12 10 100 1 12 10 1 12 10 1 12 10 1 1 1 7 1 1 12 10 1 12 10 1 7 1 12 10 1 7 1 1 12 11 1 16 1 7 1 1 12 10 15 1 16 1 7 1 1 12 10 15 1 1 12 18 1 7 1 1 12 11 1 16 1 1 12 10 15 1 16 1 1 12 18 1 1 12 11 1 12 10 15 16 18 1 7 11 15 1 16 18 1 12 11 1 16 1 12 10 15 16 1 12 18 1 1 12 11 1 12 9 12 9 12 9 12 9 1 1 7 1 12 10 1 12 10 1 12 10 1 1 12 10 15 16 1 12 18 1 12 10 15 1 16 18 1 7 1 12 10 1 12 11 15 1 12 18 1 12 10 1 1 12 10 15 16 18 10 15 1 16 18 1 1 8 1 12 10 12 9 1 7 1 12 11 1 8 1 12 10 1 1 12 10 12 10 12 9 1 12 10 1 1 12 10 1 1 8 10 12 9 1 8 1 12 10 1 1 8 1 1 100 10 1 12 10 10 1 7 1 1 12 9 1 1 12 11 1 12 10 1 12 11 1 12 10 1 7 10 1 1 12 10 12 10 1 1 1 1 1 1 1 1
staticfield java/lang/SecurityManager packageAccessLock Ljava/lang/Object; java/lang/Object
staticfield java/lang/SecurityManager packageDefinitionLock Ljava/lang/Object; java/lang/Object
staticfield java/lang/SecurityManager nonExportedPkgs Ljava/util/Map; java/util/concurrent/ConcurrentHashMap
ciInstanceKlass java/security/AccessControlContext 1 1 319 1 7 1 7 1 1 1 1 3 1 100 1 1 1 1 1 1 1 1 1 1 1 1 1 1 1 1 1 1 1 1 12 9 12 9 1 100 1 1 12 10 1 8 1 100 1 1 12 10 1 1 1 12 10 12 9 12 9 12 9 7 1 1 12 10 1 100 1 12 10 1 100 1 1 12 11 1 12 11 1 12 11 1 1 12 11 1 7 1 1 12 11 1 1 12 10 1 7 1 1 12 10 1 100 1 1 12 9 1 100 1 1 12 10 1 100 1 100 1 1 12 11 10 1 7 1 100 1 8 1 12 10 1 1 12 10 1 7 1 7 1 1 12 10 12 9 12 9 12 9 12 9 12 9 12 9 1 12 9 1 1 1 1 1 1 7 1 1 12 10 1 1 12 9 1 12 10 1 100 12 10 1 8 1 1 12 10 1 1 12 10 1 100 1 1 12 10 1 100 10 1 1 12 10 1 100 1 1 12 10 10 1 8 1 100 1 12 10 1 8 1 100 1 12 10 1 8 1 8 1 12 10 1 8 1 12 10 1 8 1 12 10 1 12 10 1 1 12 10 1 8 1 8 1 12 10 1 1 12 10 1 12 10 1 8 1 12 10 1 12 10 10 1 1 8 1 1 12 10 1 1 12 10 1 1 12 10 1 1 12 10 1 12 10 1 12 10 11 1 12 10 1 1 12 10 10 10 1 12 10 1 1 1 1 1 1 1 1
ciInstanceKlass java/security/AccessController 1 1 258 1 7 1 100 1 1 1 1 3 1 100 1 1 1 1 1 12 10 1 1 1 1 1 7 1 1 12 10 1 1 12 10 1 1 1 12 10 12 10 1 7 1 1 12 10 1 1 12 10 1 12 10 1 1 1 12 10 1 1 1 12 10 1 100 1 8 1 12 10 1 7 1 12 10 1 100 1 1 12 10 1 1 1 100 1 100 1 100 1 12 10 1 7 1 1 12 10 12 10 1 12 10 1 1 1 1 12 10 1 7 1 1 12 10 1 1 12 10 1 100 1 1 12 9 1 100 1 1 12 10 1 12 10 1 12 10 1 1 12 9 1 1 1 1 1 1 1 12 10 1 1 12 10 12 9 10 1 100 10 1 7 1 1 12 11 1 7 1 12 10 1 11 1 1 12 10 1 1 1 1 12 10 1 12 10 1 1 1 100 1 8 1 1 12 10 1 8 1 100 1 1 12 10 1 8 1 100 10 1 1 12 10 1 12 10 1 1 12 10 1 12 10 1 100 1 8 1 100 1 12 10 1 8 1 8 1 12 10 1 8 1 12 10 12 10 1 1 12 10 1 1 1 1 1 1 1 1
staticfield java/security/AccessController $assertionsDisabled Z 1
ciInstanceKlass java/security/CodeSource 1 1 337 1 7 1 7 1 100 1 1 5 0 1 1 1 1 1 1 1 1 1 1 1 1 1 1 1 12 10 12 9 12 9 12 9 12 9 1 7 1 1 12 10 12 9 1 100 7 1 1 12 10 1 7 10 1 1 12 10 1 1 1 100 1 12 10 1 1 12 10 1 1 1 1 1 1 1 7 10 1 7 1 1 12 10 1 7 1 12 10 1 1 12 10 1 12 10 1 7 1 1 12 10 1 1 1 1 12 10 1 1 1 12 10 12 10 10 10 1 12 10 1 100 1 1 12 10 1 12 10 1 12 10 1 12 10 1 8 1 12 10 1 12 10 1 1 12 10 1 12 10 1 8 1 1 12 10 10 1 100 10 1 1 12 10 1 8 1 12 10 1 12 10 1 12 10 1 8 1 8 12 9 1 100 1 8 1 12 10 1 12 10 1 8 1 12 10 1 8 1 8 1 8 1 1 1 100 1 100 1 100 1 12 10 1 1 12 10 1 12 10 1 1 12 10 1 1 12 10 1 1 12 10 1 12 10 12 10 1 12 10 1 1 1 100 1 100 1 100 1 12 10 1 12 10 1 100 12 10 1 100 10 1 8 1 12 10 1 12 10 1 1 12 10 1 100 1 1 12 10 1 8 1 8 10 1 1 12 10 1 100 1 1 12 10 1 100 12 10 1 1 12 10 1 12 11 1 100 10 1 12 10 11 12 10 1 8 1 100 1 12 10 1 1 12 10 1 12 10 1 1 12 11 11 1 1 1 1
instanceKlass org/eclipse/osgi/internal/loader/ModuleClassLoader$GenerationProtectionDomain
ciInstanceKlass java/security/ProtectionDomain 1 1 284 1 7 1 7 1 7 1 100 1 7 1 100 1 100 1 1 1 1 1 1 1 1 1 1 1 1 1 1 1 1 1 1 1 1 12 10 12 9 10 12 9 12 9 12 9 1 7 1 12 10 1 7 1 12 9 1 100 12 9 1 7 12 9 12 9 1 1 100 100 1 1 12 10 1 1 1 1 1 1 1 1 1 1 1 1 1 100 1 1 12 10 1 12 10 12 10 1 12 9 1 100 1 12 9 1 1 12 10 10 1 100 1 100 1 1 12 10 1 1 1 8 1 100 1 8 1 12 10 1 7 10 11 1 100 1 12 10 1 1 12 10 1 8 11 1 8 12 10 1 8 1 8 1 12 10 1 12 10 1 12 10 12 10 1 8 1 12 10 1 8 1 8 1 100 1 100 1 1 12 10 1 100 1 1 12 9 12 10 1 100 1 1 12 9 1 1 12 10 1 12 10 1 100 1 1 12 10 10 1 100 1 12 10 1 1 12 10 1 100 1 100 1 12 11 1 12 11 1 1 12 11 1 100 1 12 10 10 1 1 12 11 1 1 12 11 1 12 10 1 12 10 1 100 1 12 10 1 12 11 12 10 1 1 8 1 8 1 7 1 1 12 10 10 1 7 1 1 12 10 1 1 1 1
staticfield java/security/ProtectionDomain filePermCompatInPD Z 0
instanceKlass jdk/internal/loader/BuiltinClassLoader
instanceKlass java/net/URLClassLoader
ciInstanceKlass java/security/SecureClassLoader 1 1 81 1 7 1 7 1 7 1 100 1 7 1 1 1 1 1 1 1 12 10 1 7 1 12 10 12 9 1 12 10 1 12 10 1 1 1 1 1 12 10 1 12 10 1 1 1 12 10 1 1 1 7 10 1 12 10 1 12 10 1 7 1 1 12 11 1 7 1 1 12 11 1 1 1 12 10 1 1 1 1 1
ciInstanceKlass java/net/URL 1 1 681 1 7 1 7 1 100 1 7 1 7 1 7 1 7 1 7 1 100 1 100 1 1 1 100 1 100 1 1 1 1 1 8 1 1 5 0 1 1 8 1 1 1 1 1 1 1 1 1 1 1 1 1 1 1 1 1 1 1 1 1 1 1 1 1 1 1 1 1 1 7 1 12 10 1 12 10 1 12 10 12 9 12 9 1 7 1 1 12 10 1 1 12 10 1 7 1 7 1 1 12 10 12 9 1 1 12 10 1 8 1 1 12 10 1 7 10 1 1 12 10 1 8 1 1 12 10 12 9 1 8 1 12 10 1 12 10 1 8 12 9 1 1 12 10 12 9 1 12 10 1 12 10 12 9 12 9 1 8 12 9 1 1 12 10 1 8 12 9 1 1 12 10 1 7 1 1 12 10 1 8 1 12 10 1 7 1 12 10 1 12 10 1 12 10 1 100 1 1 12 10 1 1 12 10 1 8 1 1 12 10 1 12 10 1 8 12 9 1 8 1 12 10 1 1 12 10 1 12 10 1 1 12 10 1 1 1 7 1 1 12 10 1 100 1 8 10 1 12 10 1 8 1 1 12 10 1 12 10 1 12 10 1 12 10 1 12 10 1 12 10 1 8 1 12 10 10 1 7 1 1 12 10 1 12 10 1 100 1 1 12 9 1 100 1 1 12 10 1 1 12 9 1 100 1 1 1 100 1 100 1 12 10 1 100 1 1 12 10 1 1 1 1 1 12 10 1 1 1 1 12 10 1 12 10 1 1 12 10 1 12 10 12 10 1 1 1 100 10 10 1 12 10 1 12 10 1 1 1 100 1 12 10 1 1 8 1 1 12 9 1 100 1 1 12 10 1 1 12 10 1 1 12 9 1 1 12 10 1 100 1 12 10 1 12 10 10 1 1 12 10 1 12 10 12 10 1 12 10 1 1 12 10 1 7 1 12 10 1 1 12 10 1 1 12 10 1 1 12 9 12 9 1 100 1 8 10 1 12 10 12 9 1 7 1 12 10 1 7 1 1 100 1 7 1 12 10 1 8 1 1 12 10 1 100 1 12 10 1 8 1 8 1 7 1 1 12 10 1 100 1 1 12 10 1 12 10 1 12 10 1 1 1 10 1 1 1 12 9 1 7 1 12 10 1 1 1 12 10 1 12 10 1 8 10 1 7 1 1 12 10 12 10 8 1 7 1 1 12 9 1 12 10 1 1 12 10 1 1 12 10 12 10 1 7 1 12 10 1 12 11 12 10 12 10 12 9 1 1 12 10 1 1 1 100 1 12 10 1 1 1 1 12 10 8 1 12 10 10 8 8 1 12 10 8 8 8 1 100 1 12 10 12 9 1 1 100 12 10 1 1 12 10 1 12 10 12 10 1 1 12 10 1 1 12 10 10 10 12 10 12 10 12 10 1 12 10 1 100 1 12 10 10 1 12 10 1 8 10 10 1 1 12 10 1 12 10 1 1 12 10 1 10 10 1 7 1 12 10 1 7 1 1 12 9 12 9 10 1 7 1 1 12 10 1 1 1 1 1 1 1
staticfield java/net/URL defaultFactory Ljava/net/URLStreamHandlerFactory; java/net/URL$DefaultFactory
staticfield java/net/URL streamHandlerLock Ljava/lang/Object; java/lang/Object
staticfield java/net/URL serialPersistentFields [Ljava/io/ObjectStreamField; 7 [Ljava/io/ObjectStreamField;
instanceKlass org/eclipse/equinox/launcher/Main$StartupClassLoader
ciInstanceKlass java/net/URLClassLoader 1 1 508 1 7 1 7 1 100 1 100 1 100 1 100 1 7 1 100 1 7 1 7 1 7 1 7 1 1 1 1 1 1 1 1 1 1 1 12 10 1 7 1 12 10 12 9 1 7 1 1 12 10 12 9 1 7 1 12 10 12 9 1 1 12 10 1 10 1 1 12 10 1 1 1 1 1 100 1 7 1 1 12 10 1 1 12 10 1 7 1 1 12 10 1 7 1 1 12 10 1 7 1 1 12 10 1 1 12 10 1 1 12 10 1 7 1 100 1 100 1 100 1 100 1 100 1 1 7 1 1 12 10 1 100 1 8 1 12 10 1 100 1 1 12 10 1 1 12 10 1 1 12 10 1 100 1 1 12 11 1 100 1 100 1 1 12 11 1 1 12 11 12 11 1 12 11 1 12 10 1 12 11 1 1 12 11 11 1 1 12 10 1 1 12 10 1 1 12 10 1 1 1 1 7 1 100 1 12 10 1 1 12 10 1 7 1 1 12 10 10 1 1 1 1 12 10 1 7 1 12 10 1 12 10 1 100 1 100 10 1 8 1 1 12 10 1 8 1 1 12 10 10 1 12 10 1 8 1 8 1 1 1 1 100 1 1 12 10 1 1 12 10 1 7 1 1 12 10 1 1 12 10 1 1 12 10 12 10 1 12 10 1 7 1 12 10 1 100 1 8 1 12 10 1 1 12 10 1 1 12 10 1 7 1 12 10 1 7 1 1 12 10 1 1 12 10 1 12 10 1 100 1 1 12 10 1 12 10 1 7 1 1 12 10 1 1 12 10 1 8 1 1 12 10 1 7 1 1 12 11 1 1 12 9 1 1 12 10 1 12 9 1 12 9 1 12 9 1 12 9 1 12 9 1 12 9 1 1 12 10 1 8 1 1 12 10 1 10 1 12 10 1 1 12 10 1 1 1 1 12 10 1 12 10 1 1 12 10 1 12 10 1 1 12 10 1 7 1 7 1 7 1 12 10 1 7 1 1 12 9 1 12 10 1 8 1 8 1 12 10 1 12 10 1 8 1 12 10 1 12 10 1 1 12 9 1 100 1 12 10 1 12 10 1 12 10 10 1 100 1 8 10 1 12 10 12 10 1 1 1 12 10 1 12 10 1 10 1 1 7 1 12 10 1 1 1 1 1 1
ciInstanceKlass java/util/jar/Manifest 1 1 290 1 7 1 7 1 100 1 7 1 100 1 7 1 1 1 1 1 1 1 1 1 1 1 12 10 1 7 10 12 9 1 7 10 12 9 12 9 1 1 100 1 12 10 1 1 12 10 1 1 1 12 10 1 1 12 10 1 1 12 10 11 1 1 1 1 1 12 11 1 12 10 1 100 1 1 12 10 1 100 1 100 10 1 8 1 1 12 10 1 1 12 10 1 12 10 1 12 10 11 1 1 1 100 12 10 1 1 12 10 1 1 12 11 1 12 10 1 1 12 11 1 100 1 1 12 11 1 100 1 12 11 1 1 12 11 1 12 10 1 8 1 12 11 1 7 1 1 12 10 1 12 11 12 10 1 12 10 1 1 1 1 1 1 100 1 1 12 10 1 8 1 1 12 10 10 1 7 1 1 12 9 1 1 12 10 1 100 12 10 1 100 1 12 10 1 12 10 1 1 1 100 1 1 12 9 1 8 1 12 10 1 8 1 8 12 10 1 12 10 1 100 1 1 12 10 1 8 12 10 1 8 10 1 1 12 10 1 8 1 1 12 10 1 7 1 1 12 10 1 12 10 10 1 1 12 11 1 12 10 1 7 1 1 12 10 1 1 12 10 1 1 12 10 11 1 12 10 11 1 12 10 1 1 1 1 1 1 1 1
ciInstanceKlass java/io/File 1 1 580 1 7 1 1 7 1 100 1 100 1 100 1 7 1 1 1 7 1 7 1 1 1 1 1 1 1 1 1 1 1 1 1 1 1 1 1 1 1 1 5 0 1 1 1 1 1 1 12 9 12 9 1 7 1 12 10 1 12 9 1 12 9 1 1 12 9 1 1 1 12 10 12 9 1 12 9 1 100 10 1 7 1 12 10 1 1 12 10 1 1 100 10 1 1 12 10 1 12 10 1 1 1 12 10 1 1 1 7 1 12 10 1 100 1 8 12 10 1 12 10 1 8 1 12 10 1 8 1 1 12 10 1 8 1 12 10 1 8 1 12 10 1 8 1 12 10 1 8 1 12 10 1 8 1 12 10 12 9 1 1 12 10 1 1 1 12 10 1 1 12 10 1 1 12 10 1 12 10 1 1 12 10 1 1 12 10 12 10 12 10 1 1 12 10 1 12 10 1 1 7 12 10 1 8 10 1 12 10 1 12 10 1 1 1 8 1 12 10 1 7 10 1 1 12 10 1 12 10 1 12 10 1 1 1 7 1 10 1 7 1 8 1 12 10 12 10 1 12 10 1 1 1 100 12 10 10 1 8 1 12 10 1 100 1 12 10 1 1 7 1 1 12 10 1 100 1 12 10 1 1 12 10 1 1 12 10 1 1 12 10 1 1 1 1 1 1 12 10 1 12 10 1 1 12 10 1 1 12 10 12 10 1 1 7 1 12 10 1 1 1 12 10 1 12 10 1 100 1 1 100 10 1 100 1 100 1 1 12 11 1 12 11 1 12 11 1 1 12 11 1 1 1 100 12 10 1 10 10 10 1 1 100 12 11 1 1 12 10 1 12 10 12 10 12 10 12 10 12 10 1 1 1 12 10 1 1 1 8 1 1 12 10 1 12 10 1 1 1 1 12 10 1 12 10 1 12 10 1 12 10 1 1 12 10 1 12 10 1 1 100 1 8 10 1 1 12 10 1 1 12 10 5 0 1 1 1 1 1 100 1 8 1 8 1 8 1 12 10 1 12 10 1 8 10 1 12 10 1 1 1 1 12 10 1 12 10 1 12 10 1 1 1 7 1 12 10 1 1 12 10 1 1 1 7 1 1 12 10 8 1 1 12 10 1 1 12 10 12 9 12 9 1 7 1 1 12 10 12 9 1 1 12 10 1 1 12 9 1 7 1 1 12 10 1 7 1 12 10 1 100 1 100 1 1 1 7 1 12 10 1 7 1 1 12 10 1 12 10 1 1 12 10 12 9 1 12 10 12 9 12 9 1 1 12 10 1 1 12 10 8 1 1 1 1 1 1 1 1 1
staticfield java/io/File fs Ljava/io/FileSystem; java/io/WinNTFileSystem
staticfield java/io/File separatorChar C 92
staticfield java/io/File separator Ljava/lang/String; "\"
staticfield java/io/File pathSeparatorChar C 59
staticfield java/io/File pathSeparator Ljava/lang/String; ";"
staticfield java/io/File UNSAFE Ljdk/internal/misc/Unsafe; jdk/internal/misc/Unsafe
staticfield java/io/File PATH_OFFSET J 16
staticfield java/io/File PREFIX_LENGTH_OFFSET J 12
staticfield java/io/File $assertionsDisabled Z 1
ciMethod java/io/File toString ()Ljava/lang/String; 20 0 45806 0 64
ciMethod java/io/File getPath ()Ljava/lang/String; 256 0 128 0 0
ciMethod java/io/File getAbsolutePath ()Ljava/lang/String; 512 0 51907 0 -1
ciMethod java/io/File <init> (Ljava/net/URI;)V 516 0 6459 0 5376
ciInstanceKlass java/io/ByteArrayInputStream 1 1 77 1 7 1 7 1 1 1 1 1 1 1 1 1 12 10 12 9 12 9 12 9 12 9 1 1 100 1 1 12 10 1 1 1 1 7 1 1 12 10 1 7 1 1 12 10 1 1 1 100 1 1 12 10 1 12 10 1 1 1 100 1 100 1 12 10 1 1 1 1 1 1 1 1 1 1 1
instanceKlass java/nio/IntBuffer
instanceKlass java/nio/LongBuffer
instanceKlass java/nio/CharBuffer
instanceKlass java/nio/ByteBuffer
ciInstanceKlass java/nio/Buffer 1 1 223 1 7 1 7 1 7 1 100 1 100 1 100 1 100 1 100 1 100 1 100 1 1 1 1 1 1 3 1 1 1 1 1 1 1 1 1 1 1 1 1 12 10 12 9 12 9 12 9 12 9 12 9 1 1 1 12 10 1 100 1 12 10 12 10 1 100 1 100 10 1 8 1 1 12 10 1 12 10 1 8 1 8 1 1 12 10 1 12 10 1 1 1 8 12 9 1 100 1 8 1 12 10 1 8 1 8 1 12 9 1 12 10 1 8 1 100 1 8 1 8 1 12 10 1 8 1 8 1 8 1 1 1 100 10 1 1 1 1 1 1 1 1 1 1 1 1 1 1 1 1 1 1 100 10 1 1 1 100 10 1 1 7 1 12 10 1 100 10 1 1 1 1 1 1 100 1 12 10 1 12 10 1 100 1 12 10 1 1 7 1 12 10 1 7 1 1 12 10 12 9 1 7 1 1 12 10 12 9 10 1 7 1 1 12 10 1 1 1 1 1 1 1
staticfield java/nio/Buffer UNSAFE Ljdk/internal/misc/Unsafe; jdk/internal/misc/Unsafe
staticfield java/nio/Buffer SCOPED_MEMORY_ACCESS Ljdk/internal/misc/ScopedMemoryAccess; jdk/internal/misc/ScopedMemoryAccess
staticfield java/nio/Buffer $assertionsDisabled Z 1
ciInstanceKlass java/util/Objects 1 1 152 1 7 1 7 1 1 12 10 1 100 1 8 1 12 10 1 1 1 12 10 1 1 7 1 12 10 1 1 1 12 10 1 1 12 10 1 1 1 100 1 12 10 1 1 12 10 1 1 1 12 10 1 7 10 1 1 12 10 1 7 1 12 10 1 1 12 10 1 8 1 7 1 12 10 1 7 1 1 12 10 10 1 1 1 1 100 1 12 11 1 1 1 100 10 1 1 1 12 10 1 1 1 1 1 1 8 12 10 1 1 1 1 8 1 100 1 1 12 11 1 8 1 1 1 1 7 1 12 10 1 1 1 12 10 1 12 10 1 1 12 10 1 1 12 10 12 10 1 1 1 1
ciMethod java/util/Objects requireNonNull (Ljava/lang/Object;)Ljava/lang/Object; 806 0 310137 0 -1
instanceKlass org/eclipse/osgi/internal/container/InternalUtils$CopyOnFirstWriteList
instanceKlass org/eclipse/osgi/internal/weaving/DynamicImportList
instanceKlass java/util/AbstractSequentialList
instanceKlass java/util/Collections$SingletonList
instanceKlass java/util/Vector
instanceKlass sun/security/jca/ProviderList$ServiceList
instanceKlass sun/security/jca/ProviderList$3
instanceKlass java/util/Arrays$ArrayList
instanceKlass java/util/ArrayList$SubList
instanceKlass java/util/Collections$EmptyList
instanceKlass java/util/ArrayList
ciInstanceKlass java/util/AbstractList 1 1 187 1 7 1 1 7 1 100 1 100 1 100 1 100 1 100 1 100 1 7 1 1 1 1 1 1 1 1 1 12 10 12 9 1 1 1 1 1 12 10 1 12 10 1 1 1 1 1 1 1 100 10 1 1 1 1 1 1 12 10 1 100 1 1 12 11 1 1 12 11 1 12 11 1 7 1 12 10 1 1 12 10 1 12 11 1 12 11 1 12 11 1 1 1 12 10 1 1 1 1 1 12 10 1 100 1 1 12 11 1 7 11 11 1 1 12 10 1 1 1 12 10 1 1 1 1 1 12 10 1 100 1 12 10 10 1 100 1 100 10 1 8 1 1 12 10 1 12 10 1 1 12 10 1 12 10 1 8 1 100 1 8 1 8 1 8 10 11 1 10 12 10 12 11 1 1 12 10 1 8 1 8 1 1 1 1 1
ciInstanceKlass java/util/Collection 1 1 96 1 7 1 1 100 1 100 1 1 1 1 1 1 1 1 1 1 1 1 1 1 1 1 7 1 1 12 11 1 7 12 11 1 1 1 1 1 1 1 1 1 1 1 1 1 100 1 1 12 10 12 11 1 100 1 12 11 1 1 12 11 1 100 1 12 11 1 12 11 1 1 1 1 1 1 1 1 100 1 12 10 1 1 1 12 11 1 7 1 12 10 1 1 1 1
ciMethod java/util/Collection toArray ([Ljava/lang/Object;)[Ljava/lang/Object; 0 0 1 0 -1
ciMethod java/util/Collection iterator ()Ljava/util/Iterator; 0 0 1 0 -1
ciInstanceKlass java/util/List 1 1 177 1 100 1 1 7 1 100 1 7 1 100 1 1 100 1 7 1 1 7 1 1 1 1 1 1 1 1 1 1 1 1 1 1 1 1 1 1 1 1 1 1 1 1 1 1 1 1 1 1 100 1 1 12 10 1 1 12 11 1 100 1 12 11 1 1 12 11 1 100 1 12 11 1 1 12 11 1 1 1 12 11 1 100 1 12 10 1 100 1 100 1 1 1 1 1 1 1 1 1 1 1 1 1 1 1 1 1 1 1 1 1 1 1 1 7 1 1 12 10 1 100 1 12 10 1 1 1 1 1 12 9 1 1 12 10 1 1 1 12 10 1 1 1 1 12 10 1 1 1 1 1 1 1 1 1 1 1 1 1 1 1 1 1 12 10 1 1 1 1 12 10 1 1 1 1 1
ciMethod java/util/List add (Ljava/lang/Object;)Z 0 0 1 0 -1
ciMethod java/util/List toArray ([Ljava/lang/Object;)[Ljava/lang/Object; 0 0 1 0 -1
ciMethod java/util/List addAll (Ljava/util/Collection;)Z 0 0 1 0 -1
instanceKlass java/util/AbstractMap$2
instanceKlass org/python/pydev/ast/codecompletion/revisited/PyPublicTreeMap$2
instanceKlass java/util/IdentityHashMap$Values
instanceKlass java/util/TreeMap$Values
instanceKlass org/eclipse/osgi/internal/container/NamespaceList$Builder
instanceKlass java/util/AbstractQueue
instanceKlass java/util/LinkedHashMap$LinkedValues
instanceKlass java/util/HashMap$Values
instanceKlass java/util/ArrayDeque
instanceKlass java/util/AbstractSet
instanceKlass java/util/ImmutableCollections$AbstractImmutableCollection
instanceKlass java/util/AbstractList
ciInstanceKlass java/util/AbstractCollection 1 1 130 1 7 1 1 7 1 7 1 1 12 10 1 1 1 1 1 1 1 12 10 1 1 12 10 1 7 1 12 11 1 1 12 11 1 12 10 1 1 1 7 1 100 1 1 12 10 1 1 12 10 1 1 1 1 12 10 1 7 1 12 10 1 7 1 1 12 10 1 100 1 1 12 10 1 1 100 1 1 12 10 1 1 1 100 10 1 12 11 1 1 1 11 12 10 1 1 12 10 1 1 100 1 1 12 10 11 1 1 1 1 1 8 1 7 10 1 1 12 10 1 8 1 12 10 12 10 1 1 1
ciMethod java/util/AbstractCollection <init> ()V 572 0 130505 0 64
ciInstanceKlass java/lang/AssertionStatusDirectives 0 0 18 1 100 1 100 1 1 1 1 1 1 1 1 1 1 12 10 1
instanceKlass jdk/net/UnixDomainPrincipal
instanceKlass sun/security/pkcs/SignerInfo$AlgorithmInfo
instanceKlass jdk/internal/misc/ThreadTracker$ThreadRef
instanceKlass jdk/internal/reflect/ReflectionFactory$Config
instanceKlass jdk/internal/foreign/abi/UpcallLinker$CallRegs
ciInstanceKlass java/lang/Record 1 1 16 1 100 1 7 1 1 12 10 1 1 1 1 1 1 1
ciInstanceKlass java/util/concurrent/ConcurrentHashMap 1 1 1022 1 7 1 1 7 1 100 1 100 1 100 1 100 1 100 1 100 1 100 1 100 1 100 1 100 1 100 1 100 1 100 1 100 1 100 1 100 1 100 1 100 1 100 1 100 1 100 1 100 1 100 1 100 1 100 1 100 1 100 1 100 1 100 1 100 1 100 1 100 1 100 1 100 1 7 1 7 1 7 1 100 1 100 1 100 1 100 1 100 1 100 1 100 1 100 1 100 1 7 1 100 1 100 1 100 1 7 1 7 1 7 1 100 1 7 1 1 1 1 1 1 7 1 7 1 1 1 1 1 1 100 1 100 1 1 100 1 1 1 1 1 1 1 1 1 1 1 1 1 1 1 1 1 1 1 1 1 1 1 1 1 1 1 1 1 1 1 1 1 1 1 1 1 1 1 1 1 1 1 1 1 1 1 5 0 1 1 3 1 3 1 3 1 1 1 4 1 3 1 3 1 3 1 1 1 3 1 1 3 1 3 1 3 1 3 1 1 1 1 1 1 1 1 1 1 1 1 1 1 1 1 1 1 1 1 1 1 1 1 1 1 1 1 1 1 1 1 1 1 1 7 1 12 10 1 1 1 1 100 1 7 1 1 12 10 1 100 1 100 1 1 12 10 1 100 1 100 1 1 12 11 1 12 11 1 1 1 1 1 12 11 1 1 1 12 9 12 9 12 9 1 7 1 1 12 10 1 1 1 1 1 12 10 1 1 1 1 1 12 10 1 1 12 10 1 1 12 10 1 1 12 9 1 12 10 1 1 100 10 5 0 12 10 1 1 1 1 12 10 5 0 1 1 1 1 1 1 12 10 12 10 12 9 12 10 1 12 9 1 1 12 9 1 1 12 10 7 1 12 9 1 1 12 10 1 1 12 9 1 12 10 1 1 100 10 1 12 10 1 1 12 10 1 1 1 1 1 12 10 1 1 1 12 10 1 12 10 12 10 1 1 12 10 1 1 12 10 1 100 1 8 1 12 10 1 100 1 1 12 10 1 1 12 10 12 11 1 12 10 1 12 11 1 7 1 1 12 11 1 7 1 12 11 1 12 11 1 12 11 1 12 11 1 1 1 12 10 1 12 10 1 1 12 9 1 1 12 10 9 1 1 12 10 1 12 9 1 1 12 10 5 0 1 1 1 12 9 1 12 10 1 1 12 9 1 12 10 1 12 9 10 1 1 1 100 10 1 1 12 10 1 8 1 12 10 12 10 11 1 1 1 100 1 7 1 12 10 1 1 12 10 1 8 1 12 10 1 8 1 12 10 1 8 1 12 10 1 12 10 1 1 1 100 1 100 1 12 10 12 10 1 12 10 1 12 10 1 12 9 9 1 12 10 12 9 1 1 1 1 1 1 1 1 1 1 1 100 1 1 12 11 1 1 1 1 7 1 12 11 1 1 1 12 10 1 100 1 12 11 1 1 1 1 1 1 7 10 12 11 1 1 1 1 1 1 1 1 12 10 1 1 1 1 12 10 1 1 10 1 1 1 10 1 7 1 1 12 9 1 1 12 10 1 1 1 3 1 1 100 1 12 10 12 9 1 1 12 10 12 9 12 9 1 1 12 10 100 1 100 1 12 10 12 9 1 12 9 1 1 12 10 12 10 12 9 12 9 1 1 12 10 1 9 3 1 12 9 1 12 10 12 9 1 12 10 12 9 1 12 10 12 9 1 100 1 1 12 10 1 12 10 1 1 1 1 5 0 1 100 1 12 10 1 1 12 10 1 12 10 1 12 10 1 1 1 12 10 10 1 1 1 1 100 10 1 12 10 10 1 1 1 1 12 10 10 1 1 1 1 12 10 10 1 100 1 1 12 10 1 1 1 1 12 10 10 1 100 1 12 10 1 1 1 1 12 10 10 1 12 10 1 1 1 1 12 10 10 1 1 1 12 10 10 1 1 1 1 12 10 10 1 1 1 12 10 10 1 1 1 12 10 10 1 1 1 1 12 10 10 1 1 1 1 12 10 10 1 1 1 1 12 10 10 1 1 10 10 1 10 10 1 1 10 10 1 1 1 12 10 10 1 1 12 10 10 1 1 1 12 10 10 1 1 1 12 10 10 1 1 1 12 10 10 1 1 10 10 1 10 10 1 1 10 10 1 1 1 1 12 10 10 1 1 12 10 10 1 1 1 12 10 10 1 1 1 12 10 10 1 1 1 12 10 10 12 10 1 1 7 1 1 12 10 1 12 10 1 7 1 12 10 1 1 12 9 12 9 1 1 12 10 8 1 1 12 10 8 8 8 8 1 1 12 10 1 12 10 1 100 1 8 10 1 7 1 1 1 1 1 1 1
staticfield java/util/concurrent/ConcurrentHashMap NCPU I 8
staticfield java/util/concurrent/ConcurrentHashMap serialPersistentFields [Ljava/io/ObjectStreamField; 3 [Ljava/io/ObjectStreamField;
staticfield java/util/concurrent/ConcurrentHashMap U Ljdk/internal/misc/Unsafe; jdk/internal/misc/Unsafe
staticfield java/util/concurrent/ConcurrentHashMap SIZECTL J 20
staticfield java/util/concurrent/ConcurrentHashMap TRANSFERINDEX J 32
staticfield java/util/concurrent/ConcurrentHashMap BASECOUNT J 24
staticfield java/util/concurrent/ConcurrentHashMap CELLSBUSY J 36
staticfield java/util/concurrent/ConcurrentHashMap CELLVALUE J 144
staticfield java/util/concurrent/ConcurrentHashMap ABASE I 16
staticfield java/util/concurrent/ConcurrentHashMap ASHIFT I 2
instanceKlass java/util/TreeMap$NavigableSubMap
instanceKlass org/python/pydev/ast/codecompletion/revisited/PyPublicTreeMap$SubMap
instanceKlass com/google/gson/internal/LinkedTreeMap
instanceKlass org/python/pydev/ast/codecompletion/revisited/PyPublicTreeMap
instanceKlass java/util/concurrent/ConcurrentSkipListMap
instanceKlass org/eclipse/osgi/internal/framework/FilterImpl$ServiceReferenceMap
instanceKlass org/eclipse/osgi/internal/serviceregistry/ShrinkableValueCollectionMap
instanceKlass java/util/Collections$SingletonMap
instanceKlass java/util/TreeMap
instanceKlass java/util/IdentityHashMap
instanceKlass java/util/EnumMap
instanceKlass java/util/WeakHashMap
instanceKlass java/util/Collections$EmptyMap
instanceKlass sun/util/PreHashedMap
instanceKlass java/util/HashMap
instanceKlass java/util/ImmutableCollections$AbstractImmutableMap
instanceKlass java/util/concurrent/ConcurrentHashMap
ciInstanceKlass java/util/AbstractMap 1 1 153 1 7 1 1 7 1 7 1 100 1 100 1 7 1 100 1 7 1 100 1 7 1 1 1 1 1 1 1 1 1 1 1 12 10 1 1 1 1 12 10 1 7 12 11 1 1 10 1 1 1 1 12 11 1 7 1 12 11 1 1 12 11 1 12 11 1 12 10 1 1 12 11 1 1 1 1 1 1 1 100 10 1 12 11 1 1 1 11 12 10 1 12 11 1 12 9 1 12 10 1 1 12 9 10 1 100 1 1 100 1 100 11 12 11 12 11 1 100 1 12 11 1 1 1 8 1 100 10 1 1 12 10 1 8 1 12 10 12 10 1 1 100 12 10 1 1 1 1 1 1 1 1
ciMethod java/util/concurrent/ConcurrentHashMap size ()I 512 0 6406 0 192
ciMethod java/util/concurrent/ConcurrentHashMap entrySet ()Ljava/util/Set; 514 0 4277 0 0
ciMethod java/util/concurrent/ConcurrentHashMap putAll (Ljava/util/Map;)V 512 906 3315 0 0
instanceKlass jdk/internal/loader/ClassLoaders$BootClassLoader
instanceKlass jdk/internal/loader/ClassLoaders$PlatformClassLoader
instanceKlass jdk/internal/loader/ClassLoaders$AppClassLoader
ciInstanceKlass jdk/internal/loader/BuiltinClassLoader 1 1 654 1 7 1 7 1 100 1 7 1 7 1 100 1 100 1 7 1 7 1 1 7 1 100 1 1 7 1 7 1 1 100 1 7 1 1 1 100 1 100 1 1 1 1 1 1 1 1 1 1 1 1 1 1 1 1 1 1 1 1 12 9 1 1 1 7 1 1 12 10 1 7 1 7 1 7 1 12 10 12 9 12 9 1 7 1 12 10 12 9 1 12 10 12 9 1 1 1 12 10 1 1 1 1 1 1 1 7 1 1 12 10 1 1 12 10 1 7 1 1 12 11 1 100 1 100 10 1 1 12 10 1 8 1 12 10 12 10 1 12 10 1 1 12 10 1 7 1 1 12 11 1 7 1 12 11 1 1 12 11 1 8 1 8 10 12 9 1 7 1 12 10 1 1 1 1 12 11 1 1 1 100 1 12 10 1 100 1 1 12 10 1 1 12 10 1 1 1 7 1 1 12 10 12 10 1 1 12 10 1 7 1 1 12 10 1 7 1 1 12 11 1 7 1 12 10 1 7 1 1 12 10 1 12 10 1 8 1 1 12 10 10 1 8 1 1 12 10 1 1 12 10 1 1 12 10 1 7 1 12 11 1 12 11 1 1 1 1 7 10 1 1 12 11 11 1 12 10 1 12 10 1 1 100 1 7 12 10 1 12 10 1 12 10 1 7 1 1 12 10 1 1 12 10 1 100 1 100 1 12 11 1 100 1 12 10 1 1 12 10 1 100 1 12 10 1 12 10 16 1 12 10 15 16 1 100 1 1 12 10 15 1 1 12 18 1 12 10 1 12 10 1 12 10 15 1 16 18 1 100 1 7 1 12 10 1 1 1 1 7 10 1 1 12 10 1 1 12 10 1 7 1 12 10 1 1 1 12 10 12 9 1 100 10 1 1 1 1 12 10 1 1 12 10 1 12 10 1 100 12 10 1 1 12 10 1 100 1 1 12 10 1 1 12 10 1 12 10 1 1 1 12 10 1 12 10 15 1 16 1 12 18 1 1 12 10 1 12 10 1 1 12 10 1 12 10 1 7 1 12 10 1 1 12 10 1 1 12 10 1 12 10 1 7 1 12 11 1 12 10 1 7 1 100 1 12 10 1 12 10 1 1 12 11 1 1 1 12 10 1 1 12 10 1 1 12 10 1 1 12 10 1 12 10 1 12 10 1 12 10 1 7 1 12 10 1 8 1 1 12 10 1 12 10 1 12 10 1 100 1 8 1 8 10 1 12 10 1 8 1 8 1 7 1 1 12 10 1 7 1 1 12 11 1 1 12 9 1 1 12 10 1 12 9 1 12 9 1 12 9 1 12 9 1 12 9 1 12 9 1 7 1 1 12 10 1 8 1 12 10 1 1 1 7 12 10 1 12 10 10 1 1 12 11 12 10 1 12 10 1 12 10 1 12 10 1 12 10 10 1 1 1 12 10 1 12 10 1 8 1 7 1 12 10 12 10 1 1 1 1 1 1 1 1
staticfield jdk/internal/loader/BuiltinClassLoader packageToModule Ljava/util/Map; java/util/concurrent/ConcurrentHashMap
staticfield jdk/internal/loader/BuiltinClassLoader $assertionsDisabled Z 1
ciInstanceKlass jdk/internal/loader/ClassLoaders$AppClassLoader 1 1 91 1 100 1 7 1 100 1 1 1 1 8 1 12 10 1 1 1 1 100 1 7 1 1 12 10 1 100 1 1 12 10 1 1 12 10 1 100 1 1 12 10 12 10 1 1 12 10 1 7 1 8 12 10 1 7 1 1 12 10 1 1 12 10 1 1 12 10 1 1 1 1 12 10 1 1 7 1 1 12 10 1 100 12 10 1 1 1 1 1 1
ciInstanceKlass jdk/internal/loader/ClassLoaders$PlatformClassLoader 1 1 34 1 100 1 7 1 100 1 1 100 1 1 1 1 8 1 12 10 1 1 1 7 1 1 12 10 1 100 12 10 1 1 1 1
ciInstanceKlass java/lang/ArithmeticException 1 1 18 1 100 1 100 1 1 5 0 1 1 12 10 1 12 10 1 1
instanceKlass org/python/pydev/parser/fastparser/grammar_fstrings_common/AbstractFStringsGrammar$DoubleLBraceFound
instanceKlass org/eclipse/jface/text/BadPositionCategoryException
instanceKlass org/eclipse/jface/text/BadPartitioningException
instanceKlass org/python/pydev/parser/visitors/StopVisitingException
instanceKlass org/python/pydev/parser/jython/ParseException
instanceKlass sun/nio/fs/WindowsException
instanceKlass org/python/pydev/pydev_lsp/lic/UnknownVersionException
instanceKlass javax/xml/transform/TransformerException
instanceKlass java/text/ParseException
instanceKlass org/eclipse/jface/text/BadLocationException
instanceKlass org/python/pydev/core/docutils/SyntaxErrorException
instanceKlass org/python/pydev/pydev_lsp/PyDevDocumentLifeCycleHandler$UnableToConvertUriToFile
instanceKlass org/python/pydev/core/structure/CompletionRecursionException
instanceKlass org/python/pydev/core/PythonNatureWithoutProjectException
instanceKlass org/python/pydev/core/MisconfigurationException
instanceKlass org/python/pydev/core/IInterpreterInfo$UnableToFindExecutableException
instanceKlass org/python/pydev/shared_core/progress/CancelException
instanceKlass java/util/concurrent/ExecutionException
instanceKlass java/util/concurrent/TimeoutException
instanceKlass org/osgi/service/application/ApplicationException
instanceKlass java/lang/CloneNotSupportedException
instanceKlass org/eclipse/core/runtime/CoreException
instanceKlass org/osgi/service/prefs/BackingStoreException
instanceKlass org/apache/felix/scr/impl/inject/methods/SuitableMethodNotAccessibleException
instanceKlass org/xml/sax/SAXException
instanceKlass java/net/URISyntaxException
instanceKlass javax/xml/parsers/ParserConfigurationException
instanceKlass org/osgi/service/resolver/ResolutionException
instanceKlass org/eclipse/osgi/container/ModuleContainer$ResolutionLockException
instanceKlass java/security/PrivilegedActionException
instanceKlass java/lang/InterruptedException
instanceKlass org/osgi/framework/BundleException
instanceKlass org/osgi/framework/InvalidSyntaxException
instanceKlass java/security/GeneralSecurityException
instanceKlass java/io/IOException
instanceKlass java/lang/ReflectiveOperationException
instanceKlass java/lang/RuntimeException
ciInstanceKlass java/lang/Exception 1 1 27 1 100 1 7 1 1 5 0 1 1 12 10 1 12 10 1 12 10 1 12 10 1 12 10 1 1
ciMethod java/lang/Exception <init> (Ljava/lang/Throwable;)V 34 0 17 0 -1
instanceKlass org/python/pydev/ast/codecompletion/revisited/visitors/StopVisitingException
instanceKlass org/python/pydev/parser/grammarcommon/WithNameInvalidException
instanceKlass org/python/pydev/parser/grammarcommon/EmptySuiteException
instanceKlass java/util/concurrent/CompletionException
instanceKlass java/lang/invoke/WrongMethodTypeException
instanceKlass org/python/pydev/json/eclipsesource/ParseException
instanceKlass org/eclipse/lsp4j/jsonrpc/ResponseErrorException
instanceKlass org/eclipse/lsp4j/jsonrpc/JsonRpcException
instanceKlass com/google/gson/JsonParseException
instanceKlass org/eclipse/lsp4j/jsonrpc/MessageIssueException
instanceKlass java/lang/reflect/UndeclaredThrowableException
instanceKlass org/python/pydev/shared_core/string/NoPeerAvailableException
instanceKlass java/util/EmptyStackException
instanceKlass org/eclipse/core/internal/events/BuildManager$JobManagerSuspendedException
instanceKlass org/eclipse/core/internal/localstore/IsSynchronizedVisitor$ResourceChangedException
instanceKlass java/lang/IllegalCallerException
instanceKlass org/eclipse/core/internal/dtree/ObjectNotFoundException
instanceKlass org/eclipse/core/internal/utils/WrappedRuntimeException
instanceKlass org/eclipse/core/runtime/OperationCanceledException
instanceKlass org/eclipse/core/runtime/InvalidRegistryObjectException
instanceKlass org/osgi/util/promise/FailedPromisesException
instanceKlass java/util/concurrent/RejectedExecutionException
instanceKlass org/eclipse/core/runtime/AssertionFailedException
instanceKlass java/util/MissingResourceException
instanceKlass org/osgi/service/component/ComponentException
instanceKlass org/osgi/framework/hooks/weaving/WeavingException
instanceKlass java/util/ConcurrentModificationException
instanceKlass org/osgi/framework/ServiceException
instanceKlass java/lang/IndexOutOfBoundsException
instanceKlass org/eclipse/osgi/framework/util/ThreadInfoReport
instanceKlass org/eclipse/osgi/storage/Storage$StorageException
instanceKlass java/lang/UnsupportedOperationException
instanceKlass java/util/NoSuchElementException
instanceKlass java/lang/SecurityException
instanceKlass java/lang/IllegalStateException
instanceKlass java/lang/IllegalArgumentException
instanceKlass java/lang/ArithmeticException
instanceKlass java/lang/NullPointerException
instanceKlass java/lang/IllegalMonitorStateException
instanceKlass java/lang/ArrayStoreException
instanceKlass java/lang/ClassCastException
ciInstanceKlass java/lang/RuntimeException 1 1 27 1 100 1 7 1 1 5 0 1 1 12 10 1 12 10 1 12 10 1 12 10 1 12 10 1 1
ciInstanceKlass java/lang/ArrayStoreException 1 1 18 1 100 1 100 1 1 5 0 1 1 12 10 1 12 10 1 1
ciInstanceKlass java/lang/ClassCastException 1 1 18 1 100 1 100 1 1 5 0 1 1 12 10 1 12 10 1 1
ciInstanceKlass java/lang/ClassNotFoundException 1 1 80 1 7 1 7 1 100 1 100 1 1 100 1 100 1 1 1 5 0 1 1 1 1 1 7 1 12 10 1 1 12 10 1 1 1 12 10 1 1 1 100 1 1 12 10 1 8 1 1 12 10 1 12 10 1 1 1 1 12 10 1 1 12 10 1 12 10 1 1 7 1 12 10 12 9 1 1 1 1 1
staticfield java/lang/ClassNotFoundException serialPersistentFields [Ljava/io/ObjectStreamField; 1 [Ljava/io/ObjectStreamField;
instanceKlass java/lang/InstantiationException
instanceKlass java/lang/IllegalAccessException
instanceKlass java/lang/reflect/InvocationTargetException
instanceKlass java/lang/NoSuchFieldException
instanceKlass java/lang/NoSuchMethodException
instanceKlass java/lang/ClassNotFoundException
ciInstanceKlass java/lang/ReflectiveOperationException 1 1 24 1 100 1 7 1 1 5 0 1 1 12 10 1 12 10 1 12 10 1 12 10 1 1
instanceKlass java/lang/IllegalThreadStateException
instanceKlass java/util/regex/PatternSyntaxException
instanceKlass java/nio/charset/IllegalCharsetNameException
instanceKlass java/lang/NumberFormatException
ciInstanceKlass java/lang/IllegalArgumentException 1 1 24 1 100 1 7 1 1 5 0 1 1 12 10 1 12 10 1 12 10 1 12 10 1 1
ciInstanceKlass java/lang/IllegalMonitorStateException 1 1 18 1 100 1 100 1 1 5 0 1 1 12 10 1 12 10 1 1
ciInstanceKlass java/lang/BootstrapMethodError 0 0 35 1 100 1 100 1 1 5 0 1 1 12 10 1 12 10 1 12 10 1 1 100 1 1 12 10 1 100 1 1 12 10 1 1 1
instanceKlass java/lang/ClassFormatError
instanceKlass java/lang/UnsatisfiedLinkError
instanceKlass java/lang/IncompatibleClassChangeError
instanceKlass java/lang/BootstrapMethodError
instanceKlass java/lang/NoClassDefFoundError
ciInstanceKlass java/lang/LinkageError 1 1 21 1 100 1 7 1 1 5 0 1 1 12 10 1 12 10 1 12 10 1 1
ciInstanceKlass java/lang/NullPointerException 1 1 44 1 7 1 7 1 1 5 0 1 1 1 1 1 1 12 10 1 12 10 1 1 12 9 1 1 12 10 12 9 12 10 1 12 10 1 100 1 100 1 100 1 1 1
ciMethod java/lang/NullPointerException <init> ()V 0 0 4 0 -1
ciInstanceKlass java/lang/InternalError 0 0 24 1 100 1 100 1 1 5 0 1 1 12 10 1 12 10 1 12 10 1 12 10 1 1
instanceKlass java/lang/StackOverflowError
instanceKlass java/lang/OutOfMemoryError
instanceKlass java/lang/InternalError
ciInstanceKlass java/lang/VirtualMachineError 1 1 24 1 100 1 100 1 1 5 0 1 1 12 10 1 12 10 1 12 10 1 12 10 1 1
ciInstanceKlass java/lang/NoClassDefFoundError 0 0 18 1 100 1 100 1 1 5 0 1 1 12 10 1 12 10 1 1
ciInstanceKlass java/lang/OutOfMemoryError 1 1 18 1 100 1 100 1 1 5 0 1 1 12 10 1 12 10 1 1
ciInstanceKlass java/lang/StackOverflowError 1 1 18 1 100 1 100 1 1 5 0 1 1 12 10 1 12 10 1 1
ciInstanceKlass java/lang/StackTraceElement 1 1 201 1 7 1 7 1 100 1 7 1 1 1 1 1 1 1 1 1 1 1 1 1 1 1 1 3 1 3 1 1 5 0 1 1 1 12 10 1 12 10 12 9 12 9 12 9 12 9 1 8 1 7 1 1 12 10 1 7 12 9 1 8 12 9 12 9 12 9 1 1 1 1 1 1 1 1 1 1 1 1 1 8 1 12 10 1 12 10 1 7 10 1 1 12 10 1 8 12 10 1 12 10 1 8 1 8 1 8 12 10 1 8 1 8 1 12 10 1 8 1 8 1 1 12 10 1 12 10 1 12 10 1 12 10 1 12 9 1 7 1 1 12 10 1 1 12 10 1 7 1 100 1 7 1 1 12 10 1 100 1 7 1 12 10 1 7 1 1 12 10 1 12 10 1 12 10 1 1 1 100 10 1 1 12 10 1 12 10 1 1 1 12 10 12 10 1 1 1 1 1 1
instanceKlass java/util/concurrent/locks/AbstractQueuedSynchronizer
ciInstanceKlass java/util/concurrent/locks/AbstractOwnableSynchronizer 1 1 25 1 7 1 7 1 100 1 1 5 0 1 1 1 1 12 10 1 1 12 9 1 1 1 1
ciInstanceKlass jdk/internal/vm/Continuation 0 0 534 1 100 1 100 1 100 1 100 1 1 100 1 100 1 1 100 1 100 1 1 1 100 1 1 1 1 1 1 1 1 1 1 1 1 1 1 1 1 1 1 1 1 1 1 1 1 1 1 1 1 1 1 12 9 1 12 9 1 12 9 1 100 1 100 1 1 12 10 1 8 1 1 12 10 1 12 10 1 1 12 10 1 12 10 1 1 12 9 1 100 12 11 1 10 12 9 12 9 12 9 10 1 8 1 12 10 1 1 1 1 12 9 1 1 10 1 1 12 11 1 1 1 100 1 1 12 10 1 12 10 1 1 12 10 1 1 12 10 1 1 12 11 1 1 1 1 12 9 1 1 12 10 1 16 1 1 12 10 15 16 1 100 1 1 12 10 15 1 1 12 18 1 1 12 10 1 100 1 1 1 1 12 10 1 100 1 1 12 11 1 12 10 1 100 1 100 12 9 1 1 12 10 1 100 1 8 1 12 10 1 1 12 10 1 12 9 1 1 12 11 12 9 1 8 10 1 100 1 1 12 11 1 12 11 1 1 12 10 1 1 12 10 12 9 1 12 10 10 1 12 10 1 8 1 12 10 1 8 1 8 1 100 1 1 12 10 1 100 1 1 12 10 1 12 10 12 9 1 12 11 1 12 10 1 1 12 10 12 9 1 1 12 10 12 9 1 1 1 1 1 100 1 8 10 1 1 1 1 12 10 12 10 1 100 12 11 1 100 10 1 12 10 1 1 1 8 12 9 12 10 12 9 1 100 1 12 10 1 8 1 8 1 8 1 8 1 1 12 10 1 12 10 1 12 10 1 12 10 12 10 1 1 12 10 1 8 1 1 1 1 1 1 1 12 10 12 9 1 100 1 1 12 10 1 1 8 1 1 12 10 1 12 10 1 8 1 1 1 100 1 8 10 1 1 1 1 12 9 1 8 1 100 1 12 10 1 100 1 12 10 1 8 1 8 12 10 1 1 1 100 1 1 12 10 1 100 10 1 100 1 12 10 1 1 12 11 15 1 16 18 1 100 1 1 12 11 1 16 1 1 12 10 15 16 1 12 18 1 1 12 11 1 100 1 1 100 1 100 1 12 10 1 1 12 10 1 100 1 1 12 10 1 100 1 12 10 1 100 1 12 10 1 12 10 1 8 12 10 1 1 12 10 8 1 1 12 9 1 1 12 10 1 100 1 12 10 1 1 1 1 1 1 1
ciInstanceKlass jdk/internal/misc/UnsafeConstants 1 1 28 1 7 1 100 1 1 1 1 1 1 1 1 1 12 10 1 12 9 12 9 12 9 12 9 12 9 1
staticfield jdk/internal/misc/UnsafeConstants ADDRESS_SIZE0 I 8
staticfield jdk/internal/misc/UnsafeConstants PAGE_SIZE I 4096
staticfield jdk/internal/misc/UnsafeConstants BIG_ENDIAN Z 0
staticfield jdk/internal/misc/UnsafeConstants UNALIGNED_ACCESS Z 1
staticfield jdk/internal/misc/UnsafeConstants DATA_CACHE_LINE_FLUSH_SIZE I 0
instanceKlass java/lang/invoke/DelegatingMethodHandle
instanceKlass java/lang/invoke/BoundMethodHandle
instanceKlass java/lang/invoke/DirectMethodHandle
ciInstanceKlass java/lang/invoke/MethodHandle 1 1 653 1 7 1 7 1 100 1 100 1 7 1 100 1 100 1 100 1 7 1 100 1 100 1 1 100 1 100 1 1 7 1 7 1 1 1 1 1 1 1 1 1 1 1 1 1 1 1 1 1 1 1 1 12 9 1 1 1 12 10 1 7 1 1 12 10 1 7 1 7 1 1 12 10 12 9 1 12 10 1 1 1 100 1 1 1 1 1 1 1 1 1 1 1 1 12 10 1 1 12 10 1 100 1 1 12 10 1 1 12 10 1 12 10 1 1 1 100 1 1 12 11 12 10 1 12 10 1 12 10 1 1 12 10 12 9 12 9 1 7 1 1 12 10 1 1 12 10 1 12 10 1 12 10 1 100 1 100 10 1 8 1 1 12 10 1 12 10 1 8 1 1 12 10 1 12 10 1 1 12 10 1 1 12 10 1 1 12 10 1 1 12 10 1 7 1 1 12 10 1 1 12 10 1 7 1 100 1 1 12 10 1 12 10 1 1 1 12 10 1 12 10 1 7 1 12 10 1 12 10 1 1 1 12 10 1 1 12 10 1 12 10 1 1 1 12 10 1 1 12 10 1 1 12 10 1 7 1 1 12 10 1 1 12 10 1 1 12 10 1 1 1 12 10 1 8 1 7 1 1 12 10 1 8 1 12 10 1 1 12 10 1 1 12 10 1 12 10 1 8 1 1 12 10 1 1 8 1 12 10 1 8 1 100 1 1 12 10 12 9 1 100 10 1 100 1 1 12 9 1 100 9 1 8 1 1 1 1 12 10 1 12 10 1 1 12 10 1 12 10 1 1 12 10 1 12 10 1 12 10 1 12 10 1 1 12 10 1 1 12 10 1 1 8 1 1 12 10 1 8 1 12 10 1 1 1 12 10 1 1 1 1 1 12 10 1 12 10 1 1 12 10 1 1 1 1 100 1 1 12 9 1 1 12 10 1 100 1 12 11 1 12 10 12 10 1 100 1 12 10 1 100 1 12 11 10 1 100 1 12 11 1 12 10 1 100 1 12 11 1 1 12 9 1 1 12 11 1 100 1 1 12 11 1 1 12 10 1 12 9 1 12 11 1 12 9 1 12 9 1 12 9 1 1 12 11 1 12 9 1 12 9 1 12 9 1 12 9 1 12 9 1 12 9 1 12 9 1 8 1 12 10 1 12 10 1 8 1 12 10 1 12 10 10 1 1 1 100 1 100 1 7 1 12 10 12 10 1 8 1 1 12 10 1 1 1 1 12 10 1 12 10 1 12 10 1 100 1 1 12 10 10 1 1 1 1 1 1 1 1 12 9 1 1 1 1 1 12 10 12 10 1 1 1 1 8 1 1 12 9 12 9 1 1 12 9 1 12 10 1 12 10 1 1 12 10 1 1 1 12 9 12 9 1 7 1 1 12 10 1 7 1 12 11 12 9 1 1 12 10 1 12 10 12 9 1 1 12 10 8 1 1 12 10 8 1 1 1 1 1 1 1 1
staticfield java/lang/invoke/MethodHandle FORM_OFFSET J 20
staticfield java/lang/invoke/MethodHandle UPDATE_OFFSET J 13
staticfield java/lang/invoke/MethodHandle $assertionsDisabled Z 1
instanceKlass java/net/StandardProtocolFamily
instanceKlass org/python/pydev/core/ICompletionState$LookingFor
instanceKlass org/eclipse/lsp4j/DiagnosticSeverity
instanceKlass org/eclipse/lsp4j/jsonrpc/messages/ResponseErrorCode
instanceKlass java/lang/StackStreamFactory$WalkerState
instanceKlass java/lang/StackWalker$ExtendedOption
instanceKlass sun/util/logging/PlatformLogger$Level
instanceKlass org/python/pydev/ast/interpreter_managers/IInterpreterInfoBuilder$BuilderResult
instanceKlass sun/nio/fs/AbstractWatchKey$State
instanceKlass org/python/pydev/core/ShellId
instanceKlass java/nio/file/StandardCopyOption
instanceKlass org/eclipse/lsp4j/MessageType
instanceKlass org/eclipse/lsp4j/TextDocumentSyncKind
instanceKlass org/eclipse/lsp4j/DiagnosticTag
instanceKlass org/eclipse/lsp4j/PrepareSupportDefaultBehavior
instanceKlass org/eclipse/lsp4j/CompletionItemKind
instanceKlass org/eclipse/lsp4j/CompletionItemTag
instanceKlass org/eclipse/lsp4j/InsertTextMode
instanceKlass org/eclipse/lsp4j/SymbolTag
instanceKlass org/eclipse/lsp4j/SymbolKind
instanceKlass com/google/gson/ReflectionAccessFilter$FilterResult
instanceKlass com/google/gson/stream/JsonToken
instanceKlass java/math/RoundingMode
instanceKlass jdk/internal/logger/BootstrapLogger$LoggingBackend
instanceKlass com/google/gson/ToNumberPolicy
instanceKlass com/google/gson/FieldNamingPolicy
instanceKlass com/google/gson/LongSerializationPolicy
instanceKlass org/python/pydev/pydev_lsp/projects/PyDevFoldersSetup$InterpreterHeuristic
instanceKlass org/apache/felix/scr/impl/inject/field/FieldHandler$METHOD_TYPE
instanceKlass java/time/format/TextStyle
instanceKlass java/time/format/DateTimeFormatterBuilder$SettingsParser
instanceKlass java/time/format/ResolverStyle
instanceKlass java/time/format/SignStyle
instanceKlass java/time/temporal/JulianFields$Field
instanceKlass java/time/temporal/IsoFields$Unit
instanceKlass java/time/temporal/IsoFields$Field
instanceKlass sun/util/locale/provider/LocaleProviderAdapter$Type
instanceKlass java/lang/StackWalker$Option
instanceKlass java/util/Locale$Category
instanceKlass org/apache/felix/resolver/reason/ReasonException$Reason
instanceKlass org/eclipse/osgi/report/resolution/ResolutionReport$Entry$Type
instanceKlass org/apache/felix/scr/impl/inject/ValueUtils$ValueType
instanceKlass org/apache/felix/scr/impl/manager/RegistrationManager$RegState
instanceKlass org/apache/felix/scr/impl/manager/AbstractComponentManager$State
instanceKlass org/osgi/util/promise/PromiseFactory$Option
instanceKlass org/apache/felix/scr/impl/metadata/ReferenceMetadata$ReferenceScope
instanceKlass org/apache/felix/scr/impl/metadata/ServiceMetadata$Scope
instanceKlass org/apache/felix/scr/impl/metadata/DSVersion
instanceKlass com/sun/org/apache/xerces/internal/impl/XMLScanner$NameType
instanceKlass com/sun/org/apache/xerces/internal/util/Status
instanceKlass javax/xml/catalog/CatalogFeatures$Feature
instanceKlass com/sun/org/apache/xerces/internal/utils/XMLSecurityPropertyManager$Property
instanceKlass com/sun/org/apache/xerces/internal/utils/XMLSecurityPropertyManager$State
instanceKlass com/sun/org/apache/xerces/internal/utils/XMLSecurityManager$NameMap
instanceKlass jdk/xml/internal/JdkProperty$State
instanceKlass com/sun/org/apache/xerces/internal/utils/XMLSecurityManager$Limit
instanceKlass org/apache/felix/scr/impl/logger/InternalLogger$Level
instanceKlass org/eclipse/osgi/container/ModuleContainerAdaptor$ContainerEvent
instanceKlass java/util/Comparators$NaturalOrderComparator
instanceKlass org/eclipse/osgi/container/Module$StartOptions
instanceKlass org/eclipse/osgi/container/ModuleDatabase$Sort
instanceKlass org/eclipse/osgi/container/Module$Settings
instanceKlass org/eclipse/osgi/container/ModuleContainerAdaptor$ModuleEvent
instanceKlass org/eclipse/osgi/storage/ContentProvider$Type
instanceKlass org/eclipse/osgi/container/Module$State
instanceKlass org/osgi/service/log/LogLevel
instanceKlass java/lang/invoke/MethodHandleImpl$ArrayAccess
instanceKlass java/lang/reflect/ProxyGenerator$PrimitiveTypeInfo
instanceKlass java/lang/annotation/RetentionPolicy
instanceKlass java/nio/file/AccessMode
instanceKlass jdk/internal/icu/util/CodePointTrie$ValueWidth
instanceKlass jdk/internal/icu/util/CodePointTrie$Type
instanceKlass java/text/Normalizer$Form
instanceKlass java/lang/constant/DirectMethodHandleDesc$Kind
instanceKlass java/lang/invoke/VarHandle$VarHandleDesc$Kind
instanceKlass java/time/temporal/ChronoUnit
instanceKlass java/time/temporal/ChronoField
instanceKlass java/util/regex/Pattern$Qtype
instanceKlass sun/security/util/DisabledAlgorithmConstraints$Constraint$Operator
instanceKlass java/lang/System$Logger$Level
instanceKlass sun/security/rsa/RSAUtil$KeyType
instanceKlass sun/security/util/KnownOIDs
instanceKlass java/nio/file/LinkOption
instanceKlass sun/nio/fs/WindowsPathType
instanceKlass java/nio/file/StandardOpenOption
instanceKlass java/util/concurrent/TimeUnit
instanceKlass java/util/stream/Collector$Characteristics
instanceKlass java/util/stream/StreamShape
instanceKlass java/lang/invoke/MethodHandles$Lookup$ClassOption
instanceKlass java/lang/invoke/VarHandle$AccessType
instanceKlass java/lang/invoke/VarHandle$AccessMode
instanceKlass java/lang/invoke/MethodHandleImpl$Intrinsic
instanceKlass java/lang/invoke/LambdaForm$BasicType
instanceKlass java/lang/invoke/LambdaForm$Kind
instanceKlass sun/invoke/util/Wrapper
instanceKlass java/util/stream/StreamOpFlag$Type
instanceKlass java/util/stream/StreamOpFlag
instanceKlass java/io/File$PathStatus
instanceKlass java/lang/module/ModuleDescriptor$Requires$Modifier
instanceKlass java/lang/module/ModuleDescriptor$Modifier
instanceKlass java/lang/Thread$State
ciInstanceKlass java/lang/Enum 1 1 169 1 7 1 1 7 1 100 1 100 1 100 1 100 1 1 100 1 100 1 1 1 1 1 1 12 9 1 12 9 1 1 1 12 10 1 1 1 1 12 10 1 1 1 100 10 1 1 1 1 1 12 10 1 12 10 1 100 10 1 1 7 1 12 10 1 1 1 12 10 1 16 1 1 12 10 15 16 1 100 1 1 12 10 15 1 1 12 18 1 100 1 1 12 10 1 1 1 1 1 12 10 1 7 1 12 11 1 100 1 8 1 12 10 1 100 1 100 10 1 8 1 1 12 10 1 12 10 1 8 12 10 10 1 1 1 1 1 3 1 1 1 100 1 100 1 100 1 8 10 1 1 100 1 12 10 1 1 12 10 1 1 1 1 1 1 1 1 1
ciInstanceKlass java/lang/invoke/LambdaForm 1 1 939 1 7 1 7 1 100 1 7 1 100 1 7 1 7 1 7 1 7 1 100 1 100 1 1 1 1 1 1 100 1 7 1 1 7 1 7 1 1 7 1 7 1 1 1 1 1 1 1 1 1 1 1 1 1 1 1 1 1 1 1 1 1 3 1 3 1 1 1 1 1 3 1 1 1 1 1 1 1 1 1 1 1 1 1 1 1 1 1 1 1 1 1 12 9 1 12 10 1 1 1 12 10 12 9 12 9 1 1 12 10 1 100 10 7 1 100 12 9 1 1 12 10 12 9 1 1 12 10 12 9 12 9 12 9 12 9 1 1 12 10 1 12 10 1 1 1 1 1 1 100 1 1 12 10 1 100 1 1 12 10 1 1 7 1 12 10 1 1 12 10 1 100 1 1 12 9 1 1 12 10 1 12 9 1 1 12 10 1 12 10 1 1 12 10 1 1 12 10 1 100 1 1 12 10 1 7 10 1 1 12 10 1 8 1 12 10 1 12 10 1 1 12 10 1 1 12 10 1 1 12 10 1 12 10 1 1 12 10 1 1 12 9 1 12 9 1 12 9 1 1 12 10 12 9 1 100 1 1 12 10 1 100 1 1 1 12 10 1 12 10 1 1 12 9 1 100 1 1 12 10 1 12 10 1 12 10 1 12 10 1 12 10 1 12 10 1 1 12 10 1 12 10 12 10 1 8 1 12 10 1 12 10 1 8 1 8 1 1 12 9 12 9 12 9 1 1 1 1 12 10 1 12 10 1 12 9 1 1 12 10 1 7 1 1 12 10 1 1 12 10 1 12 10 1 12 10 1 1 12 10 100 1 12 9 1 12 10 1 8 1 8 1 8 1 8 1 8 1 8 1 8 1 8 1 1 1 1 12 10 1 1 1 12 9 1 1 1 1 7 1 100 12 10 1 12 9 12 10 1 12 10 12 10 1 12 10 1 1 12 10 1 1 1 1 12 10 10 1 1 12 10 1 1 12 10 1 1 8 1 1 12 10 1 12 10 1 1 12 10 10 1 1 1 1 8 12 10 1 1 8 1 1 8 1 1 8 1 1 12 10 12 9 12 10 1 1 12 10 1 100 1 1 12 10 12 10 1 1 12 10 1 1 12 10 1 1 12 9 1 8 1 100 1 1 12 10 1 100 1 100 1 12 10 12 10 10 1 1 12 10 12 9 8 1 1 12 10 12 10 1 12 10 1 7 1 12 9 1 1 12 9 1 8 1 100 1 12 10 1 1 12 10 10 1 1 12 10 1 1 12 10 1 8 1 8 1 8 12 10 1 12 10 1 12 10 1 1 12 10 1 1 8 1 8 1 1 12 9 1 12 10 1 1 12 10 1 8 1 8 1 8 1 100 1 8 1 100 1 8 1 100 1 8 1 12 10 1 8 1 9 1 7 1 1 12 10 1 12 10 1 1 12 9 1 12 10 10 1 12 10 1 12 10 1 12 10 1 1 1 1 1 12 10 1 12 10 1 1 12 10 1 1 12 10 1 1 12 10 1 8 1 12 10 1 12 10 1 1 12 9 1 12 10 1 8 1 8 1 8 1 8 1 8 1 8 1 8 1 8 1 8 1 8 1 12 10 12 10 1 12 10 12 10 1 8 1 8 1 8 1 12 10 1 8 1 12 10 1 8 1 8 1 8 1 8 1 8 1 12 10 1 12 10 1 1 12 10 1 1 1 7 1 1 12 10 1 1 12 10 1 1 100 1 12 10 1 12 10 1 1 1 12 10 1 1 12 10 12 10 1 1 1 12 10 12 9 1 8 12 10 1 1 12 9 1 1 12 10 1 12 9 1 12 9 12 9 1 100 1 7 1 1 12 9 1 7 1 7 1 1 12 10 12 9 1 12 10 1 12 10 1 8 1 12 10 12 9 1 1 12 10 1 8 1 100 1 12 10 1 12 9 1 12 9 12 10 1 12 10 1 7 1 1 12 10 1 12 10 1 12 9 1 1 12 10 1 12 10 1 12 10 12 9 1 12 10 10 1 1 1 1 1 1 1 1 1 1 1 1 1 1 1 1 1 1 1 12 10 9 1 12 9 7 1 1 12 9 100 1 1 12 10 1 12 9 1 12 10 10 9 1 1 1 1 1 1 1 1
staticfield java/lang/invoke/LambdaForm COMPILE_THRESHOLD I 0
staticfield java/lang/invoke/LambdaForm INTERNED_ARGUMENTS [[Ljava/lang/invoke/LambdaForm$Name; 5 [[Ljava/lang/invoke/LambdaForm$Name;
staticfield java/lang/invoke/LambdaForm IMPL_NAMES Ljava/lang/invoke/MemberName$Factory; java/lang/invoke/MemberName$Factory
staticfield java/lang/invoke/LambdaForm LF_identity [Ljava/lang/invoke/LambdaForm; 6 [Ljava/lang/invoke/LambdaForm;
staticfield java/lang/invoke/LambdaForm LF_zero [Ljava/lang/invoke/LambdaForm; 6 [Ljava/lang/invoke/LambdaForm;
staticfield java/lang/invoke/LambdaForm NF_identity [Ljava/lang/invoke/LambdaForm$NamedFunction; 6 [Ljava/lang/invoke/LambdaForm$NamedFunction;
staticfield java/lang/invoke/LambdaForm NF_zero [Ljava/lang/invoke/LambdaForm$NamedFunction; 6 [Ljava/lang/invoke/LambdaForm$NamedFunction;
staticfield java/lang/invoke/LambdaForm createFormsLock Ljava/lang/Object; java/lang/Object
staticfield java/lang/invoke/LambdaForm DEBUG_NAME_COUNTERS Ljava/util/HashMap; null
staticfield java/lang/invoke/LambdaForm DEBUG_NAMES Ljava/util/HashMap; null
staticfield java/lang/invoke/LambdaForm TRACE_INTERPRETER Z 0
staticfield java/lang/invoke/LambdaForm $assertionsDisabled Z 1
ciInstanceKlass java/lang/invoke/MethodHandleStatics 1 1 275 1 7 1 100 1 1 1 1 1 1 1 1 1 1 1 1 1 1 1 1 1 1 1 1 1 12 10 1 1 12 9 12 9 12 9 12 9 12 9 1 1 1 12 9 1 100 1 1 12 9 1 100 10 1 8 1 1 12 10 1 100 1 1 12 10 1 8 1 100 1 1 12 10 1 1 12 10 1 8 1 100 1 100 1 100 1 100 1 8 1 12 10 1 1 12 10 1 7 1 12 10 1 8 1 1 12 10 1 1 1 1 8 1 8 1 8 1 8 1 12 10 1 1 1 100 12 10 1 1 12 10 1 1 12 10 1 1 1 100 10 1 1 1 12 10 1 1 100 10 1 1 12 10 1 1 1 100 1 100 1 8 1 8 1 12 10 1 8 1 1 7 1 1 12 10 12 9 1 7 1 1 12 10 12 9 1 7 1 1 12 10 1 8 1 7 1 12 10 1 7 1 1 12 10 1 8 1 8 1 8 1 8 1 8 1 8 1 12 10 1 7 1 1 12 10 12 9 1 8 1 8 1 8 1 8 12 9 1 8 12 9 1 8 1 8 12 9 1 8 1 8 12 9 1 8 12 9 1 8 12 9 1 8 1 8 12 9 1 8 12 10 1 1 1
staticfield java/lang/invoke/MethodHandleStatics UNSAFE Ljdk/internal/misc/Unsafe; jdk/internal/misc/Unsafe
staticfield java/lang/invoke/MethodHandleStatics CLASSFILE_VERSION I 63
staticfield java/lang/invoke/MethodHandleStatics DEBUG_METHOD_HANDLE_NAMES Z 0
staticfield java/lang/invoke/MethodHandleStatics DUMP_CLASS_FILES Z 0
staticfield java/lang/invoke/MethodHandleStatics TRACE_INTERPRETER Z 0
staticfield java/lang/invoke/MethodHandleStatics TRACE_METHOD_LINKAGE Z 0
staticfield java/lang/invoke/MethodHandleStatics TRACE_RESOLVE Z 0
staticfield java/lang/invoke/MethodHandleStatics COMPILE_THRESHOLD I 0
staticfield java/lang/invoke/MethodHandleStatics LOG_LF_COMPILATION_FAILURE Z 0
staticfield java/lang/invoke/MethodHandleStatics DONT_INLINE_THRESHOLD I 30
staticfield java/lang/invoke/MethodHandleStatics PROFILE_LEVEL I 0
staticfield java/lang/invoke/MethodHandleStatics PROFILE_GWT Z 1
staticfield java/lang/invoke/MethodHandleStatics CUSTOMIZE_THRESHOLD I 127
staticfield java/lang/invoke/MethodHandleStatics VAR_HANDLE_GUARDS Z 1
staticfield java/lang/invoke/MethodHandleStatics MAX_ARITY I 255
staticfield java/lang/invoke/MethodHandleStatics VAR_HANDLE_IDENTITY_ADAPT Z 0
ciInstanceKlass java/lang/invoke/MethodType 1 1 693 1 7 1 1 7 1 100 1 100 1 100 1 7 1 7 1 100 1 1 1 1 100 1 1 100 1 1 100 1 100 1 1 1 5 0 1 1 1 1 1 1 1 1 1 1 1 1 1 1 1 1 1 3 1 3 1 3 1 1 1 1 1 1 1 1 1 1 1 1 1 1 1 12 10 12 9 12 9 1 12 9 1 1 1 1 1 1 1 1 1 7 1 7 1 1 12 10 1 7 1 12 9 1 8 1 100 1 1 12 10 1 7 1 7 9 1 7 9 1 1 12 10 1 7 10 1 8 1 1 12 10 1 12 10 1 1 12 10 1 1 1 100 1 8 1 12 10 1 100 10 1 12 10 1 1 1 1 12 10 1 1 1 1 12 10 1 1 7 1 1 12 11 12 9 1 1 12 11 1 1 1 1 12 10 1 1 12 10 1 7 1 7 1 1 12 10 1 12 10 1 1 1 1 1 1 1 1 12 10 12 9 1 12 10 12 10 1 7 1 1 12 10 1 7 1 1 12 10 1 12 10 12 9 1 1 12 10 1 1 1 1 1 1 12 10 1 1 12 10 1 1 1 1 1 12 10 12 10 1 12 10 1 1 1 1 12 10 12 10 1 1 1 1 12 10 1 1 1 1 8 1 8 1 1 12 10 1 1 1 12 9 1 100 10 1 1 12 10 12 10 1 12 10 1 12 10 1 12 10 12 10 1 1 12 10 1 8 1 1 1 12 10 1 100 1 1 12 10 12 10 1 1 12 10 1 12 10 1 12 10 1 1 1 12 10 1 1 12 10 1 12 10 1 12 9 1 12 10 10 1 1 1 12 10 1 12 10 12 9 1 1 12 10 1 1 1 1 1 1 12 11 1 1 1 1 1 12 10 12 10 1 12 10 1 12 10 1 7 1 8 1 8 1 8 1 12 10 1 12 10 1 12 10 10 1 1 1 1 12 10 1 1 12 11 12 11 1 1 1 100 1 1 12 10 1 12 9 1 12 10 1 1 12 10 1 1 12 10 1 12 10 1 1 12 10 1 1 100 1 1 12 10 1 1 12 10 1 12 10 1 12 10 1 12 10 10 1 12 9 1 7 1 12 10 1 1 1 100 1 100 1 1 12 10 1 100 1 1 12 9 1 100 1 1 12 10 1 100 1 1 12 10 1 100 1 12 10 1 1 12 10 1 1 12 10 1 8 1 7 1 1 12 10 1 1 12 11 1 12 9 1 1 12 10 1 12 10 1 1 1 1 12 10 1 1 1 1 100 12 10 1 100 1 12 10 1 100 12 10 1 100 1 12 11 16 1 1 12 10 15 16 1 100 1 1 12 10 15 1 1 12 18 1 1 12 11 16 1 1 12 10 15 16 1 12 18 1 12 11 1 100 1 100 1 12 11 1 12 10 1 12 10 1 1 1 100 1 100 1 12 10 1 12 10 1 1 1 100 1 1 12 9 1 12 9 1 100 1 1 12 10 1 12 9 1 100 1 12 10 12 10 1 100 1 1 1 12 10 1 1 1 1 1 1 12 10 10 1 7 1 7 12 9 1 1 1 1 1 1 1 1 1
staticfield java/lang/invoke/MethodType internTable Ljava/lang/invoke/MethodType$ConcurrentWeakInternSet; java/lang/invoke/MethodType$ConcurrentWeakInternSet
staticfield java/lang/invoke/MethodType NO_PTYPES [Ljava/lang/Class; 0 [Ljava/lang/Class;
staticfield java/lang/invoke/MethodType objectOnlyTypes [Ljava/lang/invoke/MethodType; 20 [Ljava/lang/invoke/MethodType;
staticfield java/lang/invoke/MethodType METHOD_HANDLE_ARRAY [Ljava/lang/Class; 1 [Ljava/lang/Class;
staticfield java/lang/invoke/MethodType serialPersistentFields [Ljava/io/ObjectStreamField; 0 [Ljava/io/ObjectStreamField;
staticfield java/lang/invoke/MethodType $assertionsDisabled Z 1
instanceKlass org/python/pydev/ast/builder/VisitorMemo
instanceKlass org/python/pydev/core/ObjectsInternPool$ObjectsPoolMap
instanceKlass java/lang/ProcessEnvironment
instanceKlass java/util/LinkedHashMap
ciInstanceKlass java/util/HashMap 1 1 531 1 7 1 1 7 1 7 1 100 1 100 1 7 1 100 1 100 1 100 1 100 1 100 1 100 1 100 1 100 1 100 1 7 1 7 1 7 1 7 1 1 7 1 1 1 1 1 1 100 1 100 1 1 1 1 1 1 1 1 1 1 1 1 5 0 1 1 3 1 3 1 1 4 1 3 1 3 1 3 1 1 1 1 1 1 1 1 1 1 1 1 1 7 1 1 12 10 1 1 1 1 100 1 1 12 10 1 100 1 7 1 1 12 10 1 100 1 100 1 1 12 11 1 12 11 1 1 1 1 12 11 1 1 1 7 1 12 10 1 1 1 12 10 1 100 1 100 10 1 8 1 1 12 10 1 12 10 1 1 12 10 1 12 10 1 7 1 1 12 10 1 8 1 12 10 12 9 12 10 12 9 1 12 10 1 1 1 1 12 10 1 12 11 12 9 1 7 1 1 12 10 6 0 1 1 12 10 1 12 11 1 7 1 1 12 11 1 7 1 1 12 11 1 1 12 11 1 12 11 1 12 11 12 10 1 1 12 10 12 9 1 1 1 1 1 1 12 10 1 1 12 9 1 12 9 1 12 9 1 1 12 10 100 1 12 9 1 1 12 10 1 1 1 1 1 1 1 12 10 1 1 12 10 1 1 12 10 1 1 12 10 12 9 1 1 12 10 1 3 4 1 1 12 10 1 1 1 12 10 1 1 12 9 9 1 1 12 10 1 1 1 1 12 10 1 1 1 12 10 1 12 10 1 1 1 1 12 9 1 12 10 1 1 1 1 12 10 1 7 1 1 12 10 1 7 1 1 1 1 1 1 12 9 10 1 100 1 12 9 10 1 1 1 1 1 1 1 1 1 1 1 100 10 1 7 1 12 11 1 100 10 1 1 1 1 7 12 11 1 1 1 1 1 1 1 1 7 1 1 12 11 1 1 1 1 1 100 12 10 1 100 1 12 10 1 12 10 1 1 1 1 1 100 12 10 1 100 1 12 10 1 12 10 1 12 10 1 1 1 100 1 1 12 10 8 1 12 10 1 100 10 4 1 1 12 10 4 1 12 10 1 1 12 10 1 12 10 1 8 6 0 1 100 1 1 12 10 1 100 1 100 1 1 12 11 12 10 1 1 12 10 1 1 1 1 1 1 10 1 1 1 12 10 1 6 0 1 1 1 12 10 12 10 1 1 1 1 1 1 1
ciMethod java/util/HashMap get (Ljava/lang/Object;)Ljava/lang/Object; 1024 0 42999 0 704
ciMethod java/util/HashMap put (Ljava/lang/Object;Ljava/lang/Object;)Ljava/lang/Object; 598 0 18262 0 256
ciMethod java/util/HashMap values ()Ljava/util/Collection; 5160 0 6837 0 0
ciMethod java/util/HashMap entrySet ()Ljava/util/Set; 768 0 1753 0 0
ciMethod java/util/HashMap containsKey (Ljava/lang/Object;)Z 1024 0 5663 0 704
ciMethod java/util/HashMap keySet ()Ljava/util/Set; 1024 0 5648 0 -1
ciMethod java/util/HashMap forEach (Ljava/util/function/BiConsumer;)V 202 39188 355 0 2848
ciMethod java/util/HashMap newNode (ILjava/lang/Object;Ljava/lang/Object;Ljava/util/HashMap$Node;)Ljava/util/HashMap$Node; 468 0 5741 0 224
ciMethod java/util/HashMap afterNodeAccess (Ljava/util/HashMap$Node;)V 70 0 1063 0 64
ciMethod java/util/HashMap afterNodeInsertion (Z)V 468 0 1510 0 64
ciInstanceKlass java/lang/Void 1 1 25 1 7 1 100 1 1 1 1 1 12 10 1 1 8 1 7 1 1 12 10 12 9 1 1
staticfield java/lang/Void TYPE Ljava/lang/Class; java/lang/Class
ciInstanceKlass java/util/Collections 1 1 738 1 7 1 7 1 100 1 7 1 7 1 7 1 100 1 7 1 7 1 7 1 7 1 7 1 7 1 7 1 100 1 7 1 100 1 100 1 100 1 100 1 100 1 100 1 100 1 100 1 100 1 100 1 100 1 100 1 100 1 100 1 100 1 100 1 100 1 7 1 100 1 100 1 100 1 100 1 7 1 7 1 100 1 100 1 100 1 7 1 100 1 100 1 100 1 100 1 7 1 7 1 100 1 100 1 100 1 100 1 7 1 7 1 100 1 7 1 100 1 7 1 1 1 1 1 1 1 1 1 1 1 1 1 1 1 1 1 1 1 1 1 1 1 1 1 1 1 1 1 1 1 1 1 1 1 1 1 1 7 1 100 1 1 1 1 1 1 1 1 1 1 1 1 1 1 1 3 1 3 1 3 1 3 1 3 1 3 1 3 1 3 1 1 1 1 1 1 1 1 1 1 12 10 1 1 1 1 7 1 12 11 1 1 1 1 1 1 7 1 1 12 11 1 12 10 1 12 10 1 1 12 11 1 7 1 1 12 11 1 1 12 11 1 100 1 12 10 1 1 12 11 1 1 12 11 1 12 11 1 1 12 10 12 10 12 10 1 100 1 1 12 11 1 1 1 1 12 10 1 12 11 1 1 12 11 1 12 9 1 100 10 1 12 10 1 1 1 12 10 1 1 12 11 1 100 1 12 10 1 1 12 11 1 1 1 1 1 1 1 100 1 8 1 12 10 1 1 1 1 7 1 1 12 11 1 100 11 1 1 12 11 1 1 12 10 1 12 10 1 1 1 1 12 10 1 12 10 1 1 1 12 11 12 10 1 1 1 1 1 12 10 1 1 1 1 1 12 10 1 1 1 1 1 1 12 11 1 12 10 1 1 1 1 7 11 1 12 10 1 1 1 1 100 11 1 12 10 1 1 1 1 100 11 1 12 10 1 1 1 11 12 10 10 1 1 1 1 7 11 1 12 10 1 1 1 1 100 11 1 12 10 1 1 1 1 100 11 1 12 10 1 1 10 1 1 1 12 10 1 1 10 1 1 1 12 10 1 10 1 10 1 1 10 10 1 1 12 10 10 1 1 10 1 1 10 1 1 10 1 1 1 1 12 10 1 1 1 1 100 1 1 12 10 1 1 1 1 12 10 1 1 1 1 12 10 1 1 1 1 12 10 1 1 1 1 12 10 1 1 1 1 12 10 10 1 1 1 1 12 10 1 1 1 1 12 10 1 1 1 1 12 10 1 1 1 1 12 9 1 1 1 12 9 1 1 1 1 1 12 9 1 1 1 12 9 1 1 1 1 1 12 9 1 1 1 1 1 1 12 9 1 1 1 12 9 1 1 1 1 1 12 9 1 1 1 1 1 1 12 10 1 1 1 10 1 1 1 10 1 1 1 10 1 1 1 1 12 10 1 1 1 1 100 1 100 10 1 8 1 1 12 10 1 12 10 1 1 12 10 10 1 12 10 1 1 1 1 1 12 9 1 1 1 1 12 9 1 1 12 9 12 10 1 1 1 10 1 1 1 1 100 10 1 100 1 12 11 1 12 11 1 12 10 1 1 1 1 1 1 11 1 12 11 1 1 1 1 11 1 1 1 10 1 1 1 1 100 1 1 12 10 1 100 1 12 10 1 10 10 10 1 1 1 1 1 1 1
staticfield java/util/Collections EMPTY_SET Ljava/util/Set; java/util/Collections$EmptySet
staticfield java/util/Collections EMPTY_LIST Ljava/util/List; java/util/Collections$EmptyList
staticfield java/util/Collections EMPTY_MAP Ljava/util/Map; java/util/Collections$EmptyMap
instanceKlass jdk/internal/reflect/FieldAccessorImpl
instanceKlass jdk/internal/reflect/ConstructorAccessorImpl
instanceKlass jdk/internal/reflect/MethodAccessorImpl
ciInstanceKlass jdk/internal/reflect/MagicAccessorImpl 1 1 10 1 100 1 7 1 1 12 10 1
instanceKlass jdk/internal/reflect/DirectMethodHandleAccessor
ciInstanceKlass jdk/internal/reflect/MethodAccessorImpl 1 1 24 1 100 1 7 1 100 1 1 12 10 1 1 1 100 1 100 1 1 12 10 1 1 1
instanceKlass jdk/internal/reflect/SerializationConstructorAccessorImpl
instanceKlass jdk/internal/reflect/DirectConstructorHandleAccessor$NativeAccessor
instanceKlass jdk/internal/reflect/DirectConstructorHandleAccessor
instanceKlass jdk/internal/reflect/NativeConstructorAccessorImpl
ciInstanceKlass jdk/internal/reflect/ConstructorAccessorImpl 1 1 21 1 100 1 7 1 100 1 1 12 10 1 1 1 100 1 100 1 100 1 1
ciInstanceKlass jdk/internal/reflect/DelegatingClassLoader 1 1 10 1 100 1 7 1 1 12 10 1
ciInstanceKlass jdk/internal/reflect/CallerSensitive 1 0 15 1 100 1 100 1 100 1 1 1 1 1 1 1 1
ciInstanceKlass jdk/internal/reflect/NativeConstructorAccessorImpl 0 0 115 1 100 1 100 1 1 1 1 1 1 1 1 1 1 1 1 1 1 1 1 12 10 12 9 1 100 1 12 10 12 9 1 1 1 100 1 100 1 100 1 100 12 9 1 100 1 1 12 10 1 100 1 1 12 10 1 100 1 1 12 10 12 9 12 9 12 9 1 100 1 1 12 10 1 100 10 1 1 12 10 1 12 10 1 12 10 1 1 12 10 1 12 10 1 1 12 10 1 1 1 1 1 1 12 10 8 1 1 12 10 1 1 1 1
ciInstanceKlass jdk/internal/reflect/ConstantPool 1 1 134 1 7 1 100 1 100 1 1 1 1 1 12 10 1 1 12 9 1 1 12 10 1 1 1 1 1 12 10 1 1 12 10 1 1 1 1 12 10 1 1 1 1 12 10 1 1 12 10 1 1 1 1 12 10 1 1 12 10 1 1 1 1 12 10 1 1 12 10 1 1 12 10 1 1 12 10 1 1 1 1 12 10 1 1 1 1 12 10 1 1 1 1 12 10 1 1 1 1 12 10 1 1 12 10 1 1 1 1 12 10 1 1 12 10 1 1 8 1 7 1 1 12 11 1 7 1 1 12 10 1 1 1 1
ciInstanceKlass jdk/internal/reflect/UnsafeStaticFieldAccessorImpl 0 0 39 1 100 1 100 1 1 1 1 12 10 1 1 12 9 1 100 1 1 12 10 12 9 1 1 8 1 100 1 1 12 11 1 100 1 1 12 10 1
instanceKlass jdk/internal/reflect/MethodHandleFieldAccessorImpl
instanceKlass jdk/internal/reflect/UnsafeFieldAccessorImpl
ciInstanceKlass jdk/internal/reflect/FieldAccessorImpl 1 1 240 1 7 1 7 1 100 1 1 1 1 1 12 10 12 9 1 1 1 100 1 1 1 1 1 1 1 1 1 1 1 1 1 1 1 1 1 1 1 100 1 1 1 1 1 1 1 1 1 1 1 1 1 1 1 1 1 1 1 100 1 1 12 10 1 100 1 12 10 1 100 1 1 12 10 1 12 10 1 1 1 100 10 1 12 10 1 1 12 10 1 8 10 1 12 10 1 1 1 8 1 12 10 1 8 12 10 1 8 1 12 10 1 1 1 1 12 10 10 1 8 1 100 12 10 1 1 8 1 100 1 12 10 1 1 8 1 100 1 12 10 1 1 8 1 100 1 12 10 1 1 8 1 100 1 12 10 1 1 8 1 100 1 12 10 1 1 8 1 100 1 12 10 1 1 8 1 100 1 12 10 1 1 8 1 100 1 12 10 1 1 12 10 1 1 1 1 1 1 1 1 8 1 1 12 10 1 100 1 1 12 10 1 8 1 12 10 1 8 1 8 1 8 1 8 1 1 12 10 1 8 1 8 1 8 12 10 1 1 1
instanceKlass jdk/internal/reflect/UnsafeStaticFieldAccessorImpl
ciInstanceKlass jdk/internal/reflect/UnsafeFieldAccessorImpl 0 0 52 1 100 1 100 1 1 1 1 1 1 1 1 12 10 1 100 1 1 12 10 1 100 1 12 10 12 9 1 12 10 12 9 1 100 1 1 12 10 12 9 1 12 10 1 1 1 1 12 10 1 1
instanceKlass java/lang/invoke/VolatileCallSite
instanceKlass java/lang/invoke/MutableCallSite
instanceKlass java/lang/invoke/ConstantCallSite
ciInstanceKlass java/lang/invoke/CallSite 1 1 272 1 7 1 7 1 100 1 100 1 100 1 7 1 100 1 1 100 1 100 1 1 1 1 1 1 1 1 1 1 1 1 1 1 1 12 10 1 1 12 10 12 9 1 1 12 10 12 9 1 1 7 1 1 12 10 1 1 100 12 10 1 1 12 10 1 12 10 1 100 1 1 12 9 1 100 1 12 10 1 1 1 1 1 1 12 10 1 7 1 100 1 100 10 1 100 1 1 12 10 1 1 12 10 1 8 1 12 10 1 1 12 10 1 12 10 1 1 1 12 10 1 1 12 10 10 1 12 10 1 1 12 10 1 100 12 9 1 1 12 9 8 1 1 12 10 1 1 12 10 1 1 12 10 1 12 9 1 8 1 100 1 12 10 1 12 10 1 100 1 8 10 1 12 10 1 1 12 10 1 100 1 1 12 10 12 10 1 12 10 1 1 12 10 1 1 12 10 1 1 12 9 8 1 1 12 10 12 9 1 100 10 12 10 1 1 12 10 1 12 10 1 1 12 10 1 1 12 10 1 1 1 1 100 1 7 1 1 12 10 1 100 1 8 10 1 7 12 10 1 1 12 10 1 100 1 8 1 12 10 1 1 1 12 10 1 1 1 1 1 1 1
staticfield java/lang/invoke/CallSite $assertionsDisabled Z 1
ciInstanceKlass java/lang/invoke/ConstantCallSite 1 1 55 1 7 1 7 1 1 1 1 1 1 1 12 10 12 9 12 9 1 7 1 1 12 10 1 1 100 12 10 1 1 1 100 12 10 1 1 12 9 1 1 100 10 1 12 10 1 1 1 12 10 1 1 1 1
staticfield java/lang/invoke/ConstantCallSite UNSAFE Ljdk/internal/misc/Unsafe; jdk/internal/misc/Unsafe
instanceKlass java/lang/invoke/DirectMethodHandle$Special
instanceKlass java/lang/invoke/DirectMethodHandle$StaticAccessor
instanceKlass java/lang/invoke/DirectMethodHandle$Interface
instanceKlass java/lang/invoke/DirectMethodHandle$Constructor
instanceKlass java/lang/invoke/DirectMethodHandle$Accessor
ciInstanceKlass java/lang/invoke/DirectMethodHandle 1 1 832 1 7 1 7 1 7 1 7 1 7 1 7 1 7 1 7 1 7 1 7 1 100 1 7 1 1 7 1 7 1 1 1 1 1 1 1 7 1 7 1 1 7 1 1 7 1 1 1 1 1 1 1 1 1 1 3 1 3 1 3 1 3 1 3 1 3 1 3 1 1 3 1 1 3 1 3 1 1 1 1 1 1 1 1 1 1 1 1 1 3 1 3 1 1 1 1 3 1 1 1 1 1 1 1 1 1 12 10 1 1 12 10 1 100 1 12 10 1 7 1 1 12 10 1 7 1 12 10 1 1 12 10 1 12 10 1 12 10 1 7 1 1 12 10 1 1 12 10 1 12 10 1 1 12 10 1 1 12 10 1 12 10 12 9 1 100 10 12 9 12 9 1 1 1 1 12 10 1 12 10 1 1 12 10 1 12 10 1 12 10 1 12 10 1 1 12 10 1 12 10 1 1 12 10 1 8 1 1 12 10 1 12 10 10 1 12 10 12 10 1 12 10 1 1 12 10 1 1 12 10 1 12 10 1 12 10 1 12 10 1 1 12 10 1 1 12 10 12 10 8 1 100 1 1 12 10 1 12 10 1 12 10 1 1 12 10 1 12 10 1 7 1 1 12 9 1 12 10 1 1 1 7 1 1 12 10 1 1 1 12 10 1 1 1 1 12 10 1 1 12 9 1 1 1 100 10 1 8 1 1 12 10 1 12 10 1 12 10 10 1 1 12 10 1 12 10 1 12 10 1 12 10 1 1 12 10 1 12 10 1 1 12 10 1 12 10 1 1 12 10 10 1 7 1 1 12 10 1 12 10 1 7 1 1 12 10 1 12 10 1 1 12 10 1 100 1 8 1 1 12 9 1 8 1 12 9 1 12 9 1 8 1 12 9 1 12 9 1 8 1 12 9 1 12 9 1 8 1 12 10 1 1 12 10 12 9 1 7 1 1 12 10 1 7 1 1 12 10 1 1 12 10 1 12 10 1 1 12 10 1 100 1 1 12 10 1 12 10 1 1 12 10 1 7 1 1 12 10 1 7 1 1 12 10 1 12 10 1 12 10 1 12 10 1 1 12 9 10 12 9 1 12 9 1 7 1 1 12 10 1 1 1 12 10 1 7 1 7 1 7 1 1 12 9 1 7 1 1 12 10 12 10 1 12 10 1 12 10 1 1 12 10 1 1 8 1 1 12 9 1 1 100 1 12 9 1 12 10 1 1 12 9 1 1 7 1 12 10 1 1 1 12 9 1 1 12 9 1 1 12 10 1 12 10 1 12 10 1 1 1 1 1 1 12 10 1 7 1 1 12 10 1 12 10 12 9 1 12 10 1 12 10 1 12 10 1 12 10 12 10 12 9 1 1 12 10 1 1 1 1 12 9 1 12 9 1 12 9 1 12 9 1 12 9 1 12 9 1 12 9 1 12 9 1 12 9 1 12 9 1 12 9 1 12 9 1 12 9 1 12 9 1 12 9 1 12 9 1 12 9 1 12 9 1 12 9 1 12 9 1 12 9 1 12 9 1 12 9 1 12 9 1 12 9 1 12 9 1 12 9 1 12 9 1 12 9 1 12 9 1 12 9 1 12 9 1 12 9 1 12 9 1 12 9 1 12 9 1 12 9 1 8 1 1 12 9 12 9 1 12 10 12 10 1 7 9 1 12 10 1 1 12 9 12 10 1 12 10 1 12 10 1 12 10 10 1 8 1 8 1 8 1 8 1 1 12 10 12 9 1 12 10 1 100 1 1 12 10 8 12 9 1 1 12 10 8 8 8 12 9 8 8 8 8 8 8 8 1 12 10 1 7 1 12 10 8 1 8 1 12 10 1 12 10 1 1 12 10 1 1 12 10 1 1 1 1 1 1 1 1 1
staticfield java/lang/invoke/DirectMethodHandle IMPL_NAMES Ljava/lang/invoke/MemberName$Factory; java/lang/invoke/MemberName$Factory
staticfield java/lang/invoke/DirectMethodHandle FT_UNCHECKED_REF I 8
staticfield java/lang/invoke/DirectMethodHandle ACCESSOR_FORMS [Ljava/lang/invoke/LambdaForm; 132 [Ljava/lang/invoke/LambdaForm;
staticfield java/lang/invoke/DirectMethodHandle ALL_WRAPPERS [Lsun/invoke/util/Wrapper; 10 [Lsun/invoke/util/Wrapper;
staticfield java/lang/invoke/DirectMethodHandle NFS [Ljava/lang/invoke/LambdaForm$NamedFunction; 12 [Ljava/lang/invoke/LambdaForm$NamedFunction;
staticfield java/lang/invoke/DirectMethodHandle OBJ_OBJ_TYPE Ljava/lang/invoke/MethodType; java/lang/invoke/MethodType
staticfield java/lang/invoke/DirectMethodHandle LONG_OBJ_TYPE Ljava/lang/invoke/MethodType; java/lang/invoke/MethodType
staticfield java/lang/invoke/DirectMethodHandle $assertionsDisabled Z 1
ciMethod java/lang/invoke/DirectMethodHandle allocateInstance (Ljava/lang/Object;)Ljava/lang/Object; 512 0 13687 0 0
ciMethod java/lang/invoke/DirectMethodHandle internalMemberName (Ljava/lang/Object;)Ljava/lang/Object; 562 0 114415 0 -1
ciMethod java/lang/invoke/DirectMethodHandle constructorMethod (Ljava/lang/Object;)Ljava/lang/Object; 512 0 13275 0 128
ciInstanceKlass java/lang/invoke/MutableCallSite 0 0 52 1 100 1 100 1 1 1 1 12 10 1 12 10 1 1 1 1 12 9 1 1 12 10 1 1 12 10 1 1 12 9 1 100 1 1 12 10 1 100 1 100 1 1 12 10 1 1 12 10 1 1
ciInstanceKlass java/lang/invoke/VolatileCallSite 0 0 26 1 100 1 100 1 1 12 10 1 12 10 1 1 1 12 10 1 1 12 10 1 1 12 10 1
instanceKlass java/lang/invoke/VarHandleLongs$FieldInstanceReadOnly
instanceKlass java/lang/invoke/VarHandleBooleans$FieldInstanceReadOnly
instanceKlass java/lang/invoke/VarHandleReferences$FieldInstanceReadOnly
instanceKlass java/lang/invoke/VarHandleInts$FieldInstanceReadOnly
instanceKlass java/lang/invoke/VarHandleByteArrayAsLongs$ByteArrayViewVarHandle
instanceKlass java/lang/invoke/VarHandleByteArrayAsInts$ByteArrayViewVarHandle
instanceKlass java/lang/invoke/VarHandleReferences$FieldStaticReadOnly
ciInstanceKlass java/lang/invoke/VarHandle 1 1 453 1 7 1 7 1 100 1 100 1 100 1 100 1 7 1 100 1 7 1 100 1 100 1 100 1 100 1 100 1 100 1 100 1 100 1 100 1 100 1 100 1 100 1 100 1 100 1 100 1 100 1 100 1 100 1 100 1 100 1 100 1 100 1 100 1 100 1 100 1 100 1 100 1 100 1 100 1 100 1 100 1 100 1 100 1 100 1 100 1 1 1 1 1 100 1 100 1 1 1 100 1 1 100 1 100 1 100 1 100 1 100 1 100 1 1 1 1 100 1 100 1 100 1 100 1 100 1 100 1 100 1 100 1 1 1 1 1 1 1 1 1 1 1 1 1 1 1 12 10 1 12 10 12 9 12 9 1 1 1 100 10 1 1 1 1 1 1 1 1 1 1 1 1 1 1 1 1 1 1 1 1 1 1 1 1 1 1 1 1 1 1 1 1 1 1 1 1 1 1 1 1 1 1 1 1 1 1 8 1 1 12 10 1 7 1 12 10 1 1 12 10 1 100 1 1 12 10 1 1 1 12 9 1 1 12 10 1 7 1 1 12 10 1 1 12 10 1 1 12 9 1 12 10 1 1 12 9 1 12 10 1 12 10 1 1 1 1 1 12 9 1 1 12 9 1 1 12 10 1 1 100 1 100 10 1 8 1 1 12 10 1 12 10 1 8 12 10 1 12 10 12 9 1 12 9 100 1 12 10 1 1 12 10 1 12 10 1 1 10 1 100 1 1 12 10 1 1 12 10 1 1 12 10 1 1 12 10 1 100 1 1 12 10 1 1 1 1 100 1 12 10 12 9 9 100 1 12 10 1 12 10 1 1 12 10 1 12 10 1 100 1 1 12 10 1 1 12 9 1 1 12 10 12 9 1 12 10 1 12 10 1 100 1 12 10 1 100 10 1 1 7 1 1 12 9 12 9 1 7 1 1 12 10 1 12 10 1 1 12 10 1 1 12 10 1 12 10 1 12 10 1 1 12 10 8 1 1 12 10 1 7 1 1 12 10 1 1 1 1 1 1 1
staticfield java/lang/invoke/VarHandle VFORM_OFFSET J 16
staticfield java/lang/invoke/VarHandle $assertionsDisabled Z 1
ciInstanceKlass java/lang/invoke/MemberName 1 1 692 1 7 1 7 1 100 1 100 1 7 1 100 1 7 1 1 100 1 100 1 1 100 1 100 1 1 1 1 1 1 1 1 1 1 1 1 1 1 1 3 1 3 1 3 1 3 1 3 1 3 1 1 8 1 3 1 3 1 3 1 3 1 3 1 3 1 3 1 3 1 3 1 3 1 3 1 3 1 1 1 1 1 12 9 1 1 1 7 12 10 1 1 12 9 1 1 12 10 1 1 1 1 12 10 1 12 10 1 12 10 1 12 10 1 7 1 1 12 10 1 12 10 1 7 1 12 9 1 12 10 1 100 1 7 12 10 1 8 1 1 12 10 1 12 10 1 12 10 1 12 10 12 9 1 8 1 100 1 1 12 10 1 7 10 1 1 12 10 1 7 1 7 1 12 10 12 9 1 100 1 8 1 12 10 1 7 1 1 12 10 1 12 10 1 12 10 1 1 12 10 1 12 10 1 12 10 1 1 12 10 1 1 1 1 12 10 1 1 12 10 1 8 1 8 1 8 1 1 1 1 100 1 1 12 10 1 12 10 1 1 12 9 1 1 12 10 1 12 10 1 12 10 10 1 1 12 10 1 12 10 1 12 10 1 12 10 1 12 10 8 1 1 12 10 1 12 10 1 8 1 100 9 8 1 100 9 1 1 12 10 1 1 1 12 10 1 12 10 1 8 1 1 12 10 1 12 10 12 10 1 1 12 10 1 1 12 10 1 100 1 1 12 10 1 12 10 1 8 1 12 10 1 12 10 1 8 1 1 1 12 10 1 1 1 12 10 1 1 1 100 1 1 12 10 12 10 1 8 1 8 1 1 12 10 1 100 1 1 12 10 1 7 12 10 1 12 10 1 12 10 1 12 10 1 12 10 1 10 1 12 10 1 12 10 1 12 10 1 3 12 10 1 1 12 10 1 1 1 1 3 1 1 1 12 10 1 7 1 1 12 10 1 1 1 12 10 1 1 1 12 9 1 1 12 10 1 1 3 1 1 12 10 10 1 7 1 1 12 10 1 12 10 1 7 10 10 12 10 12 10 1 12 10 10 12 10 12 10 12 10 12 10 1 100 10 10 12 10 1 100 10 10 12 10 1 1 1 12 10 10 1 1 12 10 1 1 1 7 10 1 1 12 10 1 7 10 12 10 1 12 10 1 12 10 1 1 1 10 1 12 10 1 1 12 10 1 1 1 12 10 1 12 10 1 12 10 1 100 12 10 1 1 12 10 1 1 100 1 8 10 1 7 1 12 10 12 10 1 1 12 10 1 12 10 1 12 10 1 1 1 1 1 1 8 1 8 1 8 1 8 1 12 10 1 1 1 12 10 1 1 12 10 1 8 1 8 1 12 10 1 8 10 1 12 10 1 12 10 1 8 1 8 10 1 12 10 1 1 1 8 1 1 12 10 1 8 1 12 10 1 1 12 10 1 12 10 1 100 1 8 1 8 1 8 1 8 1 100 10 1 1 8 1 8 1 8 1 8 1 12 10 1 7 1 100 1 7 10 1 100 10 1 7 1 1 12 10 1 1 1 1 12 9 1 1 1 1 1 1 1 1
staticfield java/lang/invoke/MemberName $assertionsDisabled Z 1
ciInstanceKlass java/lang/invoke/ResolvedMethodName 1 1 10 1 100 1 100 1 1 12 10 1
ciInstanceKlass java/lang/invoke/MethodHandleNatives 1 1 584 1 7 1 7 1 100 1 100 1 1 7 1 7 1 1 7 1 1 7 1 1 7 1 7 1 1 7 1 100 1 1 1 1 1 1 12 10 1 1 1 1 1 1 1 1 100 1 100 1 1 1 1 1 1 1 1 1 1 1 1 1 1 1 1 1 1 1 1 1 1 12 9 12 10 1 100 10 1 1 12 10 12 10 1 1 1 1 12 10 1 1 1 1 8 1 8 1 8 1 8 1 8 1 8 1 8 1 8 1 8 1 8 1 7 1 1 1 1 1 100 1 100 1 100 12 10 1 7 1 1 12 10 1 100 1 1 12 10 1 7 10 1 1 12 10 1 8 1 12 10 1 8 1 1 12 10 1 8 1 1 12 10 1 100 1 1 12 9 1 8 1 100 1 1 12 10 1 100 12 10 1 100 1 8 1 1 1 7 10 1 12 10 1 7 1 7 1 12 9 1 1 12 10 1 12 10 1 1 7 1 1 12 10 1 7 1 1 12 10 1 7 1 1 12 10 1 12 10 1 100 1 1 12 10 1 1 12 10 1 12 9 1 8 1 12 10 1 8 1 12 10 1 8 1 8 1 8 1 12 10 1 8 1 1 1 1 12 10 1 12 10 1 1 100 1 1 12 10 1 8 1 100 1 1 12 10 1 7 1 8 1 12 10 1 8 1 8 1 8 1 8 1 8 1 1 1 1 1 1 1 1 12 10 1 1 1 1 12 10 1 12 10 1 100 1 1 12 10 1 1 12 10 1 12 10 1 12 10 1 12 10 1 8 1 8 10 1 1 1 12 10 1 1 12 10 1 8 1 100 1 1 12 10 1 8 1 8 1 100 1 1 12 10 1 1 12 10 1 1 12 10 1 1 12 9 1 1 12 10 10 1 12 10 1 12 9 1 1 12 10 1 12 9 1 12 9 1 1 12 10 1 12 10 1 100 1 1 12 10 1 7 1 1 12 10 1 12 10 1 1 12 10 1 1 12 10 1 12 10 1 8 1 12 10 1 12 10 1 1 12 10 1 12 10 1 1 7 1 1 12 10 1 1 12 10 1 100 1 8 10 1 1 1 1 1 12 9 1 1 12 10 1 12 10 1 1 12 10 1 1 12 10 1 100 1 100 10 10 1 100 1 100 10 1 100 10 1 1 12 10 1 1 100 10 1 12 10 1 12 10 1 1 12 10 1 1 12 10 1 1 1 12 10 12 10 1 12 10 10 1 8 1 100 1 12 10 1 1 12 10 1 12 10 1 12 10 1 1 12 10 1 12 10 1 1 12 10 12 10 10 1 7 1 12 10 12 10 1 1 1 1 1 1
staticfield java/lang/invoke/MethodHandleNatives $assertionsDisabled Z 1
ciInstanceKlass java/lang/invoke/MethodHandleNatives$CallSiteContext 1 1 40 1 7 1 7 1 100 1 7 1 1 100 1 7 1 1 1 12 10 1 1 10 1 7 1 1 12 10 1 1 12 10 1 1 1 12 10 1 1 1
ciInstanceKlass jdk/internal/foreign/abi/NativeEntryPoint 0 0 166 1 100 1 100 1 100 1 1 100 1 100 1 1 100 1 100 1 1 1 1 1 1 1 1 1 1 1 1 1 1 1 12 10 12 9 12 9 1 1 1 100 1 8 1 12 10 12 9 1 100 1 1 12 10 1 100 1 1 12 9 1 100 1 8 1 12 10 1 8 1 100 1 1 12 10 1 12 10 12 9 1 16 1 1 12 10 15 1 16 1 100 1 1 12 10 15 1 1 12 18 1 100 1 1 12 10 1 1 1 1 1 1 12 10 1 100 1 8 10 1 1 1 12 10 12 10 12 9 16 1 12 10 15 1 1 12 18 1 1 12 10 12 10 1 1 100 1 1 12 10 12 10 1 100 1 1 12 10 10 1 1 1 1 1 1
ciInstanceKlass jdk/internal/foreign/abi/ABIDescriptor 0 0 40 1 100 1 100 1 1 1 1 1 1 1 1 1 1 1 1 1 1 1 12 10 12 9 12 9 12 9 12 9 12 9 12 9 12 9 12 9 1 1
ciInstanceKlass jdk/internal/foreign/abi/VMStorage 0 0 67 1 100 1 100 1 1 1 1 1 1 1 1 12 10 12 9 12 9 12 9 1 1 1 1 1 1 1 12 10 1 1 100 1 1 12 10 1 100 1 1 12 10 1 1 100 10 1 8 1 1 12 10 1 12 10 1 8 1 8 1 12 10 12 10 1 1
ciInstanceKlass jdk/internal/foreign/abi/UpcallLinker$CallRegs 0 0 57 1 100 1 100 1 100 1 1 100 1 100 1 1 1 1 1 1 1 12 10 12 9 12 9 1 1 1 8 15 15 1 100 1 1 12 10 15 1 12 18 1 1 1 12 18 1 1 1 12 18 1 1 1 1 1 1
ciInstanceKlass java/lang/StackWalker 1 1 253 1 7 1 7 1 7 1 7 1 100 1 1 1 7 1 7 1 1 100 1 1 1 100 1 100 1 1 1 1 1 1 1 1 1 1 1 1 1 1 1 1 1 1 1 1 1 12 9 1 1 7 1 1 12 10 1 12 10 1 1 7 1 1 12 10 1 1 12 10 1 12 10 1 1 1 1 7 1 1 12 11 1 1 12 10 1 1 12 10 1 1 12 10 1 1 1 100 1 8 1 12 10 1 12 10 1 1 1 12 10 1 1 1 1 1 1 1 1 1 1 12 10 12 9 12 9 12 9 1 1 12 9 1 1 12 10 12 9 12 9 12 9 1 1 7 1 1 12 10 1 1 12 11 1 100 1 8 10 1 100 1 12 10 1 12 9 1 1 12 10 1 1 1 1 1 1 12 10 1 12 10 1 1 1 16 1 1 12 10 15 1 16 1 100 1 1 12 10 15 1 1 12 18 1 1 1 1 100 1 8 10 1 8 1 1 12 10 1 12 10 1 1 1 1 12 10 1 1 1 1 1 1 12 9 1 1 1 1 1 100 12 11 1 12 10 1 1 1 1 1 1 1
staticfield java/lang/StackWalker DEFAULT_EMPTY_OPTION Ljava/util/EnumSet; java/util/RegularEnumSet
staticfield java/lang/StackWalker DEFAULT_WALKER Ljava/lang/StackWalker; java/lang/StackWalker
instanceKlass java/lang/LiveStackFrameInfo
ciInstanceKlass java/lang/StackFrameInfo 1 1 133 1 7 1 7 1 100 1 7 1 1 1 1 1 1 1 1 1 1 1 1 1 1 1 1 12 10 12 9 9 12 9 1 7 1 1 12 11 12 9 1 1 1 1 1 12 11 1 1 12 10 1 7 1 12 10 1 12 10 1 1 12 11 1 1 1 12 11 1 1 12 11 1 1 1 1 12 10 12 9 1 1 1 12 10 1 100 12 10 1 12 10 1 1 12 11 1 12 9 1 100 10 1 100 1 12 10 12 9 1 1 12 10 1 100 1 100 1 8 1 12 10 1 1 7 1 1 12 10 1 1 1 1
staticfield java/lang/StackFrameInfo JLIA Ljdk/internal/access/JavaLangInvokeAccess; java/lang/invoke/MethodHandleImpl$1
ciInstanceKlass java/lang/LiveStackFrameInfo 0 0 85 1 100 1 100 1 100 1 100 1 100 1 1 1 100 1 1 1 1 1 3 1 3 1 1 1 1 1 1 12 10 12 9 12 9 12 9 12 9 12 9 1 1 1 1 1 1 1 100 12 10 1 12 10 1 8 1 1 12 10 1 8 1 8 1 8 10 1 1 1 12 10 1 1 12 10 1 1 1 100 1 1 1 1 1
instanceKlass java/lang/StackStreamFactory$StackFrameTraverser
ciInstanceKlass java/lang/StackStreamFactory$AbstractStackWalker 1 1 359 1 7 1 1 7 1 7 1 1 7 1 7 1 1 7 1 1 7 1 7 1 1 100 1 100 1 1 1 1 1 1 1 1 1 1 1 1 1 1 1 1 1 1 1 1 3 1 12 10 1 12 10 1 7 1 1 12 10 12 9 1 1 12 10 12 9 12 9 12 9 12 9 1 1 12 10 1 1 12 10 1 100 1 12 10 12 9 12 9 1 100 1 1 12 10 1 1 12 9 1 1 12 10 1 12 10 1 1 1 1 1 1 1 1 12 9 1 12 10 12 10 1 1 12 9 1 100 1 1 12 9 1 100 10 1 8 1 1 12 10 1 12 10 1 8 1 1 12 10 1 100 1 1 12 10 1 1 1 100 1 8 1 12 10 1 8 12 10 1 1 12 9 1 12 10 12 9 1 8 5 0 1 8 1 8 1 1 1 1 12 9 12 10 16 1 12 10 15 1 100 1 1 12 10 15 1 1 12 18 1 100 1 1 12 10 1 12 10 12 10 1 100 1 1 12 9 1 1 1 1 12 10 1 12 10 1 12 10 12 10 12 10 1 1 12 10 1 8 1 12 10 1 12 10 1 100 1 12 10 1 1 1 1 12 10 1 8 1 100 1 1 12 10 1 1 12 10 1 1 12 10 12 10 12 10 1 7 1 1 12 10 1 12 10 1 12 10 1 12 9 1 8 1 12 10 1 12 10 1 1 12 10 1 12 10 1 12 10 1 1 12 10 1 12 10 1 1 12 10 12 10 12 10 1 12 10 1 1 12 10 1 1 12 10 1 12 10 1 8 1 1 1 1 1 1 1 1 1
ciInstanceKlass jdk/internal/module/Modules 1 1 441 1 7 1 100 1 100 1 100 1 1 100 1 1 100 1 100 1 1 1 1 1 1 1 1 1 1 1 12 10 1 1 12 9 1 7 12 11 1 1 12 11 1 1 12 11 1 1 12 11 1 12 11 1 12 11 1 12 11 1 12 11 1 1 1 12 11 1 1 1 1 100 1 1 12 10 1 100 1 1 12 10 1 16 1 1 12 10 15 16 1 100 1 1 12 10 15 1 1 12 18 1 100 1 1 12 10 1 100 1 100 1 12 10 1 7 1 100 1 100 1 100 1 1 12 10 1 100 1 12 10 1 12 10 1 12 11 1 1 1 12 9 1 7 1 12 11 1 1 1 12 10 10 1 12 10 10 1 1 12 9 1 12 10 1 1 12 10 1 100 1 12 10 1 100 1 100 1 1 12 11 1 100 1 1 12 10 1 100 1 12 11 1 1 12 10 1 100 1 12 10 1 100 1 1 12 10 1 1 12 10 1 1 12 10 1 1 12 11 16 1 1 12 10 15 1 16 1 1 12 18 1 100 1 12 11 1 100 1 1 12 10 1 100 1 1 12 11 1 100 1 100 1 1 12 11 1 100 1 1 12 11 1 12 11 1 1 12 10 1 12 10 1 16 1 12 10 15 1 16 1 1 12 18 1 1 12 11 1 16 1 1 12 10 15 1 16 1 1 12 18 1 1 12 11 1 12 10 10 15 1 16 18 1 1 12 10 15 1 16 18 1 1 12 10 12 9 1 100 1 1 12 11 1 100 10 1 12 11 1 1 12 11 1 1 12 11 10 1 100 1 1 12 10 1 100 1 12 10 1 12 10 12 11 1 12 10 1 100 10 1 1 12 10 15 16 1 12 18 1 1 12 10 1 1 1 100 1 8 1 12 10 1 12 10 1 1 12 10 15 16 1 12 18 11 12 11 1 12 10 10 10 1 1 12 10 15 1 12 18 10 10 1 1 12 10 1 7 1 1 12 10 1 1 12 10 1 1 1 1 1
staticfield jdk/internal/module/Modules JLA Ljdk/internal/access/JavaLangAccess; java/lang/System$2
staticfield jdk/internal/module/Modules JLMA Ljdk/internal/access/JavaLangModuleAccess; java/lang/module/ModuleDescriptor$1
staticfield jdk/internal/module/Modules $assertionsDisabled Z 1
ciInstanceKlass java/lang/invoke/Invokers$Holder 1 1 128 1 100 1 100 1 1 1 1 1 1 1 7 1 7 1 7 1 1 12 10 1 1 12 10 1 1 12 10 1 1 100 1 1 12 9 1 1 1 12 10 1 1 1 12 10 1 1 12 10 1 1 12 10 1 12 10 1 1 1 12 10 1 1 100 1 1 12 10 1 12 10 1 1 12 10 1 12 10 1 1 12 10 1 1 12 10 1 12 10 1 1 12 10 1 1 12 10 1 1 12 10 1 12 10 12 10 12 10 12 10 12 10 1 1 12 10 1 1 12 10 1 1 12 10 1 1 1
ciMethod java/lang/invoke/Invokers$Holder linkToTargetMethod (Ljava/lang/Object;Ljava/lang/Object;)Ljava/lang/Object; 512 0 102836 0 -1
ciInstanceKlass java/lang/invoke/DirectMethodHandle$Holder 1 1 548 1 100 1 100 1 1 1 1 1 1 1 7 1 1 12 10 1 12 10 1 7 1 7 1 1 12 10 1 1 1 1 12 10 1 1 12 10 1 1 12 10 1 1 12 10 1 1 12 10 1 1 12 10 1 1 12 10 1 1 12 10 1 1 12 10 1 1 12 10 1 1 12 10 1 1 12 10 1 1 12 10 1 1 12 10 1 1 12 10 1 1 12 10 1 1 12 10 1 1 12 10 1 1 12 10 1 1 12 10 1 1 12 10 1 1 12 10 1 1 12 10 1 1 12 10 1 1 12 10 1 1 12 10 1 1 12 10 1 1 12 10 1 1 12 10 1 1 12 10 1 1 12 10 1 1 12 10 1 1 12 10 1 1 12 10 1 1 12 10 1 1 12 10 1 1 12 10 1 1 12 10 1 1 12 10 1 1 12 10 1 1 12 10 1 1 12 10 1 1 12 10 1 1 12 10 1 1 12 10 1 1 12 10 1 1 12 10 1 1 12 10 1 1 12 10 1 1 12 10 1 1 12 10 12 10 12 10 1 1 12 10 12 10 1 1 12 10 1 1 12 10 12 10 12 10 12 10 1 1 12 10 12 10 1 1 12 10 12 10 1 1 12 10 1 1 12 10 12 10 12 10 12 10 12 10 1 1 12 10 1 1 12 10 1 1 12 10 1 1 12 10 1 1 12 10 1 1 12 10 1 1 12 10 1 1 12 10 1 1 12 10 1 1 12 10 1 1 12 10 1 1 12 10 1 1 12 10 1 1 12 10 12 10 12 10 12 10 1 12 10 1 1 12 10 1 1 12 10 1 1 1 1 12 10 12 10 1 1 12 10 1 12 10 12 10 1 1 12 10 1 12 10 12 10 1 1 1 12 10 1 12 10 1 7 1 1 12 9 1 7 1 12 10 1 12 10 1 1 1 12 10 1 12 10 1 1 12 10 1 12 10 1 1 1 12 10 1 12 10 1 1 12 10 1 12 10 1 1 12 10 1 12 10 1 1 12 10 1 12 10 1 1 12 10 1 12 10 1 1 12 10 1 12 10 1 1 12 10 1 12 10 1 1 12 10 1 12 10 1 1 1 12 10 1 12 10 1 1 1 12 10 1 12 10 1 1 1 1 12 10 1 12 10 1 1 1 12 10 1 12 10 1 1 1 1 1 12 10 1 12 10 1 1 1 12 10 1 12 10 1 1 1 12 10 1 12 10 1 1 12 10 1 12 10 1 1 1
ciMethod java/lang/invoke/DirectMethodHandle$Holder invokeStatic (Ljava/lang/Object;Ljava/lang/Object;Ljava/lang/Object;)Ljava/lang/Object; 636 0 95926 0 -1
ciMethod java/lang/invoke/DirectMethodHandle$Holder newInvokeSpecial (Ljava/lang/Object;Ljava/lang/Object;)Ljava/lang/Object; 512 0 8783 0 -1
ciInstanceKlass jdk/internal/loader/ClassLoaders 1 1 162 1 7 1 100 1 7 1 7 1 7 1 1 1 1 1 1 1 1 1 1 1 1 1 12 10 1 1 1 7 1 1 12 10 1 1 12 10 1 100 1 1 12 10 1 1 12 9 1 1 12 9 1 12 9 1 1 1 1 100 1 100 1 7 1 100 1 1 12 11 1 100 1 1 12 11 1 1 12 11 1 100 1 1 12 10 1 100 1 1 12 10 1 100 1 1 7 1 1 12 10 12 9 12 10 12 10 1 12 10 1 8 1 7 1 1 12 10 1 1 12 10 1 7 1 12 10 1 12 10 1 12 10 1 8 1 7 1 12 10 1 8 1 8 1 12 10 1 12 10 1 12 10 1 12 10 1 1 1 1 1 1
staticfield jdk/internal/loader/ClassLoaders JLA Ljdk/internal/access/JavaLangAccess; java/lang/System$2
staticfield jdk/internal/loader/ClassLoaders BOOT_LOADER Ljdk/internal/loader/ClassLoaders$BootClassLoader; jdk/internal/loader/ClassLoaders$BootClassLoader
staticfield jdk/internal/loader/ClassLoaders PLATFORM_LOADER Ljdk/internal/loader/ClassLoaders$PlatformClassLoader; jdk/internal/loader/ClassLoaders$PlatformClassLoader
staticfield jdk/internal/loader/ClassLoaders APP_LOADER Ljdk/internal/loader/ClassLoaders$AppClassLoader; jdk/internal/loader/ClassLoaders$AppClassLoader
ciInstanceKlass java/util/ArrayList 1 1 416 1 7 1 1 7 1 7 1 100 1 100 1 100 1 7 1 7 1 100 1 100 1 7 1 7 1 1 1 1 1 1 5 0 1 1 3 1 1 1 1 1 1 1 1 12 10 1 7 12 9 12 9 1 100 1 100 10 1 8 1 1 12 10 1 12 10 1 1 12 10 1 12 10 12 9 1 1 1 7 1 1 12 11 12 9 1 1 12 11 7 1 7 1 1 12 10 1 1 12 9 1 12 10 1 1 1 12 10 1 7 1 1 12 10 1 7 1 1 12 10 1 1 1 1 1 1 1 12 10 1 1 12 10 1 12 10 1 1 12 10 1 1 1 100 12 10 1 100 1 12 10 1 1 10 1 7 1 1 12 10 1 1 1 1 1 1 1 7 1 12 10 12 10 1 1 1 1 1 1 12 10 1 12 10 1 1 1 12 10 1 1 1 12 10 1 1 12 10 1 1 12 10 1 12 10 1 1 100 10 1 1 12 11 1 100 1 12 11 1 12 11 1 12 10 1 1 1 12 10 12 10 1 1 1 1 1 1 1 1 1 100 1 1 12 10 10 1 1 12 10 1 12 10 1 8 1 8 1 8 1 8 1 1 1 1 12 10 1 1 1 100 1 1 12 10 12 11 1 1 1 100 1 100 1 12 10 1 12 10 1 12 10 1 1 1 100 1 100 1 12 10 1 12 10 1 100 1 1 12 10 1 100 1 1 12 11 12 10 1 100 1 8 10 1 1 1 1 12 10 1 1 1 1 12 10 1 1 1 1 1 12 10 1 12 10 1 1 1 1 7 12 10 1 12 11 1 1 1 1 12 10 1 1 1 1 1 1 1 1 1 1 12 10 1 1 100 1 12 11 12 10 1 100 12 10 12 10 1 1 1 1 1 12 10 1 1 100 1 12 11 1 1 1 1 12 10 1 1 1 1 1 1 1 1 1
staticfield java/util/ArrayList EMPTY_ELEMENTDATA [Ljava/lang/Object; 0 [Ljava/lang/Object;
staticfield java/util/ArrayList DEFAULTCAPACITY_EMPTY_ELEMENTDATA [Ljava/lang/Object; 0 [Ljava/lang/Object;
instanceKlass sun/nio/cs/UTF_8$Decoder
instanceKlass sun/nio/cs/SingleByte$Decoder
ciInstanceKlass java/nio/charset/CharsetDecoder 1 1 264 1 7 1 7 1 1 1 1 1 1 1 1 1 1 1 1 3 1 3 1 3 1 3 1 1 1 1 1 1 1 1 12 10 1 7 1 12 9 12 9 12 9 12 9 12 9 1 100 1 8 1 12 10 1 100 1 7 1 8 1 8 12 9 12 9 12 9 1 1 12 10 1 1 8 12 10 1 1 1 8 1 1 12 10 1 8 1 8 1 12 10 1 1 1 1 8 1 1 12 10 1 1 12 10 1 1 1 1 100 1 1 12 10 1 1 12 10 1 100 1 12 10 1 7 1 1 12 10 1 12 10 1 7 1 12 10 1 12 10 1 1 12 10 1 12 10 1 12 10 12 9 1 100 1 12 10 1 12 10 1 12 9 1 100 10 1 1 12 9 1 1 12 10 1 12 9 1 12 10 10 1 12 10 10 1 1 1 12 10 1 12 9 1 1 1 12 10 1 1 100 12 10 1 1 12 10 12 10 12 10 12 10 1 1 12 10 1 12 10 1 12 10 1 1 1 100 10 1 1 100 1 100 10 1 8 1 1 12 10 12 9 1 8 10 10 1 1 7 1 12 10 1 8 1 8 1 8 1 8 1 1 1 1
staticfield java/nio/charset/CharsetDecoder $assertionsDisabled Z 1
ciMethod java/nio/charset/CharsetDecoder reset ()Ljava/nio/charset/CharsetDecoder; 504 0 20278 0 -1
ciMethod java/nio/charset/CharsetDecoder onMalformedInput (Ljava/nio/charset/CodingErrorAction;)Ljava/nio/charset/CharsetDecoder; 0 0 5991 0 -1
ciMethod java/nio/charset/CharsetDecoder onUnmappableCharacter (Ljava/nio/charset/CodingErrorAction;)Ljava/nio/charset/CharsetDecoder; 0 0 5991 0 -1
ciMethod java/nio/charset/CharsetDecoder decode (Ljava/nio/ByteBuffer;Ljava/nio/CharBuffer;Z)Ljava/nio/charset/CoderResult; 526 0 6437 0 -1
ciMethod java/nio/charset/CharsetDecoder flush (Ljava/nio/CharBuffer;)Ljava/nio/charset/CoderResult; 494 0 10874 0 -1
ciInstanceKlass java/nio/charset/CodingErrorAction 1 1 33 1 7 1 7 1 1 1 1 1 1 1 1 1 12 10 12 9 1 1 1 8 12 10 12 9 8 12 9 8 12 9 1
staticfield java/nio/charset/CodingErrorAction IGNORE Ljava/nio/charset/CodingErrorAction; java/nio/charset/CodingErrorAction
staticfield java/nio/charset/CodingErrorAction REPLACE Ljava/nio/charset/CodingErrorAction; java/nio/charset/CodingErrorAction
staticfield java/nio/charset/CodingErrorAction REPORT Ljava/nio/charset/CodingErrorAction; java/nio/charset/CodingErrorAction
instanceKlass java/nio/MappedByteBuffer
instanceKlass java/nio/HeapByteBuffer
ciInstanceKlass java/nio/ByteBuffer 1 1 391 1 7 1 1 7 1 100 1 7 1 100 1 1 1 1 1 1 1 1 1 1 1 1 1 1 12 10 12 9 1 7 1 1 12 10 1 1 12 9 7 1 100 12 9 12 9 12 9 12 10 1 1 12 10 1 1 1 1 1 7 1 12 10 1 1 1 12 10 1 12 10 1 1 1 100 1 12 10 1 100 1 12 10 1 12 10 1 1 1 1 1 1 1 1 1 1 1 1 7 1 1 12 10 1 1 12 10 1 12 10 1 100 10 1 1 12 10 12 10 12 10 1 12 10 5 0 1 12 9 12 9 1 1 12 9 1 1 12 10 12 10 1 7 1 1 12 10 1 7 1 1 12 10 1 100 12 10 1 1 1 12 10 1 12 10 1 100 10 1 100 10 1 1 12 10 1 12 9 1 12 10 1 100 10 1 100 1 12 10 12 10 12 10 12 10 1 12 9 1 1 1 100 10 1 1 12 10 12 10 1 1 12 10 1 12 10 1 12 10 1 12 10 1 12 10 1 1 1 1 100 10 1 1 12 10 1 7 1 12 10 1 1 12 10 1 8 1 12 10 1 8 1 8 1 12 10 1 8 12 10 1 1 1 1 100 1 1 12 10 1 1 1 100 1 1 12 10 1 1 12 10 1 100 10 1 1 12 9 1 1 1 8 1 12 10 1 8 1 8 10 1 12 10 12 10 1 1 1 1 1 1 1 1 1 1 1 1 1 1 1 1 1 1 1 1 1 1 1 1 1 1 1 1 1 1 1 1 1 1 1 1 1 1 1 1 1 1 1 1 1 12 10 1 12 10 12 10 12 10 12 10 12 10 12 10 12 10 12 10 1 12 10 1 1 12 10 1 1 12 9 1 7 1 1 12 10 1 1 1 1
staticfield java/nio/ByteBuffer ARRAY_BASE_OFFSET J 16
staticfield java/nio/ByteBuffer $assertionsDisabled Z 1
ciMethod java/nio/ByteBuffer put (B)Ljava/nio/ByteBuffer; 0 0 1 0 -1
ciMethod java/nio/ByteBuffer clear ()Ljava/nio/ByteBuffer; 1024 0 10891 0 -1
ciMethod java/nio/ByteBuffer flip ()Ljava/nio/ByteBuffer; 804 0 5522 0 -1
ciMethod java/nio/ByteBuffer allocate (I)Ljava/nio/ByteBuffer; 196 0 5382 0 -1
instanceKlass java/nio/ByteBufferAsCharBufferB
instanceKlass java/nio/HeapCharBuffer
ciInstanceKlass java/nio/CharBuffer 1 1 412 1 7 1 1 7 1 100 1 100 1 100 1 100 1 100 1 7 1 100 1 100 1 100 1 100 1 100 1 100 1 1 100 1 100 1 1 1 1 1 1 1 1 1 1 1 1 1 12 10 12 9 12 9 12 10 1 1 12 10 1 1 1 1 1 1 12 10 1 12 10 1 1 1 100 1 12 10 1 100 1 12 10 1 12 10 1 1 1 100 1 1 12 10 1 12 10 12 9 1 100 10 1 12 10 1 100 1 1 12 10 12 10 1 1 12 10 1 100 1 1 12 10 1 1 12 11 12 10 1 1 1 1 1 1 1 1 1 1 1 1 7 1 1 12 10 1 100 10 1 1 12 10 12 10 12 10 1 12 10 1 1 12 10 5 0 1 12 9 12 9 1 1 12 10 1 7 1 12 10 1 1 12 9 1 1 12 10 12 10 5 0 1 7 1 1 12 10 1 1 12 10 1 7 1 1 12 10 12 10 1 1 12 10 12 10 1 100 10 1 100 10 1 1 12 10 1 1 12 10 1 100 1 7 1 1 12 10 12 10 1 12 10 12 10 12 10 1 1 100 10 1 12 10 12 10 1 12 10 1 12 9 1 1 1 100 10 1 1 12 10 12 10 1 1 12 10 1 12 10 1 12 10 1 12 10 1 12 10 1 1 1 1 100 1 1 12 10 1 1 1 12 10 1 100 10 1 1 1 12 10 1 1 12 10 1 1 1 8 12 10 12 11 1 12 11 1 1 1 16 1 1 12 10 15 16 1 100 1 1 12 10 15 1 12 18 1 100 1 1 12 10 12 10 1 12 10 12 10 12 10 12 10 12 10 12 10 12 10 12 10 1 12 10 1 12 10 1 12 10 1 12 10 12 10 1 100 1 12 10 1 1 12 10 1 1 12 9 7 1 7 1 1 12 10 1 1 1 1 1 1 1
staticfield java/nio/CharBuffer ARRAY_BASE_OFFSET J 16
staticfield java/nio/CharBuffer $assertionsDisabled Z 1
ciMethod java/nio/CharBuffer toString ()Ljava/lang/String; 496 0 20091 0 -1
ciMethod java/nio/CharBuffer clear ()Ljava/nio/CharBuffer; 494 0 20090 0 -1
ciMethod java/nio/CharBuffer flip ()Ljava/nio/CharBuffer; 500 0 20208 0 -1
ciMethod java/nio/CharBuffer allocate (I)Ljava/nio/CharBuffer; 174 0 5862 0 -1
ciInstanceKlass java/nio/charset/CoderResult 1 1 189 1 7 1 7 1 100 1 1 100 1 100 1 1 1 3 1 3 1 3 1 1 3 1 1 1 1 1 1 1 1 1 1 1 1 1 1 1 12 10 12 9 12 9 1 1 12 9 1 1 12 10 1 100 10 1 1 12 10 1 8 1 12 10 1 8 12 10 1 7 1 1 1 1 1 1 100 10 1 1 1 100 1 8 1 12 10 12 9 1 1 12 9 1 1 12 9 1 100 1 1 12 10 1 16 1 1 12 10 15 16 1 100 1 1 12 10 15 1 1 12 18 1 100 1 1 12 11 1 12 9 1 12 9 1 12 10 15 18 1 1 100 1 100 10 1 100 10 1 100 1 12 10 1 100 10 12 9 1 100 10 1 12 10 12 10 1 1 7 1 12 10 8 8 1 8 1 8 12 9 12 9 1 1 1 1 1 1 1
staticfield java/nio/charset/CoderResult names [Ljava/lang/String; 4 [Ljava/lang/String;
staticfield java/nio/charset/CoderResult UNDERFLOW Ljava/nio/charset/CoderResult; java/nio/charset/CoderResult
staticfield java/nio/charset/CoderResult OVERFLOW Ljava/nio/charset/CoderResult; java/nio/charset/CoderResult
staticfield java/nio/charset/CoderResult malformed4 [Ljava/nio/charset/CoderResult; 4 [Ljava/nio/charset/CoderResult;
staticfield java/nio/charset/CoderResult unmappable4 [Ljava/nio/charset/CoderResult; 4 [Ljava/nio/charset/CoderResult;
staticfield java/nio/charset/CoderResult $assertionsDisabled Z 1
ciMethod java/nio/charset/CoderResult isUnderflow ()Z 818 0 20819 0 -1
instanceKlass java/util/concurrent/ConcurrentSkipListSet
instanceKlass java/util/TreeMap$NavigableSubMap$EntrySetView
instanceKlass org/python/pydev/ast/codecompletion/revisited/PyPublicTreeMap$SubMap$EntrySetView
instanceKlass com/google/gson/internal/LinkedTreeMap$EntrySet
instanceKlass org/python/pydev/ast/codecompletion/revisited/PyPublicTreeMap$3
instanceKlass org/python/pydev/ast/codecompletion/revisited/PyPublicTreeMap$1
instanceKlass java/lang/ProcessEnvironment$CheckedEntrySet
instanceKlass org/eclipse/osgi/framework/util/CaseInsensitiveDictionaryMap$KeySet
instanceKlass java/util/AbstractMap$1
instanceKlass java/util/TreeMap$EntrySet
instanceKlass org/eclipse/osgi/framework/eventmgr/CopyOnWriteIdentityMap$Snapshot$EntrySet
instanceKlass java/util/Collections$SingletonSet
instanceKlass java/util/LinkedHashMap$LinkedEntrySet
instanceKlass java/util/TreeMap$KeySet
instanceKlass java/util/TreeSet
instanceKlass java/util/LinkedHashMap$LinkedKeySet
instanceKlass java/util/IdentityHashMap$KeySet
instanceKlass java/util/EnumSet
instanceKlass java/util/HashMap$KeySet
instanceKlass java/util/WeakHashMap$KeySet
instanceKlass java/util/Collections$SetFromMap
instanceKlass java/util/HashSet
instanceKlass java/util/ImmutableCollections$MapN$1
instanceKlass java/util/Collections$EmptySet
instanceKlass java/util/HashMap$EntrySet
ciInstanceKlass java/util/AbstractSet 1 1 70 1 7 1 1 7 1 7 1 1 12 10 1 1 1 100 1 100 1 7 1 1 12 11 10 1 1 12 10 1 100 1 1 1 12 10 1 100 1 1 12 11 1 1 12 11 1 100 12 10 1 1 1 100 1 1 12 10 11 1 12 10 1 12 11 12 11 1 1 1
ciInstanceKlass java/lang/module/ModuleDescriptor 1 1 444 1 7 1 1 7 1 100 1 7 1 100 1 100 1 100 1 100 1 100 1 100 1 100 1 100 1 7 1 7 1 1 1 1 100 1 100 1 1 1 1 1 1 100 1 100 1 1 1 1 1 1 1 1 1 1 1 1 1 1 1 1 1 1 1 1 1 1 1 1 1 1 1 1 1 1 1 12 10 12 9 1 100 10 1 7 1 7 12 9 12 9 12 9 1 1 12 11 12 9 1 1 12 9 1 1 12 11 12 9 1 12 9 12 9 1 1 12 11 1 16 1 12 10 15 1 16 1 100 1 1 12 10 15 1 1 12 18 1 100 1 1 12 11 1 12 11 1 1 12 11 1 1 12 11 12 9 12 9 12 9 12 9 12 9 12 9 12 9 1 1 12 9 1 1 1 1 1 1 1 1 1 1 1 1 1 7 1 1 12 10 1 1 1 12 10 1 12 10 1 1 100 10 10 1 1 12 10 1 8 1 12 10 10 1 1 1 12 10 1 1 12 10 12 10 1 1 12 10 1 100 1 12 10 1 12 10 1 12 10 11 1 7 1 12 10 1 12 10 1 1 12 10 11 1 12 10 12 10 1 8 1 8 12 10 1 12 11 1 8 1 8 1 8 1 8 1 8 1 8 1 1 1 1 7 1 12 10 1 100 1 8 1 12 10 1 12 10 1 12 11 1 1 12 11 1 1 1 1 1 7 1 12 10 1 100 1 12 10 1 1 12 10 1 1 1 1 12 10 1 1 1 1 1 12 10 1 8 1 1 12 10 1 1 1 1 12 10 15 16 18 1 12 11 1 1 12 11 1 8 1 100 1 1 12 10 1 1 12 11 1 1 7 1 1 12 11 1 7 1 12 11 1 1 12 11 1 7 10 1 12 11 1 1 1 12 11 1 100 1 1 12 10 1 12 10 1 11 1 12 10 12 10 10 1 100 1 1 12 9 1 1 12 10 1 1 7 1 12 10 10 1 7 1 1 12 10 1 1 1 1 1 1 1
staticfield java/lang/module/ModuleDescriptor $assertionsDisabled Z 1
instanceKlass org/python/pydev/shared_core/cache/LRUMap
ciInstanceKlass java/util/LinkedHashMap 1 1 242 1 7 1 1 7 1 100 1 100 1 100 1 100 1 100 1 7 1 7 1 7 1 7 1 1 7 1 1 100 1 1 100 1 1 1 1 1 1 1 1 1 5 0 1 1 1 1 1 1 1 1 1 12 9 12 9 1 12 9 1 12 9 1 1 1 1 1 12 10 1 1 1 1 1 12 10 12 10 1 1 1 1 1 12 9 1 1 12 9 1 12 9 12 10 1 1 1 10 1 1 1 1 1 1 1 1 1 1 12 10 1 12 10 1 1 12 10 1 12 9 1 12 9 1 1 1 100 1 100 1 1 12 10 1 12 10 1 12 10 12 10 1 1 1 1 12 10 1 1 1 1 100 1 12 10 1 1 1 1 1 12 10 12 10 9 1 1 1 1 12 10 1 1 1 1 1 12 9 1 12 10 1 100 1 1 1 1 100 1 1 1 1 1 12 9 10 1 100 1 1 12 9 10 1 1 1 1 100 10 1 100 1 1 12 11 1 100 10 1 1 1 1 7 1 12 11 1 1 1 1 1 12 10 10 1 1 1 1 1 1 1
ciInstanceKlass java/lang/RuntimePermission 1 1 18 1 100 1 7 1 1 5 0 1 1 12 10 1 12 10 1 1
ciInstanceKlass java/util/Properties$EntrySet 1 1 94 1 7 1 1 7 1 7 1 7 1 1 100 1 100 1 1 1 1 1 1 1 1 12 10 12 9 1 1 12 11 1 1 12 11 1 1 12 11 1 1 12 11 1 1 12 11 1 12 11 1 12 11 1 1 1 1 100 10 1 1 1 1 1 12 11 1 12 11 1 12 11 1 1 12 11 1 12 11 1 12 11 1 1 1 12 11 12 10 1 1 1 1 1
ciMethod java/util/Properties$EntrySet iterator ()Ljava/util/Iterator; 770 0 4277 0 0
ciMethod java/util/Properties$EntrySet <init> (Ljava/util/Set;)V 514 0 4277 0 0
ciInstanceKlass java/util/Collections$SynchronizedSet 1 1 55 1 100 1 1 7 1 100 1 100 1 1 1 1 5 0 1 1 1 1 12 10 1 1 1 12 10 1 1 1 1 12 9 1 1 12 9 1 100 12 11 1 100 1 100 1 1 12 11 1 1 1 1 1 1
instanceKlass java/util/Collections$SynchronizedSet
ciInstanceKlass java/util/Collections$SynchronizedCollection 1 1 147 1 7 1 1 7 1 7 1 100 1 100 1 1 1 5 0 1 1 1 1 1 1 1 1 1 12 10 1 7 1 1 12 10 12 9 12 9 1 1 1 1 12 11 1 100 1 1 12 11 1 1 12 11 1 1 12 11 1 1 12 11 1 100 1 1 12 11 1 100 1 1 1 12 11 1 1 12 11 1 12 11 1 1 1 12 11 1 1 12 11 1 12 11 1 12 11 1 12 11 1 1 12 11 1 1 1 12 11 1 100 1 1 1 12 11 1 100 1 1 1 12 11 1 1 1 12 11 1 12 11 1 1 1 100 1 100 1 12 10 1 1 1 1 1 1 1
ciMethod java/util/Collections$SynchronizedCollection iterator ()Ljava/util/Iterator; 512 0 4291 0 0
ciMethod java/util/Collections$SynchronizedCollection <init> (Ljava/util/Collection;Ljava/lang/Object;)V 522 0 4289 0 0
ciMethod java/util/Collections$SynchronizedSet <init> (Ljava/util/Set;Ljava/lang/Object;)V 518 0 4287 0 0
instanceKlass java/util/concurrent/ConcurrentHashMap$EntrySetView
instanceKlass java/util/concurrent/ConcurrentHashMap$ValuesView
instanceKlass java/util/concurrent/ConcurrentHashMap$KeySetView
ciInstanceKlass java/util/concurrent/ConcurrentHashMap$CollectionView 1 1 176 1 7 1 1 7 1 100 1 100 1 7 1 100 1 100 1 100 1 1 100 1 1 1 1 1 1 5 0 1 1 1 1 1 1 8 1 1 1 1 12 10 12 9 1 1 1 1 12 10 1 1 12 10 1 1 12 10 1 1 1 1 1 1 1 1 1 1 12 10 5 0 1 100 1 12 10 12 10 1 100 1 100 1 12 11 1 1 12 11 3 3 1 100 1 1 12 10 1 1 1 1 12 10 1 100 1 12 10 1 100 1 1 12 10 1 1 1 100 10 1 1 12 10 1 8 1 12 10 12 10 1 1 1 11 12 10 1 1 100 10 1 1 12 9 100 1 100 11 11 12 11 12 10 1 1 1 1 1 1 1 1 1 100 1 8 1 1 12 10 1 1 1 8 1 1
ciMethod java/util/concurrent/ConcurrentHashMap$CollectionView <init> (Ljava/util/concurrent/ConcurrentHashMap;)V 348 0 1024 0 0
ciInstanceKlass java/util/function/BiConsumer 1 1 47 1 100 1 1 100 1 1 100 1 100 1 1 1 1 1 1 1 1 100 1 1 12 10 16 1 1 12 11 15 1 100 1 1 12 10 15 1 12 18 12 11 1 1 1 1 1
ciMethod java/util/function/BiConsumer accept (Ljava/lang/Object;Ljava/lang/Object;)V 0 0 1 0 -1
ciMethod java/util/Map forEach (Ljava/util/function/BiConsumer;)V 0 0 1 0 -1
ciInstanceKlass java/net/URI 1 1 643 1 7 1 1 7 1 100 1 100 1 7 1 7 1 1 100 1 100 1 1 1 5 0 1 1 1 1 1 1 1 1 1 1 1 1 1 1 1 1 1 1 1 1 5 0 1 5 0 1 1 5 0 1 1 5 0 1 1 5 0 1 1 1 1 5 0 1 5 0 1 5 0 1 5 0 1 5 0 1 5 0 1 5 0 1 5 0 1 1 5 0 1 5 0 1 5 0 1 5 0 1 5 0 1 1 5 0 1 1 5 0 1 1 5 0 1 1 1 1 1 1 5 0 1 1 5 0 1 1 5 0 1 5 0 1 1 1 1 1 1 12 10 12 9 1 1 100 1 12 10 1 1 12 10 1 1 1 12 10 1 1 12 10 1 1 12 10 1 12 9 1 1 12 10 1 100 10 1 7 12 9 12 9 1 7 10 1 1 12 10 1 8 1 12 10 12 10 1 1 12 10 1 1 1 100 1 12 10 1 12 10 1 1 12 9 12 9 10 1 1 12 10 1 1 12 10 12 10 12 10 1 12 10 1 1 1 100 1 7 1 1 12 10 1 1 1 1 1 12 9 12 9 1 1 12 10 12 9 1 1 12 10 1 12 10 1 12 10 1 12 10 1 12 10 1 1 12 10 1 12 9 12 10 1 1 12 10 1 12 9 1 12 9 12 9 1 1 1 12 9 1 12 9 12 9 1 12 10 1 1 12 9 12 10 1 12 10 1 12 10 1 12 9 1 1 12 10 12 10 1 1 1 1 12 10 1 12 10 1 12 10 1 12 10 1 8 1 1 12 10 1 8 1 1 12 10 1 8 1 12 10 1 12 10 1 1 12 10 1 1 1 100 1 100 1 12 10 1 1 1 100 1 100 1 12 10 1 100 1 8 10 1 1 12 10 1 1 1 1 1 12 10 1 1 12 10 12 10 12 10 1 12 10 12 10 1 12 10 1 12 10 1 8 12 10 1 1 1 1 12 10 1 8 1 12 10 1 8 12 10 1 1 12 10 1 1 1 12 10 1 12 10 1 12 10 12 10 10 12 10 12 10 1 8 1 1 1 1 100 10 1 1 1 1 12 10 1 1 12 10 12 10 12 10 12 10 12 10 1 12 10 100 1 100 1 1 1 1 12 9 1 1 1 100 1 7 1 1 12 10 1 100 1 12 10 1 7 1 12 10 1 1 12 10 12 10 12 10 1 100 1 1 12 10 1 12 10 1 7 1 1 12 9 1 1 12 10 12 10 1 1 12 9 1 12 10 1 12 10 1 1 12 10 1 12 10 1 1 12 10 1 7 1 1 12 9 1 7 1 1 12 10 1 12 10 1 1 12 10 12 10 1 1 12 10 1 12 10 1 12 10 1 12 10 1 12 10 1 100 1 12 10 1 1 12 10 12 10 10 1 12 10 1 1 7 1 12 10 10 1 7 1 1 12 10 1 1 1 1 1 1 1
staticfield java/net/URI hexDigits [C 16
staticfield java/net/URI $assertionsDisabled Z 1
ciMethod java/net/URI <init> (Ljava/lang/String;)V 512 0 5593 0 0
ciMethod java/net/URI decode (Ljava/lang/String;Z)Ljava/lang/String; 240 7490 6458 0 -1
ciMethod java/net/URI decode (CC)B 494 0 20089 0 -1
ciMethod java/net/URI decode (Ljava/lang/String;)Ljava/lang/String; 240 0 20039 0 0
ciMethod java/net/URI isAbsolute ()Z 512 0 23788 0 -1
ciMethod java/net/URI getScheme ()Ljava/lang/String; 290 0 145 0 0
ciMethod java/net/URI isOpaque ()Z 512 0 7051 0 -1
ciMethod java/net/URI getRawFragment ()Ljava/lang/String; 258 0 129 0 -1
ciMethod java/net/URI getRawQuery ()Ljava/lang/String; 262 0 131 0 -1
ciMethod java/net/URI getPath ()Ljava/lang/String; 636 0 44486 0 352
ciMethod java/net/URI create (Ljava/lang/String;)Ljava/net/URI; 616 0 5428 0 576
ciMethod java/net/URI getRawAuthority ()Ljava/lang/String; 256 0 128 0 -1
ciMethod java/net/URI relativize (Ljava/net/URI;)Ljava/net/URI; 0 0 1 0 -1
ciInstanceKlass java/lang/invoke/DirectMethodHandle$Constructor 1 1 76 1 7 1 7 1 1 1 1 1 1 1 1 1 1 1 1 12 10 12 9 12 9 12 9 1 100 1 1 12 10 1 100 1 12 10 1 100 1 100 1 7 1 1 1 12 9 1 12 9 12 10 1 1 1 1 12 10 1 1 12 9 1 1 1 12 10 1 1 12 10 1 1 1 1 1
staticfield java/lang/invoke/DirectMethodHandle$Constructor $assertionsDisabled Z 1
ciInstanceKlass java/lang/invoke/DirectMethodHandle$Interface 1 1 109 1 7 1 7 1 1 1 1 1 1 1 1 1 1 12 10 12 9 1 7 1 1 12 10 1 100 1 12 10 1 100 1 100 1 100 12 9 1 1 1 1 12 9 1 12 9 12 10 1 1 1 1 12 10 1 12 10 1 1 12 9 1 1 1 1 12 10 1 8 1 100 1 1 12 10 1 1 12 10 1 100 1 1 12 10 1 100 1 12 10 1 8 1 100 10 1 1 12 10 1 1 12 10 1 1 1 1 1
staticfield java/lang/invoke/DirectMethodHandle$Interface $assertionsDisabled Z 1
ciInstanceKlass java/lang/invoke/MethodType$ConcurrentWeakInternSet$WeakEntry 1 1 40 1 7 1 1 7 1 100 1 100 1 1 1 1 1 1 1 12 10 1 7 1 1 12 10 12 9 1 1 1 1 12 10 12 10 1 1 1 1 1
ciInstanceKlass java/util/concurrent/ConcurrentHashMap$EntrySetView 1 1 166 1 7 1 1 7 1 100 1 100 1 7 1 1 100 1 100 1 1 1 100 1 1 7 1 1 100 1 1 100 1 1 100 1 1 1 5 0 1 1 1 12 10 1 1 1 1 12 11 1 1 12 9 1 1 12 10 1 12 11 1 100 1 12 10 1 1 12 10 1 1 1 1 1 12 9 100 1 12 10 1 1 1 1 1 12 10 1 1 1 1 100 12 11 1 100 1 1 12 11 1 12 11 12 10 1 1 1 1 12 10 1 1 1 12 10 1 1 12 10 12 10 1 12 10 11 1 1 1 1 1 12 10 1 12 10 1 1 1 1 100 1 12 10 1 1 12 9 1 12 9 1 12 10 1 100 1 1 12 11 1 1 1 1 1 1
ciMethod java/util/concurrent/ConcurrentHashMap$EntrySetView iterator ()Ljava/util/Iterator; 770 0 4277 0 0
ciMethod java/util/concurrent/ConcurrentHashMap$EntrySetView <init> (Ljava/util/concurrent/ConcurrentHashMap;)V 264 0 982 0 0
ciInstanceKlass java/util/concurrent/ConcurrentHashMap$MapEntry 1 1 74 1 7 1 1 7 1 100 1 100 1 1 100 1 1 1 1 1 1 1 1 1 1 1 1 1 12 10 12 9 12 9 12 9 1 1 1 1 1 1 1 12 10 1 1 1 100 1 1 12 10 1 1 12 11 12 11 12 10 1 1 1 1 100 10 1 1 12 10 1 1 1 1 1
ciMethod java/util/concurrent/ConcurrentHashMap$MapEntry <init> (Ljava/lang/Object;Ljava/lang/Object;Ljava/util/concurrent/ConcurrentHashMap;)V 604 0 5439 0 0
ciMethod java/util/concurrent/ConcurrentHashMap$MapEntry getValue ()Ljava/lang/Object; 260 0 130 0 0
ciMethod java/util/concurrent/ConcurrentHashMap$MapEntry getKey ()Ljava/lang/Object; 752 0 376 0 0
ciInstanceKlass java/util/concurrent/ConcurrentHashMap$EntryIterator 1 1 68 1 7 1 1 7 1 100 1 100 1 1 7 1 1 1 7 1 1 100 1 100 1 1 1 1 12 10 1 1 1 1 12 9 1 100 1 12 10 1 1 12 9 1 12 9 1 12 9 1 1 12 10 1 1 12 9 1 12 10 1 12 10 1 1 1 1 1
instanceKlass java/util/concurrent/ConcurrentHashMap$BaseIterator
ciInstanceKlass java/util/concurrent/ConcurrentHashMap$Traverser 1 1 102 1 7 1 1 7 1 7 1 1 7 1 1 100 1 1 100 1 1 100 1 1 100 1 1 1 1 1 1 1 1 1 1 1 1 1 1 1 1 1 1 1 1 12 10 12 9 12 9 12 9 12 9 12 9 12 9 1 1 1 9 100 1 1 12 10 1 12 9 1 12 9 1 1 12 10 1 1 12 9 12 9 1 1 12 10 1 12 9 12 9 10 9 1 12 9 9 1 1 1 1 1
ciMethod java/util/concurrent/ConcurrentHashMap$Traverser <init> ([Ljava/util/concurrent/ConcurrentHashMap$Node;III)V 512 0 6512 0 384
ciMethod java/util/concurrent/ConcurrentHashMap$Traverser advance ()Ljava/util/concurrent/ConcurrentHashMap$Node; 572 1564 5417 0 704
ciMethod java/util/concurrent/ConcurrentHashMap$Traverser pushState ([Ljava/util/concurrent/ConcurrentHashMap$Node;II)V 0 0 1 0 -1
ciMethod java/util/concurrent/ConcurrentHashMap$Traverser recoverState (I)V 0 0 1 0 -1
instanceKlass java/util/concurrent/ConcurrentHashMap$EntryIterator
instanceKlass java/util/concurrent/ConcurrentHashMap$KeyIterator
instanceKlass java/util/concurrent/ConcurrentHashMap$ValueIterator
ciInstanceKlass java/util/concurrent/ConcurrentHashMap$BaseIterator 1 1 58 1 7 1 1 7 1 100 1 1 100 1 1 1 1 1 1 1 1 1 1 1 1 12 10 12 9 1 1 12 10 1 1 1 12 9 1 1 1 12 9 1 100 12 10 1 1 12 9 1 1 12 10 1 1 1 1 1
ciMethod java/util/concurrent/ConcurrentHashMap$BaseIterator <init> ([Ljava/util/concurrent/ConcurrentHashMap$Node;IIILjava/util/concurrent/ConcurrentHashMap;)V 512 0 7427 0 1248
ciMethod java/util/concurrent/ConcurrentHashMap$BaseIterator hasNext ()Z 534 0 5478 0 96
ciMethod java/util/concurrent/ConcurrentHashMap$EntryIterator <init> ([Ljava/util/concurrent/ConcurrentHashMap$Node;IIILjava/util/concurrent/ConcurrentHashMap;)V 770 0 4277 0 0
ciMethod java/util/concurrent/ConcurrentHashMap$EntryIterator next ()Ljava/util/Map$Entry; 604 0 5439 0 0
ciMethod java/util/concurrent/ConcurrentHashMap$EntryIterator next ()Ljava/lang/Object; 604 0 5439 0 1184
ciInstanceKlass java/util/concurrent/ConcurrentHashMap$CounterCell 0 0 22 1 100 1 100 1 100 1 1 1 1 1 1 1 12 10 12 9 1 1 1 1
ciInstanceKlass java/util/concurrent/ConcurrentHashMap$ReservationNode 1 1 22 1 100 1 1 7 1 100 1 1 1 1 1 12 10 1 1 1 1 1 1 1
instanceKlass java/util/concurrent/ConcurrentHashMap$ForwardingNode
instanceKlass java/util/concurrent/ConcurrentHashMap$ReservationNode
ciInstanceKlass java/util/concurrent/ConcurrentHashMap$Node 1 1 81 1 7 1 1 7 1 100 1 100 1 1 100 1 1 1 1 1 1 1 1 1 1 1 1 1 1 1 12 10 12 9 12 9 12 9 1 1 12 10 12 9 1 1 1 1 1 1 1 12 10 1 1 1 100 1 1 12 10 1 1 1 1 100 10 1 1 12 11 12 11 12 10 1 1 1 1 1 1 1 1
ciMethod java/util/concurrent/ConcurrentHashMap$Node <init> (ILjava/lang/Object;Ljava/lang/Object;)V 536 0 15473 0 -1
ciInstanceKlass java/util/concurrent/ConcurrentHashMap$ForwardingNode 1 1 54 1 7 1 1 7 1 100 1 1 1 1 1 1 1 1 1 12 10 12 9 1 1 1 100 1 1 12 10 1 1 12 9 1 1 12 9 1 100 1 1 12 10 12 10 1 1 12 9 1 1 1 1 1
ciInstanceKlass java/util/HashMap$TreeNode 0 0 175 1 100 1 1 100 1 100 1 100 1 1 100 1 1 1 1 1 1 1 1 1 1 1 1 1 1 12 10 1 1 1 12 9 1 1 1 1 1 12 9 12 9 1 1 12 9 1 100 12 9 1 1 12 10 1 100 1 12 10 1 1 1 12 9 12 9 1 100 1 100 1 1 12 9 1 1 12 10 1 1 12 10 1 1 12 10 12 10 1 1 1 12 10 1 1 1 1 12 10 1 1 12 10 1 100 1 1 12 10 1 100 1 1 12 10 1 1 1 12 9 12 10 1 1 12 10 12 10 1 1 1 1 1 12 10 9 1 1 1 1 1 12 10 1 1 1 12 10 1 12 10 1 1 1 12 10 1 1 1 12 10 12 10 1 1 1 1 12 10 1 1 1 1 1
instanceKlass java/util/LinkedHashMap$Entry
ciInstanceKlass java/util/HashMap$Node 1 1 83 1 7 1 1 7 1 100 1 100 1 1 100 1 1 1 1 1 1 1 1 1 1 1 1 1 1 1 12 10 12 9 12 9 12 9 12 9 1 1 1 1 1 1 1 1 100 10 1 1 12 10 1 8 1 12 10 12 10 1 1 1 100 1 12 10 1 1 1 1 1 12 11 1 12 10 12 11 1 1 1 1 1
ciMethod java/util/HashMap$Node <init> (ILjava/lang/Object;Ljava/lang/Object;Ljava/util/HashMap$Node;)V 528 0 11162 0 0
ciMethod java/util/HashMap$Node getValue ()Ljava/lang/Object; 294 0 147 0 0
ciMethod java/util/HashMap$Node getKey ()Ljava/lang/Object; 296 0 148 0 0
instanceKlass java/util/HashMap$TreeNode
ciInstanceKlass java/util/LinkedHashMap$Entry 1 1 25 1 100 1 1 7 1 100 1 100 1 1 1 1 1 1 1 1 1 12 10 1 1 1 1
ciMethod java/util/HashMap$TreeNode split (Ljava/util/HashMap;[Ljava/util/HashMap$Node;II)V 0 0 1 0 -1
ciMethod java/util/HashMap$TreeNode putTreeVal (Ljava/util/HashMap;[Ljava/util/HashMap$Node;ILjava/lang/Object;Ljava/lang/Object;)Ljava/util/HashMap$TreeNode; 0 0 1 0 -1
ciMethod java/util/HashMap$TreeNode getTreeNode (ILjava/lang/Object;)Ljava/util/HashMap$TreeNode; 0 0 1 0 -1
ciInstanceKlass java/util/HashMap$EntryIterator 1 1 38 1 7 1 1 7 1 100 1 100 1 1 1 100 1 1 100 1 100 1 1 1 12 10 1 1 1 1 1 12 10 1 12 10 1 1 1 1
instanceKlass java/util/HashMap$ValueIterator
instanceKlass java/util/HashMap$KeyIterator
instanceKlass java/util/HashMap$EntryIterator
ciInstanceKlass java/util/HashMap$HashIterator 1 1 78 1 7 1 7 1 7 1 1 7 1 1 1 1 1 1 1 1 1 1 1 1 12 9 1 12 10 1 12 9 12 9 1 1 12 9 12 9 12 9 12 9 1 12 9 100 1 1 1 1 1 1 100 10 1 100 10 9 1 1 100 10 1 12 9 1 1 12 9 1 1 12 10 1 1 1 1 1
ciMethod java/util/HashMap$HashIterator <init> (Ljava/util/HashMap;)V 1024 3664 5644 0 864
ciMethod java/util/HashMap$HashIterator hasNext ()Z 1024 0 7018 0 96
ciMethod java/util/HashMap$HashIterator nextNode ()Ljava/util/HashMap$Node; 1024 1890 7431 0 960
ciMethod java/util/HashMap$EntryIterator <init> (Ljava/util/HashMap;)V 778 0 1754 0 0
ciMethod java/util/HashMap$EntryIterator next ()Ljava/util/Map$Entry; 838 0 7597 0 0
ciMethod java/util/HashMap$EntryIterator next ()Ljava/lang/Object; 832 0 7597 0 960
ciInstanceKlass java/util/HashMap$ValueIterator 1 1 34 1 7 1 1 7 1 100 1 100 1 1 1 7 1 1 1 12 10 1 1 1 1 1 12 10 1 1 12 9 1 1 1 1
ciMethod java/util/HashMap$ValueIterator <init> (Ljava/util/HashMap;)V 594 0 4517 0 0
ciMethod java/util/HashMap$ValueIterator next ()Ljava/lang/Object; 830 0 5536 0 928
ciInstanceKlass java/util/HashMap$EntrySet 1 1 110 1 7 1 1 7 1 7 1 1 7 1 1 100 1 100 1 1 100 1 1 100 1 1 1 1 1 12 9 1 12 10 1 1 1 12 9 1 12 10 1 1 1 12 10 1 1 1 1 12 11 1 1 12 10 1 12 10 1 100 1 1 12 11 1 1 12 10 1 1 12 10 1 1 1 1 12 10 1 1 1 1 100 10 1 1 12 9 1 12 9 1 100 100 1 1 12 11 1 1 12 9 1 100 10 1 1 1 1 1
ciMethod java/util/HashMap$EntrySet iterator ()Ljava/util/Iterator; 776 0 1753 0 0
ciMethod java/util/HashMap$EntrySet <init> (Ljava/util/HashMap;)V 588 0 1466 0 -1
ciInstanceKlass java/util/HashMap$Values 1 1 99 1 7 1 1 7 1 7 1 1 7 1 1 100 1 1 100 1 1 1 1 1 12 9 1 12 10 1 1 1 12 9 1 12 10 1 1 1 12 10 1 1 1 12 10 1 1 1 1 12 10 1 1 1 7 1 1 12 10 1 1 12 10 1 1 1 1 100 10 1 1 12 9 1 12 9 1 100 100 1 1 12 9 1 1 12 11 1 1 12 9 1 100 10 1 1 1 1 1
ciMethod java/util/HashMap$Values iterator ()Ljava/util/Iterator; 5188 0 6814 0 0
ciMethod java/util/HashMap$Values <init> (Ljava/util/HashMap;)V 128 0 240 0 0
ciInstanceKlass java/nio/HeapByteBuffer 1 1 329 1 7 1 7 1 100 1 1 1 1 1 1 1 1 12 10 12 9 1 12 9 1 1 12 9 1 1 1 1 12 10 1 12 10 1 1 12 9 1 1 12 9 1 1 12 9 12 10 1 1 7 1 1 12 10 1 1 12 10 1 12 10 1 10 1 1 1 1 1 1 1 12 10 12 10 1 1 12 10 1 1 1 12 10 1 100 12 10 1 7 1 1 12 10 1 12 10 1 1 1 1 1 1 1 12 10 1 1 100 10 1 12 10 1 12 10 1 12 9 1 100 10 12 10 1 12 10 1 1 1 1 1 1 1 12 9 1 1 12 10 12 10 12 10 1 12 9 1 7 1 1 12 10 1 1 12 10 1 1 12 10 1 1 12 10 1 1 1 1 7 1 12 10 1 100 10 1 100 1 1 1 1 12 10 1 1 1 1 1 12 10 1 1 1 1 100 10 1 100 10 1 100 1 1 1 12 10 1 1 1 12 10 1 1 1 100 10 1 100 10 1 100 1 1 1 1 12 10 1 1 1 1 1 12 10 1 1 1 1 100 10 1 100 10 1 100 1 1 1 100 1 1 12 10 1 1 1 1 12 10 1 1 1 1 100 10 1 100 10 1 100 1 1 1 100 1 1 12 10 1 1 1 1 1 12 10 1 1 1 1 100 10 1 100 10 1 100 1 12 10 1 12 10 12 10 1 1 7 1 12 10 1 1 12 9 7 1 7 1 1 12 10 1 12 10 1 1 1
staticfield java/nio/HeapByteBuffer ARRAY_BASE_OFFSET J 16
staticfield java/nio/HeapByteBuffer ARRAY_INDEX_SCALE J 1
staticfield java/nio/HeapByteBuffer $assertionsDisabled Z 1
ciInstanceKlass java/util/Collections$UnmodifiableMap 1 1 145 1 7 1 1 7 1 7 1 100 1 7 1 1 7 1 1 100 1 1 1 5 0 1 1 1 1 1 1 1 1 1 1 1 1 1 1 1 12 10 1 100 10 12 9 1 1 12 11 1 1 12 11 1 1 12 11 1 12 11 1 1 1 12 11 1 1 1 1 100 10 1 1 1 1 1 12 9 12 11 1 1 12 10 1 12 9 12 11 1 12 10 1 1 12 9 12 11 1 1 12 10 1 12 11 1 12 11 1 1 12 11 1 1 12 11 1 1 1 12 11 1 1 1 1 1 1 1 1 1 1 1 1 1 1 1 1 1 1 1 1 1 1 1 1
ciMethod java/util/Collections$UnmodifiableMap forEach (Ljava/util/function/BiConsumer;)V 512 0 3290 0 0
ciInstanceKlass java/io/File$PathStatus 1 1 48 1 7 1 1 7 1 100 1 1 1 1 1 1 1 1 12 9 100 1 1 12 10 1 1 1 12 10 1 1 1 12 10 1 12 9 12 9 1 8 10 8 12 10 1 1 1 1
staticfield java/io/File$PathStatus INVALID Ljava/io/File$PathStatus; java/io/File$PathStatus
staticfield java/io/File$PathStatus CHECKED Ljava/io/File$PathStatus; java/io/File$PathStatus
staticfield java/io/File$PathStatus $VALUES [Ljava/io/File$PathStatus; 2 [Ljava/io/File$PathStatus;
instanceKlass java/io/WinNTFileSystem
ciInstanceKlass java/io/FileSystem 1 1 107 1 7 1 7 1 1 3 1 3 1 3 1 3 1 1 1 1 3 1 1 1 1 1 1 1 12 10 1 1 1 1 1 1 1 1 1 1 1 1 1 1 1 1 1 1 100 1 1 1 1 12 10 1 1 1 1 1 1 1 1 1 1 1 1 1 1 1 1 1 1 1 1 1 1 1 1 1 1 1 1 7 1 12 10 1 100 1 12 10 1 100 1 1 8 12 10 12 9 1 8 12 9 1 1 1 1
staticfield java/io/FileSystem useCanonCaches Z 0
staticfield java/io/FileSystem useCanonPrefixCache Z 0
ciMethod java/io/FileSystem normalize (Ljava/lang/String;)Ljava/lang/String; 0 0 1 0 -1
ciMethod java/io/FileSystem prefixLength (Ljava/lang/String;)I 0 0 1 0 -1
ciMethod java/io/FileSystem fromURIPath (Ljava/lang/String;)Ljava/lang/String; 0 0 1 0 -1
ciInstanceKlass java/io/WinNTFileSystem 1 1 483 1 7 1 7 1 100 1 100 1 1 1 1 1 1 1 1 1 1 1 1 1 1 1 1 12 10 1 7 1 1 12 10 1 8 1 7 1 1 12 10 1 7 1 1 12 10 12 9 1 8 12 9 12 9 1 8 1 12 10 12 9 1 12 9 1 100 10 12 9 1 12 9 12 9 1 1 1 1 1 1 12 10 1 7 10 1 1 12 10 1 12 10 1 1 12 10 1 1 1 1 1 12 10 1 12 10 1 12 10 1 1 12 10 1 12 10 12 10 10 10 12 10 1 1 1 1 1 1 12 10 1 100 1 1 12 10 1 12 10 1 1 8 1 1 12 10 1 8 1 1 12 10 1 1 1 7 1 12 10 1 12 10 1 1 100 1 1 12 10 12 9 1 8 1 12 10 1 100 1 1 12 10 1 100 1 12 10 1 100 1 1 100 1 12 10 12 10 1 12 10 1 12 10 1 1 12 10 1 7 1 1 12 10 1 100 1 1 12 10 1 8 12 10 1 100 1 8 10 1 12 10 12 10 1 1 12 10 12 9 12 10 1 1 100 1 7 1 1 12 10 1 12 10 1 1 12 10 1 100 1 12 10 1 12 10 1 12 10 1 12 9 1 1 12 10 10 1 12 10 1 12 10 1 12 10 1 1 1 12 10 1 1 1 12 10 1 1 1 12 10 1 1 12 10 1 1 1 12 10 1 1 12 10 1 1 1 12 10 1 1 12 10 1 1 1 12 10 1 1 12 10 1 1 12 10 1 12 10 1 1 1 12 10 1 1 1 12 10 1 100 1 1 12 10 1 1 12 10 1 16 1 1 12 10 15 16 1 100 1 1 12 10 15 1 1 12 18 1 100 1 1 12 11 1 16 1 12 10 15 16 1 1 12 18 1 100 1 1 12 11 1 1 12 10 15 16 1 12 18 1 1 12 11 1 100 1 1 1 1 12 10 1 1 12 10 1 1 12 10 1 12 11 11 1 8 12 10 1 1 1 12 10 1 1 7 1 1 12 9 1 1 12 10 12 10 3 1 12 10 1 1 8 1 12 10 1 100 1 1 12 9 10 1 12 10 12 10 1 1 1 1 1
staticfield java/io/WinNTFileSystem ENABLE_ADS Z 1
ciInstanceKlass java/net/URI$Parser 1 1 302 1 7 1 7 1 7 1 1 1 1 1 1 1 1 1 1 1 12 9 1 12 10 12 9 12 9 12 9 1 12 9 1 1 1 100 1 12 10 1 1 12 10 1 1 100 10 1 8 1 1 12 10 1 1 12 10 12 10 1 1 1 7 1 1 12 10 1 1 1 12 10 1 1 1 1 1 12 10 1 1 5 0 5 0 1 1 12 10 1 8 1 100 1 1 12 10 1 12 10 1 12 10 1 1 12 10 1 8 1 1 12 10 1 1 1 8 1 8 12 10 12 10 1 8 12 10 5 0 12 10 5 0 1 1 12 10 1 12 9 1 1 12 10 1 8 12 10 1 8 5 0 5 0 1 8 1 12 9 1 8 12 9 1 8 1 12 10 1 8 1 8 5 0 5 0 1 8 12 9 1 8 12 9 1 8 5 0 5 0 12 9 1 12 10 1 8 1 12 9 1 12 9 1 12 9 1 8 1 100 1 8 5 0 1 8 1 8 1 12 10 1 8 12 10 5 0 5 0 1 8 1 8 1 12 10 1 12 10 1 8 1 8 1 100 1 1 12 10 1 8 1 1 1 12 10 12 10 1 8 1 12 10 1 100 5 0 1 8 1 8 1 12 10 1 8 12 10 1 12 10 1 8 12 10 1 8 1 8 1 8 1 8 1 8 1 8 1 1 1 1 1
ciMethod java/net/URI$Parser parse (Z)V 1024 0 11830 0 8288
ciMethod java/net/URI$Parser <init> (Ljava/net/URI;Ljava/lang/String;)V 1024 0 12011 0 736
ciMethod java/net/URI$Parser at (IIC)Z 528 0 70875 0 -1
ciMethod java/net/URI$Parser fail (Ljava/lang/String;I)V 0 0 1 0 -1
ciMethod java/net/URI$Parser scan (IILjava/lang/String;)I 256 12974 1458 0 -1
ciMethod java/net/URI$Parser scan (IILjava/lang/String;Ljava/lang/String;)I 516 2678 3383 0 -1
ciMethod java/net/URI$Parser failExpecting (Ljava/lang/String;I)V 0 0 1 0 -1
ciMethod java/net/URI$Parser checkChars (IIJJLjava/lang/String;)V 512 0 5468 0 -1
ciMethod java/net/URI$Parser checkChar (IJJLjava/lang/String;)V 806 0 7580 0 -1
ciMethod java/net/URI$Parser parseHierarchical (II)I 1024 0 11830 0 -1
ciInstanceKlass java/lang/invoke/BoundMethodHandle$Species_LL 1 1 73 1 7 1 7 1 1 1 1 1 1 1 1 12 9 1 1 1 12 10 12 9 12 9 1 1 12 10 1 1 1 100 1 7 1 1 12 10 1 7 1 1 12 10 1 1 1 12 10 1 1 1 12 10 1 1 1 12 10 1 1 1 12 10 1 1 1 12 10 1 1 1 1
ciInstanceKlass java/nio/HeapCharBuffer 1 1 195 1 7 1 7 1 100 1 1 1 1 1 1 1 1 12 10 12 9 1 12 9 1 1 12 9 1 1 1 1 12 10 1 12 10 1 1 12 9 1 1 12 9 1 1 12 9 12 10 1 1 100 1 1 12 10 1 1 12 10 1 12 10 1 10 1 1 1 1 1 12 10 12 10 1 1 12 10 1 1 1 1 12 10 1 100 12 10 1 100 1 1 12 10 1 12 10 1 1 1 1 1 1 1 12 10 1 1 100 10 1 12 10 1 12 10 1 1 7 1 12 10 1 1 12 10 1 12 9 1 100 10 12 10 1 12 10 1 1 1 100 1 12 10 1 100 10 1 1 12 10 1 1 1 7 1 12 10 1 12 10 1 12 10 1 12 10 1 12 10 12 10 1 1 7 1 12 10 1 1 12 9 7 1 7 1 1 12 10 1 12 10 1 1 1
staticfield java/nio/HeapCharBuffer ARRAY_BASE_OFFSET J 16
staticfield java/nio/HeapCharBuffer ARRAY_INDEX_SCALE J 2
staticfield java/nio/HeapCharBuffer $assertionsDisabled Z 1
ciMethod java/util/Collections synchronizedSet (Ljava/util/Set;Ljava/lang/Object;)Ljava/util/Set; 518 0 4287 0 0
ciMethod java/util/HashMap getNode (Ljava/lang/Object;)Ljava/util/HashMap$Node; 1024 28 12805 0 672
ciMethod java/util/HashMap resize ()[Ljava/util/HashMap$Node; 26 568 2529 0 3552
ciMethod java/util/HashMap treeifyBin ([Ljava/util/HashMap$Node;I)V 0 0 1 0 -1
ciMethod java/util/HashMap putVal (ILjava/lang/Object;Ljava/lang/Object;ZZ)Ljava/lang/Object; 538 76 28950 0 2016
ciMethod java/util/HashMap hash (Ljava/lang/Object;)I 514 0 44937 0 192
ciMethod java/util/HashMap <init> ()V 526 0 19270 0 64
ciMethod java/util/HashMap <init> (I)V 1024 0 22502 0 -1
ciMethod java/util/concurrent/ConcurrentHashMap transfer ([Ljava/util/concurrent/ConcurrentHashMap$Node;[Ljava/util/concurrent/ConcurrentHashMap$Node;)V 0 0 97 0 -1
ciMethod java/util/concurrent/ConcurrentHashMap resizeStamp (I)I 0 0 182 0 -1
ciMethod java/util/concurrent/ConcurrentHashMap tryPresize (I)V 512 486 3315 0 0
ciMethod java/util/concurrent/ConcurrentHashMap addCount (JI)V 520 0 5542 0 -1
ciMethod java/util/concurrent/ConcurrentHashMap treeifyBin ([Ljava/util/concurrent/ConcurrentHashMap$Node;I)V 0 0 1 0 -1
ciMethod java/util/concurrent/ConcurrentHashMap helpTransfer ([Ljava/util/concurrent/ConcurrentHashMap$Node;Ljava/util/concurrent/ConcurrentHashMap$Node;)[Ljava/util/concurrent/ConcurrentHashMap$Node; 0 0 1 0 -1
ciMethod java/util/concurrent/ConcurrentHashMap initTable ()[Ljava/util/concurrent/ConcurrentHashMap$Node; 16 0 243 0 -1
ciMethod java/util/concurrent/ConcurrentHashMap putVal (Ljava/lang/Object;Ljava/lang/Object;Z)Ljava/lang/Object; 528 18 16806 0 -1
ciMethod java/util/concurrent/ConcurrentHashMap sumCount ()J 0 0 5126 0 96
ciMethod java/util/concurrent/ConcurrentHashMap casTabAt ([Ljava/util/concurrent/ConcurrentHashMap$Node;ILjava/util/concurrent/ConcurrentHashMap$Node;Ljava/util/concurrent/ConcurrentHashMap$Node;)Z 512 0 1695 0 -1
ciMethod java/util/concurrent/ConcurrentHashMap tabAt ([Ljava/util/concurrent/ConcurrentHashMap$Node;I)Ljava/util/concurrent/ConcurrentHashMap$Node; 624 0 7237 0 64
ciMethod java/util/concurrent/ConcurrentHashMap spread (I)I 718 0 23465 0 -1
ciMethod java/util/concurrent/ConcurrentHashMap tableSizeFor (I)I 512 0 6713 0 0
ciMethod java/util/concurrent/ConcurrentHashMap <init> (I)V 512 0 3389 0 0
ciMethod java/util/concurrent/ConcurrentHashMap <init> (IFI)V 512 0 3398 0 0
ciMethod java/util/AbstractMap <init> ()V 678 0 35893 0 0
ciMethod java/util/Arrays asList ([Ljava/lang/Object;)Ljava/util/List; 72 0 5506 0 -1
ciMethod java/lang/StringConcatHelper stringOf (Ljava/lang/Object;)Ljava/lang/String; 512 0 190755 0 128
ciMethod java/lang/StringConcatHelper prepend (J[BLjava/lang/String;)J 768 0 63958 0 576
ciMethod java/lang/StringConcatHelper checkOverflow (J)J 512 0 23699 0 0
ciMethod java/lang/StringConcatHelper mix (JLjava/lang/String;)J 512 0 23301 0 160
ciMethod java/lang/StringConcatHelper initialCoder ()J 512 0 98801 0 0
ciMethod java/lang/StringConcatHelper simpleConcat (Ljava/lang/Object;Ljava/lang/Object;)Ljava/lang/String; 512 0 98968 0 -1
ciMethod java/lang/StringConcatHelper newString ([BJ)Ljava/lang/String; 512 0 36187 0 288
ciMethod java/lang/StringConcatHelper newArray (J)[B 380 0 100827 0 -1
ciMethod jdk/internal/misc/Unsafe allocateUninitializedArray (Ljava/lang/Class;I)Ljava/lang/Object; 384 0 5444 0 384
ciMethod jdk/internal/misc/Unsafe compareAndSetInt (Ljava/lang/Object;JII)Z 512 0 256 0 -1
ciMethod jdk/internal/misc/Unsafe getReferenceAcquire (Ljava/lang/Object;J)Ljava/lang/Object; 624 0 7237 0 -1
ciMethod jdk/internal/misc/Unsafe storeFence ()V 512 0 1075 0 -1
ciMethod jdk/internal/misc/Unsafe allocateUninitializedArray0 (Ljava/lang/Class;I)Ljava/lang/Object; 514 0 5441 0 -1
ciMethod jdk/internal/misc/Unsafe allocateInstance (Ljava/lang/Class;)Ljava/lang/Object; 512 0 256 0 -1
ciMethod java/util/Iterator next ()Ljava/lang/Object; 0 0 1 0 -1
ciMethod java/util/Iterator hasNext ()Z 0 0 1 0 -1
ciMethod java/util/Set iterator ()Ljava/util/Iterator; 0 0 1 0 -1
ciMethod java/util/Properties <init> ()V 512 0 3355 0 0
ciMethod java/util/Properties <init> (Ljava/util/Properties;I)V 512 0 3357 0 0
ciMethod java/util/Hashtable <init> (Ljava/lang/Void;)V 512 0 3357 0 0
ciMethod java/util/Dictionary <init> ()V 768 0 3575 0 0
ciMethod java/lang/CharSequence toString ()Ljava/lang/String; 0 0 1 0 -1
ciMethod java/lang/String toCharArray ()[C 532 0 15972 0 -1
ciMethod java/lang/String contains (Ljava/lang/CharSequence;)Z 512 0 5699 0 0
ciMethod java/lang/String replace (CC)Ljava/lang/String; 512 0 6680 0 -1
ciMethod java/lang/String substring (II)Ljava/lang/String; 522 0 11586 0 -1
ciMethod java/lang/String startsWith (Ljava/lang/String;)Z 210 0 69655 0 -1
ciMethod java/lang/String regionMatches (ILjava/lang/String;II)Z 0 0 2 0 -1
ciMethod java/lang/String regionMatches (ZILjava/lang/String;II)Z 142 0 5220 0 1184
ciMethod java/lang/String equalsIgnoreCase (Ljava/lang/String;)Z 598 0 5710 0 192
ciMethod java/lang/String getBytes ([BIB)V 540 0 14002 0 480
ciMethod java/lang/String isLatin1 ()Z 814 0 5726002 0 96
ciMethod java/lang/String coder ()B 964 0 2032774 0 64
ciMethod java/lang/String valueOf (Ljava/lang/Object;)Ljava/lang/String; 564 0 52191 0 128
ciMethod java/lang/String indexOf (Ljava/lang/String;)I 516 0 6402 0 512
ciMethod java/lang/String indexOf (I)I 780 0 261381 0 384
ciMethod java/lang/String indexOf (II)I 706 0 324202 0 480
ciMethod java/lang/String <init> (Ljava/lang/String;)V 2 0 319 0 -1
ciMethod java/lang/String <init> ([CII)V 242 0 14836 0 -1
ciMethod java/lang/String <init> ([BB)V 778 0 61551 0 256
ciMethod java/util/Map containsKey (Ljava/lang/Object;)Z 0 0 1 0 -1
ciMethod java/util/Map putAll (Ljava/util/Map;)V 0 0 1 0 -1
ciMethod java/util/Map entrySet ()Ljava/util/Set; 0 0 1 0 -1
ciMethod java/util/Map isEmpty ()Z 0 0 1 0 -1
ciMethod java/util/Map values ()Ljava/util/Collection; 0 0 1 0 -1
ciMethod java/util/Map put (Ljava/lang/Object;Ljava/lang/Object;)Ljava/lang/Object; 0 0 1 0 -1
ciMethod java/util/Map get (Ljava/lang/Object;)Ljava/lang/Object; 0 0 1 0 -1
ciMethod java/util/Map size ()I 0 0 1 0 -1
ciMethod java/util/Map$Entry getKey ()Ljava/lang/Object; 0 0 1 0 -1
ciMethod java/util/Map$Entry getValue ()Ljava/lang/Object; 0 0 1 0 -1
ciMethod java/lang/Object getClass ()Ljava/lang/Class; 512 0 256 0 -1
ciMethod java/lang/Object <init> ()V 1024 0 1564639 0 64
ciInstanceKlass  @bci org/python/pydev/pydev_lsp/PyDevCodeAnalysis run ()V 105 <appendix> form vmentry <vmtarget> ; 1 1 49 1 7 1 100 1 1 1 1 1 1 1 7 1 1 12 9 1 12 9 1 7 1 12 10 1 1 1 1 1 7 1 1 12 10 1 7 1 1 12 11 1 7 12 9 1 1 1 1
staticfield  @bci org/python/pydev/pydev_lsp/PyDevCodeAnalysis run ()V 105 <appendix> form vmentry <vmtarget> ; _D_0 Ljava/lang/invoke/LambdaForm; java/lang/invoke/LambdaForm
ciInstanceKlass jdk/internal/loader/AbstractClassLoaderValue$Sub 1 1 62 1 7 1 1 7 1 1 1 1 1 1 1 1 1 12 9 1 12 10 12 9 1 1 1 1 1 1 1 1 1 7 1 1 12 10 1 1 12 10 12 10 12 10 1 7 10 1 12 10 1 1 12 10 1 12 10 1 1 1 1 1
ciInstanceKlass java/util/NoSuchElementException 0 0 24 1 100 1 100 1 1 5 0 1 1 12 10 1 12 10 1 12 10 1 12 10 1 1
ciInstanceKlass java/lang/AssertionError 0 0 62 1 100 1 100 1 1 5 0 1 1 12 10 1 12 10 1 1 100 1 1 12 10 10 1 100 1 1 12 10 1 100 1 1 12 10 1 1 12 10 1 1 12 10 1 1 12 10 1 1 12 10 1 1 12 10 1 12 10 1 1 1
instanceKlass org/python/pydev/shared_core/structure/LinkedListWarningOnSlowOperations
ciInstanceKlass java/util/LinkedList 1 1 299 1 7 1 1 7 1 100 1 100 1 100 1 100 1 100 1 100 1 7 1 7 1 1 1 1 1 1 1 1 1 1 1 1 5 0 1 1 12 10 12 9 1 1 10 1 1 12 10 1 1 1 12 9 1 12 10 12 9 1 12 9 1 12 9 1 1 12 9 1 1 1 1 1 1 1 1 12 9 1 7 1 1 1 1 1 1 100 10 1 1 12 10 1 12 10 1 12 10 1 12 10 1 1 1 1 12 10 1 1 1 1 12 10 1 12 10 1 1 12 10 1 1 1 12 10 1 7 1 1 12 11 1 7 1 1 12 10 1 1 1 1 1 12 10 1 1 1 1 1 12 10 1 1 1 1 1 1 100 10 1 8 1 1 12 10 1 12 10 1 8 1 1 12 10 12 10 1 100 12 10 1 12 10 12 10 1 1 1 1 12 10 1 12 10 1 12 10 1 12 10 1 12 10 1 1 1 1 1 1 1 12 10 1 1 1 1 1 12 10 1 1 1 1 12 10 1 1 1 1 100 1 12 10 1 100 1 12 10 12 10 1 1 1 1 12 10 1 7 1 12 10 1 7 1 1 12 10 1 1 1 100 1 100 1 12 10 1 12 10 12 10 1 1 1 100 1 100 1 12 10 1 12 10 12 10 1 1 1 1 12 10 1 1 1 1 1 1 1
ciInstanceKlass java/util/ConcurrentModificationException 0 0 24 1 100 1 100 1 1 5 0 1 1 12 10 1 12 10 1 12 10 1 12 10 1 1
ciInstanceKlass java/net/URISyntaxException 0 0 65 1 100 1 100 1 1 5 0 1 1 1 1 1 1 1 12 10 1 100 1 100 1 12 10 1 100 10 12 9 12 9 1 12 10 1 1 1 1 12 10 1 1 1 100 10 12 10 1 1 12 10 1 8 1 12 10 1 8 1 12 10 1 1 1
ciInstanceKlass sun/security/util/ObjectIdentifier 1 1 341 1 7 1 7 1 100 1 100 1 1 1 3 1 1 1 1 1 1 5 0 1 1 1 1 1 1 1 1 1 1 1 1 100 1 100 1 100 1 1 12 10 12 9 12 9 1 100 12 9 1 1 12 10 1 1 12 10 1 1 12 10 1 1 12 9 1 1 12 10 1 1 12 9 1 100 1 12 10 1 1 1 100 12 10 1 7 1 1 12 10 100 1 1 12 10 1 1 12 10 1 12 10 1 100 12 10 1 1 12 10 1 12 10 1 1 12 10 1 1 12 10 1 1 12 10 1 12 10 1 1 12 10 1 7 1 1 12 10 12 10 1 12 10 12 10 1 12 10 1 12 10 1 7 1 1 12 10 12 9 1 7 10 1 8 1 1 12 10 1 1 12 10 10 1 12 10 1 1 100 1 1 12 10 1 100 1 1 12 10 3 1 1 12 9 1 7 1 1 12 10 10 1 1 12 10 1 1 7 1 12 10 1 100 1 12 10 1 1 1 7 1 1 12 10 1 1 1 7 1 12 10 1 1 12 10 1 1 12 10 1 12 10 5 0 1 12 10 5 0 1 1 12 10 1 1 12 10 12 10 1 12 10 1 8 1 12 10 1 12 10 12 9 1 100 1 8 1 12 10 1 8 1 1 12 10 1 1 12 10 1 1 12 10 1 8 10 1 8 1 8 1 8 1 12 10 1 1 12 9 1 8 5 0 1 8 1 8 1 8 1 8 1 8 1 8 1 1 7 1 1 12 10 10 1 1 1 1 1 1 1
staticfield sun/security/util/ObjectIdentifier $assertionsDisabled Z 1
ciInstanceKlass sun/security/x509/AlgorithmId 1 1 545 1 7 1 7 1 100 1 100 1 1 5 0 1 1 1 1 1 1 1 1 1 1 1 1 1 1 1 1 1 1 1 1 1 1 1 1 1 1 1 1 1 1 1 1 1 1 1 1 1 1 1 12 10 1 12 9 1 1 100 12 9 1 100 1 1 12 10 12 9 1 7 1 1 7 1 12 10 1 12 10 1 100 1 1 12 10 1 1 12 10 1 100 100 1 1 12 10 1 1 12 10 1 1 1 1 12 10 1 7 10 1 12 10 12 9 1 1 12 10 12 9 12 9 12 9 12 9 12 9 12 9 12 9 12 9 12 9 1 12 10 1 12 10 1 12 10 10 1 7 10 1 1 1 12 10 1 7 1 1 12 10 1 1 12 9 12 10 1 1 12 10 1 100 10 1 8 1 8 1 1 12 10 1 1 12 10 1 8 10 1 12 9 10 1 12 10 1 12 10 1 100 1 1 12 11 1 1 1 1 12 10 10 1 1 7 1 12 10 12 10 1 12 10 1 1 12 10 1 12 10 1 1 8 1 8 12 10 1 1 12 9 1 8 1 12 10 1 1 12 10 1 7 12 10 1 12 10 1 1 12 10 1 12 10 1 8 1 8 12 10 1 1 12 10 1 1 12 10 1 8 10 1 8 12 10 1 1 12 10 12 10 1 8 1 1 12 10 10 1 1 12 10 1 1 12 10 1 8 1 1 12 10 1 100 1 1 12 9 1 1 12 10 12 10 1 12 9 1 1 1 12 10 1 100 1 1 1 100 10 1 1 12 10 1 100 1 1 12 10 1 100 10 1 8 1 8 1 8 1 8 1 8 1 8 1 8 1 8 1 8 1 8 1 8 1 1 100 10 1 100 1 1 12 10 1 100 12 10 1 1 12 10 1 100 1 1 12 11 1 100 1 1 12 11 1 12 11 1 8 1 1 12 10 1 1 12 10 1 1 12 10 1 1 12 9 12 9 1 12 9 12 9 1 12 9 12 9 1 12 9 12 9 1 12 9 12 9 1 12 9 12 9 1 12 9 12 9 1 12 9 12 9 1 12 9 12 9 1 12 9 12 9 1 12 9 12 9 1 12 9 12 9 1 12 9 12 9 1 12 9 12 9 1 12 9 12 9 1 12 9 12 9 1 12 9 1 12 9 12 9 1 12 9 1 12 9 1 12 9 1 12 9 1 12 9 1 12 9 1 12 9 1 12 9 1 12 9 1 1 1 1 1 1 1
staticfield sun/security/x509/AlgorithmId MD2_oid Lsun/security/util/ObjectIdentifier; sun/security/util/ObjectIdentifier
staticfield sun/security/x509/AlgorithmId MD5_oid Lsun/security/util/ObjectIdentifier; sun/security/util/ObjectIdentifier
staticfield sun/security/x509/AlgorithmId SHA_oid Lsun/security/util/ObjectIdentifier; sun/security/util/ObjectIdentifier
staticfield sun/security/x509/AlgorithmId SHA224_oid Lsun/security/util/ObjectIdentifier; sun/security/util/ObjectIdentifier
staticfield sun/security/x509/AlgorithmId SHA256_oid Lsun/security/util/ObjectIdentifier; sun/security/util/ObjectIdentifier
staticfield sun/security/x509/AlgorithmId SHA384_oid Lsun/security/util/ObjectIdentifier; sun/security/util/ObjectIdentifier
staticfield sun/security/x509/AlgorithmId SHA512_oid Lsun/security/util/ObjectIdentifier; sun/security/util/ObjectIdentifier
staticfield sun/security/x509/AlgorithmId SHA512_224_oid Lsun/security/util/ObjectIdentifier; sun/security/util/ObjectIdentifier
staticfield sun/security/x509/AlgorithmId SHA512_256_oid Lsun/security/util/ObjectIdentifier; sun/security/util/ObjectIdentifier
staticfield sun/security/x509/AlgorithmId SHA3_224_oid Lsun/security/util/ObjectIdentifier; sun/security/util/ObjectIdentifier
staticfield sun/security/x509/AlgorithmId SHA3_256_oid Lsun/security/util/ObjectIdentifier; sun/security/util/ObjectIdentifier
staticfield sun/security/x509/AlgorithmId SHA3_384_oid Lsun/security/util/ObjectIdentifier; sun/security/util/ObjectIdentifier
staticfield sun/security/x509/AlgorithmId SHA3_512_oid Lsun/security/util/ObjectIdentifier; sun/security/util/ObjectIdentifier
staticfield sun/security/x509/AlgorithmId DSA_oid Lsun/security/util/ObjectIdentifier; sun/security/util/ObjectIdentifier
staticfield sun/security/x509/AlgorithmId EC_oid Lsun/security/util/ObjectIdentifier; sun/security/util/ObjectIdentifier
staticfield sun/security/x509/AlgorithmId RSAEncryption_oid Lsun/security/util/ObjectIdentifier; sun/security/util/ObjectIdentifier
staticfield sun/security/x509/AlgorithmId RSASSA_PSS_oid Lsun/security/util/ObjectIdentifier; sun/security/util/ObjectIdentifier
staticfield sun/security/x509/AlgorithmId MGF1_oid Lsun/security/util/ObjectIdentifier; sun/security/util/ObjectIdentifier
staticfield sun/security/x509/AlgorithmId ed25519_oid Lsun/security/util/ObjectIdentifier; sun/security/util/ObjectIdentifier
staticfield sun/security/x509/AlgorithmId ed448_oid Lsun/security/util/ObjectIdentifier; sun/security/util/ObjectIdentifier
staticfield sun/security/x509/AlgorithmId x25519_oid Lsun/security/util/ObjectIdentifier; sun/security/util/ObjectIdentifier
staticfield sun/security/x509/AlgorithmId x448_oid Lsun/security/util/ObjectIdentifier; sun/security/util/ObjectIdentifier
staticfield sun/security/x509/AlgorithmId SHA1withECDSA_oid Lsun/security/util/ObjectIdentifier; sun/security/util/ObjectIdentifier
staticfield sun/security/x509/AlgorithmId SHA224withECDSA_oid Lsun/security/util/ObjectIdentifier; sun/security/util/ObjectIdentifier
staticfield sun/security/x509/AlgorithmId SHA256withECDSA_oid Lsun/security/util/ObjectIdentifier; sun/security/util/ObjectIdentifier
staticfield sun/security/x509/AlgorithmId SHA384withECDSA_oid Lsun/security/util/ObjectIdentifier; sun/security/util/ObjectIdentifier
staticfield sun/security/x509/AlgorithmId SHA512withECDSA_oid Lsun/security/util/ObjectIdentifier; sun/security/util/ObjectIdentifier
instanceKlass java/nio/file/ClosedWatchServiceException
instanceKlass java/util/concurrent/CancellationException
instanceKlass java/nio/channels/OverlappingFileLockException
ciInstanceKlass java/lang/IllegalStateException 1 1 24 1 100 1 7 1 1 5 0 1 1 12 10 1 12 10 1 12 10 1 12 10 1 1
instanceKlass org/eclipse/osgi/internal/framework/EquinoxBundle$SystemBundle
ciInstanceKlass org/eclipse/osgi/internal/framework/EquinoxBundle 1 1 949 7 1 7 1 100 1 100 1 1 1 1 1 1 1 1 1 1 1 1 1 1 1 1 10 12 1 9 12 9 12 10 12 1 1 9 12 1 1 1 1 1 1 1 1 1 7 1 10 12 1 1 1 1 1 1 1 1 1 1 1 100 1 10 1 1 10 12 1 1 11 1 1 1 1 1 1 1 10 12 1 10 7 1 12 1 10 7 1 12 1 100 1 100 1 8 1 10 12 1 10 12 1 1 10 12 1 1 10 1 1 1 100 1 10 7 1 12 1 1 10 7 1 12 1 1 9 7 1 12 1 1 100 1 8 1 10 10 12 1 1 10 12 1 1 10 12 1 1 7 1 7 1 10 12 9 12 1 1 11 7 1 12 1 1 9 12 1 11 12 1 11 12 1 1 7 1 1 1 1 10 12 1 8 1 10 12 1 1 10 12 1 100 1 9 12 1 10 12 1 1 10 12 1 1 10 7 1 12 1 9 12 1 1 1 1 10 12 1 10 12 1 1 10 12 1 1 10 7 1 12 1 1 1 1 10 12 1 8 1 10 12 1 1 1 10 12 1 1 10 7 1 12 1 1 7 1 10 1 1 10 12 1 1 10 7 1 12 1 1 10 12 1 1 10 12 1 1 1 10 12 1 10 12 1 1 10 12 1 1 10 100 1 12 1 7 1 100 1 1 10 12 1 10 12 1 1 100 1 10 7 1 12 1 1 100 1 7 1 100 1 10 12 1 10 100 1 12 1 1 10 12 1 1 1 1 1 1 1 1 1 1 1 1 1 8 1 10 12 1 1 10 12 1 1 10 7 1 12 100 1 10 12 1 10 12 1 100 1 1 1 1 1 1 10 12 1 1 10 12 1 1 100 1 1 8 1 10 12 1 8 1 10 10 7 1 12 1 10 12 1 1 10 100 1 12 1 1 10 12 9 12 1 9 12 1 1 10 12 1 9 12 1 10 12 1 1 8 1 10 12 1 10 100 1 12 1 1 8 1 1 1 1 1 10 12 1 1 9 12 1 10 7 1 12 1 11 100 1 12 1 1 10 12 1 1 10 12 1 10 100 1 12 1 1 7 1 10 12 1 10 7 1 12 1 1 1 1 1 1 1 1 100 1 1 10 12 10 12 1 11 100 1 12 1 1 1 1 1 10 12 1 1 10 12 1 1 10 100 1 12 1 1 10 12 1 10 12 1 1 1 10 12 1 1 10 12 1 1 1 7 1 1 1 8 10 12 1 9 12 9 12 1 10 12 1 100 1 1 1 1 10 12 1 1 11 100 1 12 1 1 10 100 1 12 1 1 100 1 10 11 100 1 12 1 11 12 1 1 10 100 1 11 11 100 1 12 1 1 1 1 1 1 1 1 1 1 1 1 1 1 1 1 1 100 100 1 1 1 10 12 1 1 10 12 1 1 1 1 1 10 12 1 1 10 100 1 12 1 10 12 10 7 1 10 12 7 1 9 12 1 7 1 10 12 1 1 7 1 7 1 10 12 1 1 7 1 10 10 100 1 12 1 1 10 7 1 10 12 1 1 7 1 10 12 1 1 7 1 10 12 1 1 7 1 10 12 1 1 7 1 10 12 1 1 7 1 10 12 1 1 7 1 7 1 10 12 1 10 12 1 1 7 1 10 12 1 1 100 1 10 12 10 12 1 1 100 1 10 12 1 1 100 1 100 1 10 10 12 1 11 12 1 1 11 7 1 12 1 10 100 1 12 1 11 100 1 11 12 1 10 12 1 1 11 10 12 1 1 100 1 10 12 1 1 1 1 1 1 1 1 1 1 1 1 1 1 10 12 1 1 11 100 1 12 1 100 1 100 1 100 1 100 1 100 1 1 1 1 100 1 10 12 1 8 10 12 1 10 12 1 1 1 10 12 1 1 10 100 1 12 1 8 1 10 12 1 1 8 1 10 10 12 10 12 1 1 10 12 10 12 1 1 10 12 1 1 8 1 10 7 1 12 1 1 7 1 10 12 1 1 1 1 1 1 1 1 10 8 1 10 12 1 1 10 12 1 10 8 1 10 12 1 10 12 1 8 1 1 10 12 9 12 10 12 1 1 9 12 1 9 12 1 9 12 1 9 12 1 9 12 1 100 1 100 1 1 1 100 1 1 1 1 1 1 100 1 1 1
instanceKlass org/eclipse/debug/core/DebugException
instanceKlass org/eclipse/core/internal/resources/ResourceException
ciInstanceKlass org/eclipse/core/runtime/CoreException 1 1 72 7 1 7 1 1 1 1 5 0 1 1 1 1 1 11 7 1 12 1 1 10 12 1 9 12 1 1 1 1 1 1 11 12 1 1 1 1 1 9 100 1 12 1 1 10 12 1 10 10 100 1 12 1 1 1 1 100 1 100 1 1 10 12 10 12 1 1 100 1 1 1
ciInstanceKlass org/eclipse/core/runtime/IPath 1 1 137 7 1 100 1 100 1 1 1 1 3 1 3 1 1 1 1 1 1 10 7 1 12 1 1 9 12 10 12 1 9 12 1 1 1 1 7 1 10 12 1 1 1 1 1 10 12 1 1 1 10 12 1 1 1 1 1 1 10 100 1 12 1 1 11 12 1 1 1 1 11 100 1 1 1 1 1 1 1 1 1 1 1 1 1 1 1 1 1 1 1 1 1 1 1 1 1 1 1 1 1 1 1 1 1 1 1 1 1 1 1 1 1 1 1 1 1 1 1 1 1 11 12 1 100 1 11 12 1 1 1 1 1 1 1 1 1
staticfield org/eclipse/core/runtime/IPath EMPTY Lorg/eclipse/core/runtime/IPath; org/eclipse/core/runtime/Path
staticfield org/eclipse/core/runtime/IPath ROOT Lorg/eclipse/core/runtime/IPath; org/eclipse/core/runtime/Path
ciInstanceKlass org/eclipse/core/runtime/Path$Constants 1 1 54 7 1 100 1 1 1 1 1 1 1 1 1 1 1 9 7 1 12 1 1 9 12 7 1 9 12 7 1 8 1 10 12 1 1 9 12 8 1 9 12 1 1 1 10 12 1 1 1 1 1 1 1 1
staticfield org/eclipse/core/runtime/Path$Constants RUNNING_ON_WINDOWS Z 1
staticfield org/eclipse/core/runtime/Path$Constants NO_SEGMENTS [Ljava/lang/String; 0 [Ljava/lang/String;
ciInstanceKlass org/eclipse/core/runtime/Path 1 1 468 7 1 7 1 7 1 100 1 1 1 1 3 1 3 1 3 1 3 1 3 1 1 1 1 1 1 1 1 1 1 1 1 1 10 7 1 12 1 1 9 12 10 12 1 9 12 1 1 1 1 11 12 1 1 11 12 1 10 7 1 12 1 1 9 12 1 1 10 12 1 1 10 12 1 1 10 12 1 1 10 12 1 1 10 12 1 1 10 12 1 1 1 1 1 1 1 1 1 100 1 1 11 12 1 1 11 12 1 10 12 1 1 1 10 12 1 1 1 10 12 1 1 10 12 8 1 10 12 1 1 10 7 1 12 1 1 10 12 1 1 10 12 1 1 10 12 1 1 10 12 1 1 9 12 9 12 9 12 1 1 1 1 1 7 1 1 10 12 1 1 10 12 1 10 12 1 10 12 1 1 10 7 1 12 1 1 18 12 1 10 12 1 1 1 1 1 1 1 1 11 12 1 8 1 11 12 1 11 12 1 11 12 1 10 12 1 11 12 1 1 11 12 1 11 12 1 1 8 1 10 12 1 1 8 1 10 12 1 11 1 1 1 1 1 10 12 1 1 10 12 1 10 12 1 1 1 10 12 100 1 1 1 1 1 8 1 10 12 1 1 1 1 1 1 1 1 1 1 10 12 1 1 1 1 1 10 12 1 1 10 12 9 12 1 1 1 1 1 1 1 10 100 1 12 1 1 1 1 1 1 1 1 1 1 1 10 12 1 10 12 1 10 12 9 12 10 12 1 1 1 1 1 1 11 12 10 12 1 11 1 1 10 12 1 1 1 10 10 10 12 1 1 1 1 1 1 10 12 1 1 10 12 1 1 10 100 1 12 1 1 1 1 1 1 1 1 10 100 1 12 1 1 1 10 12 8 1 10 12 11 12 1 10 12 1 1 10 12 1 1 1 1 8 1 10 12 1 1 1 1 1 7 1 10 12 1 10 12 10 12 9 12 1 10 12 1 1 10 12 1 1 1 1 1 10 12 1 10 12 1 10 12 10 12 1 1 8 1 1 1 1 10 7 1 12 1 15 8 1 1 100 1 100 1 1 1 1
staticfield org/eclipse/core/runtime/Path EMPTY Lorg/eclipse/core/runtime/Path; org/eclipse/core/runtime/Path
staticfield org/eclipse/core/runtime/Path ROOT Lorg/eclipse/core/runtime/Path; org/eclipse/core/runtime/Path
ciInstanceKlass org/eclipse/core/runtime/QualifiedName 1 1 81 7 1 7 1 1 1 1 1 1 1 10 12 1 9 12 9 12 10 7 1 12 1 1 10 7 1 12 1 1 1 1 1 1 1 1 1 10 12 1 1 10 12 10 12 1 1 1 1 1 10 12 1 8 1 18 12 1 1 18 12 1 1 1 1 10 100 1 12 1 15 8 1 8 1 1 100 1 100 1 1
instanceKlass org/eclipse/core/internal/resources/BuildConfiguration
instanceKlass org/eclipse/debug/internal/core/LaunchManager
instanceKlass org/eclipse/core/internal/events/ResourceDelta
instanceKlass org/eclipse/core/internal/resources/Marker
instanceKlass org/eclipse/core/filesystem/provider/FileStore
instanceKlass org/eclipse/core/filesystem/provider/FileSystem
instanceKlass org/eclipse/core/internal/resources/Resource
instanceKlass org/eclipse/core/internal/resources/Workspace
instanceKlass org/eclipse/core/internal/jobs/InternalJob
ciInstanceKlass org/eclipse/core/runtime/PlatformObject 1 1 35 100 1 7 1 100 1 1 1 1 10 12 1 1 1 1 1 1 1 1 10 100 1 12 1 1 10 12 1 1 1 1 1 1 1
ciInstanceKlass org/eclipse/core/runtime/IProgressMonitor 1 1 56 100 1 100 1 1 1 1 3 1 1 1 1 1 1 1 1 1 1 1 1 1 1 1 1 1 1 1 1 1 1 1 1 1 1 1 100 1 10 12 1 1 1 1 11 12 1 1 1 1 100 1 10 12 1 1
ciInstanceKlass org/eclipse/core/runtime/IExtensionRegistry 1 0 48 100 1 100 1 1 1 1 1 1 1 1 1 1 1 1 1 1 1 1 1 1 1 1 1 1 1 1 1 1 1 1 100 1 1 1 1 1 1 1 1 1 1 1 1 1 1 1
ciInstanceKlass org/eclipse/core/runtime/IExtension 1 0 29 100 1 100 1 1 1 1 100 1 1 1 1 1 1 1 1 1 1 1 1 1 1 1 1 1 1 1 1
ciInstanceKlass org/eclipse/core/runtime/IExtensionPoint 1 0 31 100 1 100 1 1 1 1 100 1 1 1 1 1 1 1 1 1 1 1 1 1 1 1 1 1 1 1 1 1 1
ciInstanceKlass org/eclipse/core/runtime/IConfigurationElement 1 0 44 100 1 100 1 1 1 1 100 1 1 1 100 1 1 1 1 1 1 1 1 1 1 1 1 1 1 1 1 1 1 1 1 1 1 1 1 1 1 1 1 1 1 1
ciInstanceKlass org/eclipse/core/runtime/Platform 1 1 477 7 1 100 1 1 1 1 8 1 1 8 1 1 8 1 1 8 1 1 8 1 1 8 1 1 8 1 1 8 1 1 1 3 1 3 1 1 3 1 3 1 3 1 1 3 1 8 1 1 8 1 1 8 1 1 1 1 1 8 1 1 8 1 1 8 1 1 8 1 1 8 1 1 8 1 1 8 1 1 8 1 1 8 1 1 8 1 1 8 1 1 1 8 1 1 8 1 1 1 8 1 1 8 1 1 8 1 1 8 1 1 8 1 1 8 1 1 1 1 1 8 1 1 8 1 1 1 1 1 1 9 7 1 12 1 9 12 9 12 1 9 12 8 1 10 7 1 12 1 1 10 7 1 12 1 1 10 7 1 12 1 1 8 1 10 100 1 12 1 10 12 1 1 9 12 1 1 1 1 1 1 1 1 10 12 1 1 1 1 10 7 1 12 1 1 10 12 1 1 1 1 1 100 1 1 1 1 10 100 1 12 1 1 1 1 1 100 1 10 100 1 12 1 1 1 10 12 1 1 10 12 1 1 10 12 1 1 10 12 1 10 12 1 1 1 1 8 1 10 12 1 1 1 100 1 10 12 1 10 100 1 12 1 1 10 100 1 12 1 1 1 1 1 10 12 1 10 12 1 1 10 100 1 12 1 1 1 1 10 7 1 12 1 1 1 10 12 1 1 1 1 1 1 1 10 12 1 1 1 1 1 1 10 12 1 1 10 12 1 1 1 11 7 1 12 1 1 1 11 12 1 1 1 1 1 100 1 10 12 1 1 10 12 1 1 10 12 1 1 1 1 10 12 1 10 12 1 10 12 1 10 12 1 10 12 1 10 12 1 1 10 12 1 1 10 12 1 1 10 12 1 1 10 12 1 1 10 12 1 1 10 12 1 1 1 10 12 1 10 12 1 10 12 1 10 12 1 1 10 12 1 1 10 12 1 1 10 12 1 1 1 10 12 1 1 10 12 1 10 12 1 10 12 1 10 12 1 1 1 100 1 10 12 1 11 100 1 12 1 1 1 10 12 1 10 100 1 12 1 1 8 1 11 100 1 1 8 1 1 1 1 1 100 1 1 1
staticfield org/eclipse/core/runtime/Platform LINE_SEPARATOR_KEY_UNIX Ljava/lang/String; "Unix"
staticfield org/eclipse/core/runtime/Platform LINE_SEPARATOR_KEY_WINDOWS Ljava/lang/String; "Windows"
staticfield org/eclipse/core/runtime/Platform SYSTEM_CHARSET Ljava/nio/charset/Charset; sun/nio/cs/MS1252
ciInstanceKlass org/eclipse/core/resources/IResource 1 1 199 100 1 100 1 100 1 100 1 1 1 1 3 1 3 1 3 1 3 1 3 1 1 1 1 1 1 1 3 1 3 1 3 1 3 1 3 1 3 1 3 1 3 1 3 1 3 1 3 1 1 1 1 100 1 1 1 1 1 1 1 1 1 1 1 1 1 1 1 1 1 1 11 12 11 100 1 12 1 1 1 1 1 1 1 1 1 1 1 1 1 1 1 1 1 1 1 1 1 1 1 1 1 1 1 1 1 1 1 1 1 1 1 1 1 1 1 1 1 1 1 1 1 1 1 1 1 1 1 1 1 1 1 1 1 1 1 1 1 1 1 1 1 1 1 1 1 1 1 1 1 1 1 1 1 1 1 1 1 1 1 1 1 1 1 1 1 1 1 1 1 1 1 1 1 1 1 1 1 1 1 1 1 100 1 8 1 1 12 10 1 1 1 8 1 1 1 8 1
ciInstanceKlass org/eclipse/core/internal/utils/Policy 1 1 300 7 1 100 1 1 1 1 1 1 1 1 3 1 1 1 1 1 1 1 1 1 1 1 1 1 1 1 1 1 1 1 1 1 1 1 1 1 1 1 1 1 1 1 1 1 1 1 5 0 1 5 0 1 1 1 3 1 1 1 7 1 10 12 1 9 12 9 12 9 12 9 12 9 12 9 12 9 12 9 12 9 12 9 12 9 12 9 12 9 12 9 12 9 12 9 12 9 12 9 12 9 12 9 12 9 12 9 12 9 12 9 12 9 12 9 12 9 12 9 12 9 12 9 12 9 12 9 12 9 12 9 12 9 12 1 1 10 1 1 1 1 11 7 1 12 1 1 100 1 10 1 1 1 1 1 100 1 10 10 100 1 12 1 1 11 100 1 12 1 1 10 12 1 1 10 100 1 12 1 1 10 12 1 1 8 1 10 8 1 9 12 10 12 1 11 100 1 12 1 1 1 1 1 1 1 1 100 1 10 100 1 10 12 1 10 100 1 12 1 1 10 8 1 10 100 1 12 1 1 10 12 1 1 10 12 1 1 10 12 1 1 1 1 1 1 1 8 1 100 1 8 1 10 12 1 10 12 1 1 10 7 1 12 1 1 11 7 1 12 1 1 11 1 1 1 1 100 1 8 1 10 12 1 1 7 1 10 1 1 7 1 10 12 1 1 1 1 1 1
staticfield org/eclipse/core/internal/utils/Policy RESOURCES_DEBUG_OPTIONS_LISTENER Lorg/eclipse/osgi/service/debug/DebugOptionsListener; org/eclipse/core/internal/utils/Policy$1
ciInstanceKlass org/eclipse/core/internal/resources/Workspace 1 1 2536 7 1 7 1 100 1 100 1 1 1 1 1 1 1 1 1 1 1 1 1 1 1 1 1 1 1 1 1 1 1 1 1 1 1 1 1 1 1 1 1 1 1 1 1 1 1 1 1 1 1 1 1 1 1 1 1 1 1 1 1 1 1 1 1 1 1 1 1 1 1 1 1 1 1 1 1 1 1 1 1 1 1 1 8 1 10 7 1 12 1 1 10 7 1 12 1 1 7 1 8 1 10 12 1 1 8 1 10 12 1 1 9 12 1 1 1 1 1 10 100 1 12 1 1 11 100 1 12 1 1 100 1 10 12 11 100 1 12 1 1 100 1 1 1 1 1 1 1 1 1 7 1 8 1 10 1 1 10 100 1 1 1 1 1 1 10 9 12 9 12 7 1 9 7 1 12 1 1 10 12 1 9 12 7 1 10 9 12 7 1 10 12 1 9 12 9 12 7 1 10 9 12 10 12 1 9 12 9 12 9 12 9 12 9 12 9 12 7 1 10 9 12 7 1 10 9 12 10 12 1 10 7 1 12 1 1 10 12 1 1 10 12 1 1 1 1 1 1 10 12 1 10 12 1 1 1 1 1 1 1 10 12 1 1 1 1 1 9 12 10 7 1 12 1 1 1 1 1 1 1 1 1 1 8 1 10 7 1 12 1 1 8 1 9 12 10 100 1 12 1 1 11 7 1 12 1 10 7 1 12 1 1 1 1 1 1 8 1 1 1 1 1 10 12 1 1 10 7 1 12 1 10 12 1 1 8 1 10 12 1 1 10 12 1 1 10 12 1 10 12 1 1 9 12 1 1 7 1 10 12 1 10 12 1 1 1 1 1 1 1 1 10 12 1 1 11 7 1 12 1 1 7 1 11 12 1 11 12 1 1 100 1 1 1 1 11 7 1 12 1 1 11 12 1 11 100 1 12 1 1 11 100 1 12 1 11 12 1 10 12 10 12 1 1 1 1 1 1 1 1 1 7 1 9 12 1 10 12 1 1 1 1 1 10 100 1 12 1 1 11 100 1 12 1 1 10 12 1 1 10 12 1 1 11 7 1 12 1 10 12 1 1 11 100 1 12 1 11 12 1 1 10 7 1 12 1 1 10 12 1 1 10 12 1 1 10 12 10 12 10 12 1 1 10 12 1 10 12 1 1 7 1 10 10 12 1 1 11 7 1 12 1 1 11 12 1 11 12 1 10 100 1 12 1 1 11 100 1 12 1 1 11 12 1 11 12 1 1 100 1 10 11 12 1 1 11 100 1 10 12 1 1 10 100 1 12 1 9 7 1 12 1 10 12 1 10 12 1 1 11 10 12 1 1 18 12 1 1 10 12 1 10 7 1 12 1 1 9 7 1 12 1 9 12 1 1 10 12 1 1 10 12 1 1 10 7 1 12 1 1 10 12 1 11 100 1 12 1 100 1 10 12 1 10 12 1 1 1 1 1 1 1 1 1 1 1 1 1 1 1 1 1 1 1 1 1 1 1 7 1 100 1 100 1 100 9 12 10 100 1 12 1 9 12 10 7 1 10 12 1 1 10 100 1 10 12 1 10 12 1 1 18 12 1 1 11 100 1 12 1 1 18 12 1 1 11 12 1 1 1 1 11 12 1 1 8 1 10 12 1 11 12 1 1 10 12 1 10 12 1 1 11 12 1 10 12 1 10 12 1 1 1 1 10 12 1 9 7 1 12 1 10 12 1 10 12 1 9 12 10 7 1 12 1 9 12 10 7 1 12 1 10 10 12 1 10 11 12 1 10 12 1 10 12 1 1 10 12 10 12 1 1 10 12 1 1 10 12 1 10 11 12 1 1 1 1 1 1 1 1 7 1 18 12 1 11 100 1 12 1 1 11 12 1 1 10 12 1 10 12 7 1 10 10 12 1 1 10 100 1 12 1 1 11 7 1 11 11 10 12 1 1 1 1 1 1 1 1 1 1 1 1 1 1 1 10 12 1 1 1 7 1 10 10 12 1 1 11 7 1 10 11 7 1 12 1 1 11 12 1 10 12 1 11 12 1 10 12 1 1 1 1 1 1 1 1 1 1 1 10 12 1 1 10 12 1 1 1 1 1 1 10 7 1 12 1 1 9 12 1 1 100 1 100 1 9 12 1 10 12 1 1 1 1 1 1 1 1 7 1 7 1 10 12 1 1 1 1 1 10 12 1 1 10 12 1 1 9 9 12 10 12 1 9 12 11 11 11 100 1 10 11 12 1 1 11 12 1 1 1 1 1 1 1 1 1 1 1 1 1 10 12 10 11 18 12 1 10 12 1 1 10 12 1 1 1 1 1 1 1 10 12 18 10 12 1 1 1 1 18 10 12 1 1 1 1 10 12 1 1 1 1 1 1 10 12 1 9 7 1 12 1 10 100 12 1 9 12 1 9 12 1 100 1 8 1 10 12 1 10 12 10 12 1 11 7 1 12 1 1 11 12 1 1 11 11 11 12 1 1 7 1 11 12 1 10 12 1 1 10 12 1 1 11 12 1 10 12 1 9 12 1 10 100 1 12 1 1 7 1 10 12 1 10 12 1 10 12 1 1 10 100 1 1 1 1 1 1 1 1 1 1 1 1 10 12 1 1 1 11 12 1 1 11 12 1 10 12 1 1 10 12 1 1 10 7 1 10 12 1 10 12 1 1 10 12 1 1 10 12 1 10 12 1 10 12 1 10 12 1 1 3 10 12 11 12 1 11 12 1 1 10 12 1 1 10 12 1 3 10 12 1 100 1 10 12 1 11 11 12 1 10 12 1 1 10 12 1 100 1 11 12 1 10 12 1 10 12 1 1 10 100 1 12 1 10 12 1 1 8 1 10 12 1 100 1 11 12 1 1 1 1 1 1 1 1 1 1 1 1 1 1 1 1 1 1 1 1 1 1 1 100 1 11 12 1 11 12 1 11 12 1 1 10 12 1 1 11 12 1 11 12 1 11 12 1 10 12 1 1 1 1 1 1 1 1 11 12 1 10 100 1 11 12 1 10 12 1 100 1 1 1 11 12 1 1 11 100 1 12 1 1 10 12 1 1 10 100 1 12 1 1 11 12 1 1 11 12 1 11 12 1 10 12 1 10 12 1 1 10 12 1 10 12 1 100 1 10 10 12 1 10 12 1 10 12 1 1 10 12 1 1 10 12 1 10 12 10 12 1 1 11 12 1 1 1 1 1 1 1 1 1 1 1 1 1 1 1 1 1 1 1 1 1 1 1 1 100 1 1 10 12 1 1 10 12 1 1 18 12 1 1 100 1 10 12 1 10 12 1 1 1 1 1 1 1 1 1 3 3 1 10 12 1 10 12 1 10 12 1 1 10 12 1 1 10 12 1 10 12 1 1 10 12 1 9 12 1 10 12 1 10 12 1 1 1 1 10 12 1 9 12 1 10 10 12 1 10 12 1 9 12 1 10 1 1 1 10 12 10 100 1 11 100 1 12 1 1 9 12 11 12 1 10 7 1 12 1 1 1 1 1 11 10 12 1 1 10 12 1 10 12 1 10 12 1 10 12 1 10 12 1 10 12 1 8 1 10 12 1 10 12 1 10 7 1 12 1 1 10 12 1 1 10 12 1 9 12 10 12 1 1 1 1 9 12 1 10 12 1 1 9 12 10 12 1 100 1 10 11 12 1 10 10 12 9 12 1 10 10 10 1 1 1 1 1 9 12 1 1 9 12 1 1 1 100 1 10 10 12 1 1 11 11 100 1 12 1 1 1 1 1 10 12 10 12 1 1 1 1 1 1 1 9 12 1 1 1 1 1 1 10 12 1 1 1 9 12 10 7 1 12 1 1 1 1 10 12 1 1 1 9 12 10 7 1 12 1 1 1 10 12 1 1 1 1 9 12 1 1 9 12 1 1 10 12 1 1 8 1 10 12 1 1 10 12 1 100 1 1 1 9 12 7 1 10 1 1 1 1 9 12 1 1 10 12 1 9 12 9 12 1 10 12 100 1 10 10 12 1 1 8 11 7 1 12 1 1 9 12 1 10 12 1 10 12 8 1 11 100 1 12 1 1 100 1 9 12 1 1 1 100 1 10 7 1 12 1 1 8 10 12 1 10 12 1 1 11 7 1 12 1 1 7 1 10 12 1 8 1 10 12 1 10 100 1 12 1 1 10 12 1 1 10 1 1 1 1 1 100 1 7 1 10 12 1 8 9 12 1 100 1 9 12 1 1 8 1 9 12 1 100 1 9 12 1 1 10 12 1 1 1 10 12 1 1 1 1 1 1 100 1 10 12 1 100 1 10 12 1 10 12 1 1 9 12 1 10 10 12 1 1 1 100 1 1 10 12 1 11 11 11 12 1 1 10 11 12 1 11 12 1 100 1 1 1 1 1 1 10 12 9 12 1 9 12 1 10 10 10 12 1 10 12 1 10 12 1 10 7 1 10 7 1 10 10 12 10 12 1 1 1 1 100 1 10 12 1 1 1 1 1 10 11 12 1 11 18 10 12 7 1 11 12 1 10 18 7 1 10 11 12 1 10 12 1 10 12 1 1 1 10 12 1 10 12 1 10 7 1 12 1 9 12 1 10 12 9 12 1 10 10 10 12 1 10 12 1 10 12 10 12 1 1 10 12 1 10 12 1 10 12 10 10 12 1 10 12 1 9 12 1 10 10 10 12 1 1 100 1 1 10 12 1 1 8 1 11 100 1 12 1 1 10 12 1 10 100 1 12 1 1 11 100 1 12 1 8 1 10 12 1 10 12 8 1 9 100 1 12 1 1 11 100 1 12 1 1 11 12 1 10 100 1 12 1 1 1 1 1 1 1 11 12 1 10 12 1 10 12 1 9 12 1 10 12 1 8 1 10 12 1 1 1 10 12 1 1 1 10 12 1 1 1 10 12 1 1 1 10 12 1 10 12 1 9 12 1 11 7 1 12 10 12 1 10 12 1 1 1 1 1 1 1 1 10 12 1 1 10 12 1 9 12 1 100 1 10 10 12 1 10 12 1 9 12 1 10 12 1 1 1 8 1 9 12 1 1 1 1 1 10 10 12 10 12 1 10 12 1 1 10 12 1 1 1 1 1 8 1 1 100 1 9 12 1 11 10 12 100 1 1 1 1 1 1 100 1 1 10 12 1 10 10 7 1 10 10 7 1 10 10 10 10 10 10 10 12 1 1 10 12 1 10 10 10 10 7 1 10 10 10 7 1 10 11 7 1 7 1 10 10 7 1 10 10 10 10 7 1 10 10 10 12 1 1 10 12 1 1 18 10 10 12 1 18 18 12 1 1 10 18 12 1 10 12 1 1 1 9 12 1 11 100 1 12 1 11 9 12 1 10 12 1 1 10 12 100 1 10 12 1 10 100 1 12 1 1 1 1 1 1 1 1 1 1 100 1 1 10 12 1 1 1 10 12 1 1 10 12 1 1 10 12 1 10 12 1 1 10 12 1 1 1 10 12 1 1 100 1 10 12 1 100 100 1 1 1 10 12 1 9 12 1 1 1 10 12 1 1 1 1 1 1 1 1 1 1 1 1 1 1 1 1 1 11 100 1 12 1 18 1 1 1 10 100 1 12 1 15 8 1 10 100 1 12 1 1 15 1 16 10 12 15 1 16 16 10 12 15 16 16 15 1 16 16 10 12 15 1 16 16 10 12 15 1 16 16 10 12 15 16 1 16 10 12 15 16 8 1 8 1 8 1 16 10 12 15 16 8 1 8 1 1 100 1 100 1 1 1 1 1 1 1 1
staticfield org/eclipse/core/internal/resources/Workspace caseSensitive Z 0
instanceKlass org/eclipse/core/internal/resources/File
instanceKlass org/eclipse/core/internal/resources/Container
ciInstanceKlass org/eclipse/core/internal/resources/Resource 1 1 1652 7 1 7 1 7 1 100 1 100 1 100 1 1 1 1 1 1 1 1 10 12 1 11 7 1 12 1 1 9 12 9 12 1 1 1 1 1 1 1 100 1 10 12 1 1 1 1 1 10 12 1 1 10 12 1 1 10 12 1 1 7 1 10 18 12 1 1 7 1 10 7 1 12 1 1 10 12 1 10 12 1 10 12 1 1 10 100 1 12 1 1 9 12 1 1 9 12 1 1 1 1 1 1 1 1 1 1 1 1 7 1 100 1 100 1 1 10 12 1 1 1 7 1 18 12 1 1 10 12 10 12 1 1 11 12 1 10 7 1 12 1 1 10 10 12 1 1 7 1 11 12 1 1 11 1 1 1 1 1 1 1 100 1 1 10 12 1 1 11 100 1 12 1 1 11 12 1 1 11 12 1 1 10 100 1 12 1 1 1 1 1 1 1 1 1 10 12 1 1 10 12 1 1 11 12 1 11 12 1 100 1 10 12 1 10 12 1 1 100 1 10 10 10 12 1 1 11 100 1 12 1 1 10 100 1 12 1 1 11 100 1 12 1 1 11 100 1 12 1 9 7 1 12 1 1 11 12 1 10 7 1 12 1 1 10 12 1 11 12 1 9 12 1 1 1 1 1 1 1 1 1 1 1 1 1 1 1 100 1 1 10 12 1 10 12 1 1 1 10 12 1 1 9 12 1 100 1 8 1 10 12 1 9 12 1 100 1 10 12 1 10 12 1 1 11 12 1 1 9 12 1 10 12 1 10 12 1 1 10 12 11 12 1 1 10 12 1 10 12 1 10 12 1 1 10 12 9 12 1 10 12 1 1 7 1 10 10 10 12 1 1 10 10 12 1 10 12 1 1 9 12 1 10 12 1 10 12 1 11 12 1 1 10 9 100 1 12 1 1 1 1 1 1 1 1 1 7 1 10 12 1 9 12 1 9 12 1 10 12 1 1 9 12 1 11 1 1 9 12 1 10 12 1 9 12 1 9 12 1 9 12 1 10 9 12 1 1 10 100 1 12 1 1 1 1 1 10 12 1 1 1 1 1 9 12 1 10 10 12 1 3 10 12 1 1 1 1 10 12 1 1 10 7 1 12 1 1 11 100 1 12 1 1 1 1 1 1 10 7 1 12 1 1 7 1 10 7 1 10 12 1 10 12 11 12 1 1 1 1 1 1 1 1 1 100 1 100 1 10 12 1 10 12 1 10 12 1 5 0 10 12 1 1 10 12 1 10 12 1 1 1 1 10 12 1 1 9 12 1 10 7 1 12 1 1 10 12 1 1 10 12 1 1 11 7 1 12 1 1 10 12 1 1 10 12 1 1 10 12 10 12 1 1 10 12 1 10 12 1 1 10 100 1 12 1 10 12 1 10 12 1 1 100 1 1 1 1 1 100 1 1 10 12 1 1 1 10 12 1 1 10 12 1 1 11 100 1 12 1 11 12 1 1 11 12 1 11 12 1 11 7 1 12 1 10 12 1 1 10 12 1 10 12 1 10 11 12 1 10 12 1 1 11 7 1 12 1 1 1 1 1 1 1 1 10 12 1 1 1 10 100 1 12 1 1 10 12 1 11 12 1 11 10 12 1 9 12 1 11 12 1 1 10 12 10 7 1 12 1 1 10 12 1 1 10 12 1 1 10 12 1 1 3 3 100 1 10 12 1 10 12 10 12 1 1 10 12 1 1 10 12 1 10 7 1 12 1 10 12 1 9 12 1 1 10 100 1 12 1 10 12 1 1 1 1 1 1 1 1 1 10 100 1 12 1 1 10 12 1 1 1 11 12 1 10 12 1 1 10 12 1 1 10 7 1 12 1 1 100 1 10 12 1 10 12 1 11 100 1 12 1 10 12 1 1 100 1 10 12 1 10 12 1 1 1 1 1 1 1 1 1 1 1 1 1 1 9 12 1 1 10 12 1 1 9 12 1 10 12 1 1 11 12 1 10 10 12 1 10 12 1 9 12 1 100 1 10 12 1 10 12 1 1 10 12 1 10 12 1 10 12 1 1 10 12 1 10 12 1 1 11 12 1 10 12 1 10 12 1 1 10 12 1 1 10 100 1 12 1 1 100 1 7 1 10 12 1 1 10 12 1 1 10 100 1 12 1 1 1 1 1 1 1 1 1 10 12 1 1 1 10 10 12 1 1 11 100 1 12 1 1 11 100 1 12 1 1 11 12 1 10 100 1 12 1 10 12 1 1 10 12 1 10 12 1 1 10 12 10 12 1 11 12 1 10 12 1 1 11 10 1 1 1 1 1 1 1 1 1 10 12 1 1 10 100 1 12 1 1 11 100 1 10 100 1 10 10 11 12 10 11 12 1 1 1 1 1 10 12 1 10 12 1 1 11 100 1 1 1 1 11 1 1 10 12 1 9 12 1 10 100 1 12 1 10 12 1 1 9 12 1 11 12 1 10 12 1 1 11 12 1 1 10 12 1 1 1 1 1 1 100 1 1 10 12 1 1 1 10 12 1 1 1 10 12 1 10 12 1 1 1 10 12 1 10 12 1 1 1 10 12 1 10 12 1 8 1 10 12 1 1 10 12 1 10 12 1 1 11 10 12 1 1 1 10 12 1 1 1 1 10 12 11 10 12 1 7 1 1 1 1 11 12 1 1 1 1 1 1 11 12 1 1 11 12 1 10 1 10 12 1 10 7 1 12 1 1 10 12 1 1 1 10 12 1 10 12 1 1 1 1 10 12 1 1 10 12 10 12 1 1 8 1 8 1 8 1 8 1 1 10 12 1 1 10 12 1 1 11 12 1 10 12 1 1 10 12 1 1 10 12 10 12 11 1 1 11 12 10 12 1 11 11 1 1 1 3 1 1 10 12 10 100 1 12 1 1 10 12 1 1 11 12 1 11 12 1 11 1 1 10 12 9 12 1 11 12 1 10 12 10 12 1 9 12 1 10 12 1 1 1 1 10 12 9 12 1 10 12 1 10 9 12 1 9 12 1 11 12 1 11 10 12 1 10 12 1 1 1 1 1 1 100 1 18 12 1 1 10 12 10 12 1 1 1 9 12 1 11 12 1 1 1 1 9 12 1 1 1 18 10 12 1 1 1 11 12 1 1 1 10 12 10 12 1 1 1 10 12 1 1 1 10 12 1 1 10 12 1 1 10 12 18 12 1 1 9 12 1 11 12 1 10 12 1 3 10 12 1 1 100 1 11 100 1 12 1 1 10 12 1 1 11 12 1 1 10 12 1 1 11 12 1 1 10 12 1 1 11 12 1 1 10 12 1 1 1 1 1 100 11 12 1 1 10 12 1 1 11 12 1 1 10 12 1 1 11 10 11 12 1 1 11 12 1 11 12 1 1 10 12 1 1 9 12 1 10 12 1 10 12 1 10 7 1 10 12 1 10 12 1 1 100 1 11 10 10 12 1 10 12 1 1 1 1 1 1 1 1 1 7 1 10 10 12 1 1 10 100 1 10 12 1 100 1 10 12 1 10 12 1 10 12 1 10 12 1 10 12 1 10 10 12 1 1 1 1 1 1 1 1 1 1 1 100 9 12 1 9 12 1 10 12 1 1 1 11 12 1 10 12 1 10 12 1 100 1 1 1 1 1 11 12 11 12 1 10 12 1 10 12 1 1 1 1 1 11 7 1 12 1 1 1 1 1 1 10 7 1 12 1 1 15 1 16 10 12 15 16 16 10 12 15 16 10 7 1 12 1 15 8 1 8 1 1 100 1 100 1 1 1
instanceKlass org/eclipse/core/internal/resources/Project
instanceKlass org/eclipse/core/internal/resources/WorkspaceRoot
instanceKlass org/eclipse/core/internal/resources/Folder
ciInstanceKlass org/eclipse/core/internal/resources/Container 1 1 539 7 1 7 1 100 1 1 1 1 10 12 1 1 1 1 1 1 1 1 1 1 1 100 1 10 12 1 1 10 12 10 12 1 1 1 1 1 1 100 1 1 10 12 1 1 10 100 1 12 1 1 10 100 1 12 1 1 9 100 1 12 1 1 10 12 1 1 10 100 1 12 1 1 11 100 1 12 1 1 10 12 1 1 9 12 10 12 1 1 9 12 1 10 7 1 12 1 1 11 100 1 12 1 1 10 12 1 1 3 10 100 1 12 1 1 10 12 1 1 10 12 1 1 9 12 1 1 11 12 1 1 100 1 10 12 1 10 100 1 12 1 1 10 12 1 1 100 1 10 12 1 1 10 12 1 10 100 1 12 1 1 10 12 1 10 12 1 1 9 12 1 1 10 100 1 12 1 1 10 12 1 1 10 12 1 1 10 12 1 1 10 100 1 12 1 10 12 1 1 11 12 1 100 1 1 1 1 1 1 1 1 1 1 1 1 1 1 1 1 100 1 100 1 100 1 100 1 1 1 11 7 1 12 1 1 10 12 1 1 1 1 1 10 12 1 1 11 12 1 10 7 1 10 12 1 1 1 1 1 1 1 10 12 1 1 10 12 10 12 1 10 12 1 1 1 9 12 1 1 10 7 1 12 1 9 7 1 12 1 10 12 1 10 12 1 1 10 12 1 1 100 1 1 1 1 1 1 1 1 1 100 100 1 1 7 1 1 1 1 10 12 1 1 10 100 1 12 1 100 1 10 12 1 1 1 1 1 1 1 1 1 1 1 100 1 1 1 100 1 1 1 1 7 1 1 1 1 1 1 10 12 10 12 11 100 1 12 1 1 1 1 1 1 10 12 1 10 12 1 3 10 12 1 1 1 3 10 12 1 1 1 1 10 12 1 1 1 10 12 1 1 10 100 1 12 1 1 10 12 1 1 11 100 1 12 1 1 100 1 10 12 11 100 1 12 1 1 11 100 1 12 11 12 11 100 1 12 1 1 11 12 1 1 11 12 1 1 11 100 1 12 1 1 11 12 1 11 11 12 1 1 100 1 1 1 1 1 1 1 1 1 1 1 1 1 1 10 12 1 1 10 100 1 12 1 1 1 1 9 12 1 11 12 1 100 1 10 12 1 100 1 10 12 1 1 10 12 1 10 12 1 1 10 100 1 12 1 1 1 1 1 1 100 1 1 1 1 1 1 100 1 8 1 1 12 10 1 1
ciInstanceKlass org/eclipse/core/internal/resources/Folder 1 1 375 7 1 7 1 100 1 1 1 1 10 12 1 1 1 1 1 1 1 1 1 1 1 100 1 10 12 1 1 10 12 1 1 10 12 1 1 10 12 1 1 10 12 1 1 10 12 1 1 11 100 1 12 1 1 9 100 1 12 1 1 10 12 1 1 10 100 1 12 1 1 11 100 1 12 1 1 10 100 1 12 1 1 9 100 1 12 1 1 11 12 1 11 100 1 12 1 1 11 12 1 1 11 12 1 11 12 1 10 100 1 12 1 1 100 1 10 12 1 1 10 12 1 9 12 1 1 1 1 1 1 1 1 1 1 1 1 1 1 1 100 1 1 1 10 12 1 1 11 100 1 12 1 1 9 12 1 10 12 1 1 9 12 11 100 1 12 1 1 10 12 1 10 12 1 1 10 12 1 1 11 100 1 12 1 1 10 12 1 1 10 12 1 1 1 1 1 1 1 1 9 100 1 12 1 10 9 12 1 10 100 1 12 1 1 10 12 1 1 10 12 1 1 11 100 1 12 1 1 10 12 1 1 10 12 1 1 10 12 1 1 11 12 1 1 10 12 10 12 1 1 11 10 12 1 10 12 1 10 12 1 1 10 100 1 12 1 1 10 12 1 1 10 100 1 12 1 10 12 1 10 12 1 1 100 1 1 1 1 1 1 1 1 1 1 1 100 1 100 1 100 1 1 10 12 1 1 10 10 12 1 9 12 1 10 12 1 1 10 12 1 1 10 12 10 10 12 1 1 1 1 10 10 12 1 1 10 100 1 12 1 1 1 10 100 1 12 1 1 11 12 1 1 10 12 1 10 12 1 1 10 12 1 1 10 12 1 1 10 12 1 11 1 1 1
ciInstanceKlass org/eclipse/core/internal/resources/File 1 1 619 7 1 7 1 100 1 1 1 1 10 12 1 1 1 1 1 1 1 1 1 1 1 100 1 9 100 1 12 1 1 10 12 1 1 10 100 1 12 1 1 10 100 1 12 1 1 8 1 10 100 1 12 1 1 9 12 1 9 100 1 12 1 1 10 12 1 1 10 12 1 1 11 100 1 12 1 1 10 12 1 1 10 12 1 1 10 12 1 1 10 12 1 1 10 12 1 1 10 12 1 1 10 12 1 1 11 100 1 12 1 1 10 12 1 1 10 12 1 1 10 100 1 12 1 1 10 12 1 1 10 100 1 12 1 10 100 1 12 1 1 10 12 1 100 1 100 1 1 1 1 1 1 1 1 1 1 1 1 1 1 1 1 1 1 1 100 1 7 1 100 1 1 10 12 1 1 1 1 10 12 1 1 11 100 1 12 1 1 10 12 1 1 9 12 11 100 1 12 1 1 10 12 1 1 10 12 1 10 12 1 1 11 100 1 12 1 1 10 12 1 1 10 12 1 1 1 1 1 1 9 12 1 10 12 1 1 11 12 1 10 12 1 10 12 1 1 100 1 10 10 10 12 1 1 10 100 1 12 1 1 9 12 1 11 100 1 12 1 10 12 1 1 10 100 1 12 1 1 11 12 1 1 10 12 1 1 10 12 1 9 12 1 11 12 1 11 7 1 12 1 1 11 12 1 1 11 12 1 11 12 1 100 1 10 12 1 9 12 1 10 12 1 10 12 1 11 10 12 1 1 10 100 1 12 1 1 1 1 1 1 1 1 1 100 1 1 10 12 1 10 12 1 10 12 1 10 12 1 1 10 100 1 12 1 1 10 12 1 1 10 12 1 1 10 12 1 1 11 100 1 12 1 1 1 1 1 1 10 100 1 12 1 1 10 100 1 9 100 1 12 1 1 11 100 1 12 1 1 9 12 1 11 12 1 1 1 1 1 1 1 1 100 1 10 12 1 1 10 100 1 12 1 1 1 1 10 12 1 1 10 12 1 9 12 1 1 1 10 12 1 10 12 1 1 1 1 1 1 10 12 1 1 1 10 12 1 1 11 100 1 12 1 1 1 100 1 10 12 1 10 12 1 1 10 12 1 10 12 1 1 10 100 1 12 1 1 1 10 12 1 1 10 12 1 1 1 11 100 1 12 10 12 1 1 1 10 12 11 12 1 11 12 1 1 8 1 10 12 1 1 100 1 10 10 12 1 1 1 1 1 10 12 1 100 1 10 12 1 8 1 10 100 1 12 1 1 1 1 1 1 1 10 12 1 1 1 1 9 12 1 11 12 1 10 12 1 1 1 1 10 100 1 10 10 12 1 10 12 8 1 8 1 8 1 10 12 1 10 100 1 12 1 1 10 12 1 11 100 1 12 1 1 1 1 1 1 1 1
instanceKlass org/eclipse/core/internal/resources/RootInfo
instanceKlass org/eclipse/core/internal/resources/ProjectInfo
ciInstanceKlass org/eclipse/core/internal/resources/ResourceInfo 1 1 257 7 1 7 1 100 1 100 1 100 1 1 1 1 3 1 3 1 1 1 1 1 1 1 1 1 1 1 1 1 1 1 1 1 1 1 10 12 5 0 9 12 1 1 1 1 1 1 1 1 1 1 10 12 1 1 1 1 1 9 12 1 9 12 1 10 12 1 1 9 12 1 9 12 1 1 10 12 100 1 1 1 1 1 1 9 12 1 1 1 1 9 12 1 1 10 12 1 9 12 10 100 1 1 1 1 1 9 12 1 1 1 1 100 1 10 12 10 1 1 1 1 11 100 1 12 1 1 1 1 1 1 1 1 1 9 12 1 10 100 1 10 1 1 1 10 12 1 1 1 1 1 1 1 1 1 100 1 11 7 1 12 1 11 12 1 1 1 1 1 1 1 1 1 1 1 1 1 1 1 1 1 1 1 1 1 1 1 1 1 10 12 1 10 12 1 1 10 12 1 1 1 1 1 1 1 10 12 1 1 10 12 10 1 1 1 1 1 11 100 1 12 1 11 12 1 1 1 1 1 10 100 1 12 1 1 18 12 1 1 1 1 1 10 100 1 12 1 15 8 1 1 100 1 100 1 1
ciInstanceKlass org/eclipse/core/internal/resources/ProjectInfo 1 1 108 7 1 7 1 1 1 1 1 1 1 1 1 1 1 1 1 1 9 12 1 1 1 1 1 10 12 1 9 12 9 12 10 100 1 12 1 1 100 1 10 12 1 1 1 1 1 1 1 100 1 1 1 1 9 12 1 1 10 7 1 12 1 1 7 1 1 1 1 1 1 1 1 1 9 12 10 12 1 1 1 1 1 1 1 1 1 10 12 1 10 12 1 10 12 1 1 10 12 1 10 12 1 1 1 1 1 1
ciInstanceKlass org/eclipse/core/resources/IPathVariableManager 1 0 44 100 1 100 1 1 1 1 100 1 1 1 1 1 1 1 1 1 1 1 1 1 1 1 1 1 1 1 1 1 1 1 1 1 1 1 1 1 1 1 1 1 1 1
ciInstanceKlass org/eclipse/core/resources/IProjectDescription 1 0 53 100 1 100 1 1 1 1 8 1 1 1 1 1 1 1 1 1 1 1 1 1 1 1 1 1 1 1 1 1 1 1 1 1 1 1 1 1 1 1 1 1 1 1 1 1 1 1 1 1 1 1 1
instanceKlass org/eclipse/core/internal/events/BuildCommand
instanceKlass org/eclipse/core/internal/resources/ProjectDescription
instanceKlass org/eclipse/core/internal/resources/WorkspaceDescription
ciInstanceKlass org/eclipse/core/internal/resources/ModelObject 1 1 38 7 1 7 1 100 1 1 1 1 1 1 10 12 1 1 1 1 1 10 12 1 1 1 10 12 100 1 1 1 1 1 1 9 12 1 1 1
ciInstanceKlass org/eclipse/core/resources/IProject 1 0 384 100 1 100 1 100 1 100 1 1 1 1 3 1 1 1 100 1 1 1 1 1 1 1 1 1 1 1 1 1 1 1 1 1 1 1 1 1 1 1 1 1 1 1 1 1 1 1 1 1 1 1 1 1 1 1 1 1 1 1 1 1 1 1 1 1 1 1 1 1 1 1 100 1 8 1 1 12 10 1 1 1 8 1 1 1 8 1 1 1 8 1 1 8 1 1 8 1 1 1 8 1 1 8 1 1 8 1 1 1 8 1 1 8 1 1 1 8 1 1 1 8 1 1 1 8 1 1 8 1 1 8 1 1 8 1 1 1 8 1 1 1 8 1 1 1 8 1 1 8 1 1 8 1 1 1 8 1 1 8 1 1 8 1 1 1 8 1 1 1 8 1 1 1 8 1 1 8 1 1 1 8 1 1 8 1 1 8 1 1 8 1 1 8 1 1 1 8 1 1 8 1 1 1 8 1 1 8 1 1 8 1 1 8 1 1 1 8 1 1 8 1 8 1 1 8 1 1 8 1 1 8 1 8 1 8 1 1 1 8 1 1 8 1 1 1 8 1 1 1 8 1 1 8 1 1 1 8 1 1 1 8 1 1 8 1 1 1 8 1 1 1 8 1 1 8 1 1 1 8 1 1 8 1 8 1 1 1 8 1 1 1 8 1 1 1 8 1 1 1 8 1 1 1 8 1 1 1 8 1 1 8 1 1 1 8 1 1 1 8 1 1 1 8 1 1 8 1 1 8 1 1 8 1 8 1 1 1 8 1 1 8 1 1 8 1 8 1 1 8 1 1 1 8 1 1 8 1 8 1 1 8 1 1 8 1 1 1 8 1 1 8 1 1 1 8 1 1 8 1 1 1 8 1
ciInstanceKlass org/w3c/dom/Node 1 0 99 1 100 1 100 1 1 3 1 3 1 3 1 3 1 3 1 3 1 3 1 3 1 3 1 3 1 3 1 3 1 1 1 1 1 3 1 3 1 1 1 1 100 1 1 1 1 1 1 1 1 1 1 1 1 1 1 1 1 1 1 1 1 1 1 1 1 1 1 1 1 1 1 1 1 1 1 1 1 1 1 1 1 1 1 1 1 1 1 1 1 1 1 1 1 1 1 1 1
ciInstanceKlass java/lang/ProcessEnvironment 1 1 261 1 7 1 1 7 1 7 1 7 1 100 1 100 1 7 1 100 1 100 1 1 1 1 1 7 1 7 1 1 1 1 1 5 0 1 1 3 1 1 1 1 1 1 1 1 1 1 1 1 1 7 1 1 12 10 1 12 10 1 100 1 7 1 1 12 10 1 8 1 1 12 10 1 8 1 1 12 10 1 12 10 1 1 8 1 1 1 100 10 1 1 12 10 12 10 1 12 10 1 12 10 1 12 10 1 1 12 10 1 12 10 1 12 10 1 1 1 12 10 1 12 10 1 1 1 12 10 1 12 10 1 1 12 10 10 10 1 12 10 1 12 9 11 1 1 12 9 1 12 9 1 1 12 10 1 1 1 10 1 1 1 7 10 10 12 9 1 7 1 1 12 11 1 1 12 10 10 1 8 1 1 12 11 1 7 1 1 12 11 1 12 11 1 12 11 1 12 11 12 9 1 1 12 10 1 1 12 10 1 1 12 10 1 12 10 1 12 10 12 10 1 1 12 10 12 10 12 10 12 10 1 10 10 10 1 7 1 1 12 10 12 10 1 1 12 10 1 7 12 10 1 1 12 11 1 1 1 1 1 1
staticfield java/lang/ProcessEnvironment nameComparator Ljava/lang/ProcessEnvironment$NameComparator; java/lang/ProcessEnvironment$NameComparator
staticfield java/lang/ProcessEnvironment entryComparator Ljava/lang/ProcessEnvironment$EntryComparator; java/lang/ProcessEnvironment$EntryComparator
staticfield java/lang/ProcessEnvironment theEnvironment Ljava/lang/ProcessEnvironment; java/lang/ProcessEnvironment
staticfield java/lang/ProcessEnvironment theUnmodifiableEnvironment Ljava/util/Map; java/util/Collections$UnmodifiableMap
staticfield java/lang/ProcessEnvironment theCaseInsensitiveEnvironment Ljava/util/Map; java/util/TreeMap
ciInstanceKlass org/eclipse/core/internal/resources/Project 1 1 1495 7 1 7 1 100 1 1 1 1 3 1 1 1 10 12 1 1 1 1 1 1 1 1 1 1 1 100 1 10 12 1 1 10 12 1 1 11 7 1 12 1 1 9 7 1 12 1 1 10 12 1 1 11 100 1 12 1 1 11 100 1 12 1 1 10 12 1 1 10 7 1 12 1 1 11 12 1 1 10 7 1 12 1 1 9 100 1 12 1 1 11 12 1 11 7 1 12 1 1 11 12 1 1 11 12 1 11 12 1 10 100 1 12 1 1 100 1 10 12 1 1 10 12 1 1 1 1 1 1 1 1 1 1 1 1 100 1 1 1 9 12 1 100 1 8 1 10 12 1 10 12 1 1 10 7 1 12 1 10 12 1 1 10 12 1 10 12 1 1 10 12 1 1 10 12 1 1 10 12 1 1 10 100 1 12 1 10 12 1 1 10 12 1 1 9 12 1 10 12 1 10 12 1 1 10 7 1 12 1 1 10 12 1 1 10 12 1 1 1 1 1 1 1 1 1 1 1 1 100 1 1 10 12 1 10 12 1 1 10 12 1 1 1 1 1 1 1 1 10 100 1 12 1 1 1 1 1 1 1 1 11 7 1 10 12 1 1 1 1 1 1 10 12 10 12 1 1 9 12 1 10 1 9 12 1 11 10 12 1 1 10 12 1 1 10 10 10 12 1 1 10 12 1 10 12 1 1 1 1 1 1 1 1 9 12 1 10 100 1 12 1 1 10 12 1 1 11 100 1 12 1 1 10 12 1 1 10 12 1 1 10 12 1 1 10 12 1 1 10 12 1 1 10 12 1 10 12 1 10 12 1 1 10 12 1 1 10 7 1 12 1 1 10 12 1 1 10 12 1 10 12 1 1 10 100 1 12 1 1 10 12 1 11 100 1 10 12 1 1 10 100 1 12 1 100 1 1 1 1 1 1 1 1 1 1 1 1 100 1 100 1 7 1 100 1 1 1 10 100 1 12 1 1 11 12 1 1 11 12 1 1 10 12 1 1 11 12 1 11 12 1 1 10 12 1 1 10 12 1 1 1 1 1 1 8 1 10 100 1 12 1 1 10 12 1 1 10 7 1 12 1 1 11 100 1 12 1 11 12 1 1 1 1 1 10 12 1 10 12 9 12 1 9 12 10 12 1 1 11 12 1 10 12 10 12 10 12 1 1 10 12 1 7 1 10 12 1 1 10 100 1 12 1 1 10 12 1 10 10 12 1 1 10 12 1 1 10 12 1 10 12 1 10 12 1 10 12 1 10 12 1 1 10 12 1 3 10 12 1 10 12 1 1 1 1 1 1 10 12 1 1 1 1 10 12 10 12 1 10 12 1 1 10 100 1 12 1 10 10 12 1 1 1 10 12 1 1 1 1 1 7 1 1 1 1 10 12 1 1 10 100 1 12 1 1 1 10 10 100 1 12 1 10 12 1 1 10 7 1 12 1 1 1 10 12 1 1 10 12 10 12 1 10 12 1 1 10 12 1 1 1 1 1 100 1 1 1 10 12 1 1 1 1 1 9 12 1 1 10 12 1 1 1 1 10 12 1 1 10 12 1 1 1 10 12 1 11 100 1 12 1 1 100 1 10 12 11 11 100 1 12 1 11 12 1 11 12 1 1 1 1 1 1 1 1 1 1 10 12 1 11 12 1 1 10 7 1 12 1 1 10 12 1 11 1 100 1 10 12 1 10 12 1 1 1 1 10 12 1 10 12 1 1 10 100 1 12 1 1 10 12 1 10 12 1 1 10 12 1 100 1 10 12 1 10 12 1 10 10 12 1 10 12 1 1 1 1 1 1 1 100 9 12 1 11 12 1 1 11 12 1 11 12 1 11 12 1 1 10 12 1 1 10 12 1 9 12 1 10 12 1 1 10 12 1 1 10 12 1 1 11 100 1 12 1 10 12 1 1 11 100 1 12 1 10 12 10 12 1 1 11 12 1 1 9 12 1 10 12 1 1 11 100 1 11 12 10 12 1 1 10 12 11 9 12 1 11 11 1 1 1 1 1 1 1 1 1 11 10 12 1 1 11 12 1 10 11 12 10 12 1 1 10 12 1 1 10 12 1 10 12 1 10 12 1 10 12 1 9 12 9 12 1 1 10 12 1 1 10 1 1 9 12 1 10 12 100 1 8 1 10 12 1 10 12 1 1 10 12 1 1 7 1 10 10 12 11 7 1 11 11 1 1 1 1 10 10 12 1 1 10 12 1 10 12 1 10 12 1 1 5 0 10 12 1 1 1 1 1 10 12 1 10 12 1 1 1 10 12 1 1 1 1 1 1 1 1 1 10 12 1 11 12 1 10 12 1 1 10 12 1 11 12 8 1 1 1 1 9 12 1 10 10 12 1 1 10 12 1 1 11 100 1 12 1 10 12 1 9 12 1 10 100 1 10 12 1 10 12 1 1 10 100 1 12 1 1 10 12 1 1 1 1 1 10 12 9 12 1 11 12 1 9 12 1 10 12 1 9 12 1 100 1 10 12 1 1 10 12 1 10 12 1 1 10 12 1 11 100 1 12 1 1 10 12 1 1 10 12 1 10 12 1 10 1 1 1 1 1 1 1 9 12 1 10 12 10 10 10 9 12 1 10 12 1 10 12 1 10 12 1 10 12 1 10 12 1 1 10 12 1 1 10 12 1 10 12 1 9 12 1 1 10 100 1 12 10 12 1 10 12 1 10 12 1 1 10 100 1 12 1 1 10 12 1 1 10 100 1 12 1 1 1 1 1 1 1 1 1 1 1 1 8 1 8 1 11 12 1 10 12 1 1 11 100 1 11 11 10 12 1 1 1 1 1 1 10 12 9 12 1 10 100 1 12 1 1 11 12 1 1 11 100 1 12 1 100 1 10 12 10 12 1 1 10 12 10 12 1 1 10 10 12 10 10 10 10 11 12 1 100 1 18 12 1 1 10 12 1 10 12 1 1 10 11 12 1 10 12 1 1 10 12 11 100 1 11 100 1 10 12 1 10 10 12 1 10 12 1 10 12 1 1 1 1 1 1 1 1 1 1 1 1 1 1 1 1 1 1 10 12 1 1 8 1 11 12 1 1 10 12 1 9 12 1 10 12 1 10 12 1 10 12 1 9 12 1 10 12 1 10 12 10 12 1 10 9 12 1 100 1 10 12 1 1 1 9 12 1 10 12 9 12 1 9 12 1 10 12 1 1 10 12 1 1 1 10 100 1 12 1 1 11 100 1 12 1 1 8 11 100 1 12 1 1 10 11 10 12 1 1 8 1 8 1 10 100 1 12 1 1 1 8 1 11 12 1 8 1 11 12 1 100 1 1 1 10 1 1 1 1 1 1 1 10 100 1 12 1 1 15 1 16 10 12 15 16 1 100 1 100 1 1 1
ciInstanceKlass org/eclipse/core/internal/resources/PathVariableManager 1 1 461 7 1 7 1 100 1 100 1 1 1 1 8 1 1 1 1 1 1 1 1 1 1 1 1 1 10 12 7 1 10 10 7 1 12 1 1 9 12 7 1 10 10 12 1 1 9 12 10 7 1 12 1 1 10 12 1 1 9 12 1 1 1 1 1 1 11 7 1 12 1 1 1 1 1 11 100 1 12 1 1 100 1 11 12 1 1 11 1 1 1 1 1 1 1 1 1 1 100 1 10 12 1 1 11 100 1 12 1 1 10 12 1 1 1 1 1 1 10 12 1 1 1 1 1 1 10 12 1 1 1 1 1 11 12 1 11 12 1 1 100 1 11 12 1 1 100 1 100 1 10 12 1 100 1 10 12 1 10 100 1 12 1 1 1 1 1 1 1 7 1 100 1 1 1 1 18 12 1 1 1 1 7 1 10 10 7 1 12 1 10 12 1 1 10 12 1 10 12 1 1 10 12 1 1 11 7 1 11 11 7 1 1 1 1 1 1 1 1 1 10 12 10 12 1 11 12 1 1 1 11 12 1 11 11 12 1 1 11 12 1 11 12 1 11 12 1 1 11 12 1 11 12 1 1 11 12 1 1 1 1 10 7 1 10 12 1 10 11 12 1 10 12 10 100 1 12 1 1 1 1 1 1 1 1 1 10 12 10 100 1 12 1 10 12 11 12 1 10 12 1 11 12 1 10 12 1 10 12 1 1 1 1 100 1 1 1 1 1 1 9 100 1 12 1 100 1 10 12 1 10 12 1 1 10 100 1 12 1 1 9 12 1 10 12 1 1 10 100 1 12 1 1 10 12 1 9 12 1 10 12 1 9 12 1 9 100 1 12 1 1 1 1 1 1 11 12 1 11 12 1 9 12 1 1 1 10 100 1 12 1 1 1 1 1 1 1 10 12 1 1 10 12 1 1 10 12 1 1 1 10 12 1 10 12 10 1 1 1 10 12 1 1 1 10 12 1 1 1 1 10 100 1 12 1 1 10 12 1 1 1 1 1 10 100 1 12 1 15 8 1 1 100 1 100 1 1 100 1 1 1
instanceKlass org/eclipse/core/internal/jobs/JobStatus
instanceKlass org/eclipse/core/internal/resources/ResourceStatus
instanceKlass org/eclipse/core/runtime/MultiStatus
ciInstanceKlass org/eclipse/core/runtime/Status 1 1 312 7 1 7 1 7 1 1 1 1 8 1 1 1 1 1 1 1 1 1 1 1 1 1 1 1 1 1 1 8 1 10 7 1 12 1 1 10 12 1 1 9 12 8 1 9 12 9 12 9 7 1 12 1 1 10 7 1 12 1 1 9 12 1 1 1 1 10 12 1 1 10 12 1 100 1 1 1 1 1 1 7 1 100 1 1 1 100 1 1 1 1 1 10 12 9 12 9 12 10 12 1 1 10 12 1 1 10 12 1 1 10 12 1 10 12 1 1 10 12 1 10 12 1 1 1 1 1 10 12 1 1 10 12 1 1 10 12 1 10 12 1 1 1 1 1 1 1 1 1 1 10 100 1 12 1 1 18 12 1 1 10 12 1 1 18 10 12 1 18 12 1 1 10 12 1 1 1 1 1 1 9 12 1 1 1 9 12 1 9 12 1 1 1 1 1 1 10 12 1 10 7 1 12 1 1 1 100 1 10 8 1 10 12 1 1 8 1 8 1 8 1 8 1 8 1 8 1 10 12 1 8 1 8 1 10 12 1 10 12 1 10 12 1 1 1 1 10 100 1 12 1 1 1 1 1 1 11 100 1 12 1 1 1 1 18 10 12 1 1 1 10 12 1 1 1 1 10 100 1 12 1 1 15 16 10 12 15 16 16 10 12 15 16 1 16 10 12 15 16 16 10 12 15 16 1 1 100 1 100 1 1
staticfield org/eclipse/core/runtime/Status OK_STATUS Lorg/eclipse/core/runtime/IStatus; org/eclipse/core/runtime/Status
staticfield org/eclipse/core/runtime/Status CANCEL_STATUS Lorg/eclipse/core/runtime/IStatus; org/eclipse/core/runtime/Status
staticfield org/eclipse/core/runtime/Status theEmptyStatusArray [Lorg/eclipse/core/runtime/IStatus; 0 [Lorg/eclipse/core/runtime/IStatus;
ciInstanceKlass org/eclipse/core/internal/runtime/Log 1 1 175 7 1 7 1 100 1 100 1 100 1 1 1 1 1 1 1 1 1 1 1 1 10 12 1 7 1 10 12 1 9 12 100 1 8 1 10 12 1 9 12 9 12 1 1 1 1 1 1 7 1 7 1 1 1 11 7 1 12 1 1 1 1 7 1 100 1 1 1 1 1 9 100 1 12 1 1 10 100 1 12 1 1 11 7 1 12 1 1 10 12 1 1 10 7 1 12 1 1 10 12 1 1 11 12 1 1 11 12 1 1 1 1 1 1 11 12 1 1 1 10 12 1 1 10 12 1 1 1 11 12 1 1 11 12 1 1 7 1 100 1 10 12 1 10 100 1 12 1 1 1 1 1 1 1 8 1 10 7 1 12 1 11 12 1 1 1 1 1 1 1 1 1 1 1
ciInstanceKlass org/eclipse/core/internal/resources/ProjectDescription 1 1 685 7 1 7 1 100 1 1 1 1 1 1 1 1 1 1 1 1 8 1 1 1 1 1 1 1 1 1 1 1 1 1 1 1 1 1 1 1 1 1 1 1 1 1 1 1 1 1 1 1 1 1 1 1 1 7 1 9 12 7 1 9 12 7 1 9 12 7 1 9 12 9 12 9 12 1 1 1 10 12 9 12 9 12 9 12 9 12 9 12 9 12 7 1 10 12 1 9 12 10 7 1 12 1 1 9 12 7 1 10 9 12 9 12 9 12 9 12 9 12 9 12 9 12 1 1 1 1 10 12 10 10 12 1 1 10 12 1 1 1 11 7 1 12 1 11 12 1 1 9 12 9 12 1 100 1 1 1 7 1 10 7 1 12 1 1 10 12 1 11 7 1 12 1 1 11 12 1 1 7 1 1 1 1 1 1 11 12 1 1 10 100 1 12 1 1 1 1 1 1 1 1 1 7 1 1 1 7 1 10 7 1 10 12 1 11 7 1 12 1 1 1 1 1 1 1 10 11 12 1 1 10 1 1 1 1 1 1 1 1 10 12 1 1 10 12 1 1 10 12 11 7 1 11 10 1 1 1 1 1 1 11 12 1 10 10 12 1 10 11 12 1 1 10 12 1 10 12 1 1 10 12 10 12 1 1 11 12 1 1 11 12 1 1 10 100 1 1 1 1 1 1 1 1 1 1 1 1 9 12 10 12 1 1 1 1 1 10 12 1 1 1 1 7 1 10 1 100 1 1 1 10 12 1 1 1 7 1 10 12 1 1 1 1 1 1 100 1 1 1 1 100 1 1 1 1 1 1 1 1 1 1 1 1 1 10 100 1 12 1 1 1 1 10 12 1 10 7 1 10 12 1 1 10 1 1 1 1 1 1 11 11 12 1 1 11 12 1 1 11 7 1 12 1 100 1 11 12 1 11 11 12 1 100 1 10 12 1 11 12 1 1 1 1 1 1 10 7 1 12 1 1 1 1 1 10 10 12 1 1 10 12 1 10 12 10 12 10 10 12 10 12 10 12 1 1 1 1 1 1 10 1 1 1 10 12 1 1 10 10 12 1 10 12 1 1 1 1 1 1 1 10 12 1 1 1 10 12 1 1 10 12 10 1 1 10 10 10 10 12 1 11 12 1 1 1 1 1 1 1 1 1 1 1 1 1 1 10 10 10 12 1 1 1 1 1 100 1 1 1 10 10 1 1 1 1 1 10 12 10 1 1 10 100 1 1 1 1 1 1 10 1 1 1 10 100 1 12 1 1 1 1 10 12 1 1 1 1 9 12 1 1 1 10 12 10 12 1 10 10 7 1 12 1 1 8 1 8 1 11 12 1 11 7 1 12 1 1 11 7 1 12 1 1 8 1 11 7 1 12 1 1 8 1 11 12 1 1 100 1 11 12 1 1 11 10 12 1 10 100 1 12 1 1 10 12 1 1 100 1 18 12 1 1 10 12 1 11 100 1 12 1 1 11 1 1 1 1 1 1 1 1 1 1 1 1 100 1 1 1 10 100 1 12 1 15 8 1 1 100 1 100 1 1 1
staticfield org/eclipse/core/internal/resources/ProjectDescription EMPTY_BUILD_CONFIG_REFERENCE_ARRAY [Lorg/eclipse/core/resources/IBuildConfiguration; 0 [Lorg/eclipse/core/resources/IBuildConfiguration;
staticfield org/eclipse/core/internal/resources/ProjectDescription EMPTY_COMMAND_ARRAY [Lorg/eclipse/core/resources/ICommand; 0 [Lorg/eclipse/core/resources/ICommand;
staticfield org/eclipse/core/internal/resources/ProjectDescription EMPTY_PROJECT_ARRAY [Lorg/eclipse/core/resources/IProject; 0 [Lorg/eclipse/core/resources/IProject;
staticfield org/eclipse/core/internal/resources/ProjectDescription EMPTY_STRING_ARRAY [Ljava/lang/String; 0 [Ljava/lang/String;
ciInstanceKlass org/eclipse/core/internal/resources/ProjectPathVariableManager 1 1 562 7 1 7 1 100 1 100 1 1 1 1 1 1 1 1 10 12 1 9 12 9 12 10 7 1 12 1 1 10 12 1 1 1 1 1 1 1 1 10 7 1 12 1 1 11 7 1 12 1 1 7 1 1 1 1 100 1 10 12 1 1 11 100 1 12 1 1 10 12 1 1 1 1 1 1 1 1 10 12 1 1 1 1 1 1 7 1 10 10 12 1 1 11 7 1 12 1 1 7 1 10 12 1 1 7 1 10 7 1 12 1 1 10 12 1 1 11 7 1 12 1 1 10 100 1 12 1 1 11 12 1 1 10 12 10 12 10 7 1 12 1 1 11 12 1 1 7 1 1 1 1 1 1 1 1 1 1 1 1 1 1 1 100 1 1 1 1 1 10 12 1 1 10 100 1 12 1 1 1 1 7 1 10 12 1 1 8 1 10 12 1 1 10 12 1 1 10 12 1 10 12 1 11 7 1 12 1 10 12 1 1 10 100 1 1 1 1 1 1 1 10 12 1 10 12 1 1 100 1 10 12 10 12 1 1 10 12 1 10 12 1 10 12 1 1 1 11 100 1 12 1 1 11 100 1 12 1 1 11 12 1 10 12 10 1 1 1 1 1 1 1 11 12 1 1 11 12 1 11 12 1 10 12 1 1 10 12 1 1 1 1 1 1 1 10 12 1 11 12 1 8 1 10 12 1 10 100 1 12 1 1 8 1 10 12 10 10 12 1 10 12 1 18 12 1 1 1 1 1 1 1 10 10 12 1 10 12 1 11 12 1 11 12 1 10 12 1 11 12 1 1 11 12 1 10 12 1 10 12 1 10 12 1 10 12 1 100 1 1 1 1 1 1 1 10 12 1 1 10 12 10 12 100 1 10 100 1 10 9 12 1 1 10 100 1 12 1 1 10 12 1 1 10 12 1 1 10 12 1 1 10 12 1 10 12 1 1 10 12 1 1 10 10 12 1 1 1 1 1 1 1 1 1 1 1 1 1 1 100 1 100 1 100 1 1 1 1 9 100 1 12 1 100 1 10 12 1 10 12 1 1 10 100 1 12 1 1 9 12 1 10 12 1 1 10 100 1 12 1 1 10 12 1 9 12 1 10 12 1 9 12 1 9 100 1 12 1 1 1 1 1 1 1 1 1 10 12 1 1 1 1 1 10 12 1 1 1 10 12 1 1 1 1 1 10 12 1 1 1 1 10 12 1 10 12 1 1 1 1 10 12 1 1 1 1 1 10 100 1 12 1 15 8 1 1 100 1 100 1 1 1
ciInstanceKlass org/eclipse/core/internal/resources/ProjectVariableProviderManager 1 1 153 7 1 7 1 1 1 1 1 1 1 1 1 1 1 1 10 12 1 9 12 1 1 10 1 1 1 1 1 10 12 1 9 12 9 12 10 7 1 12 1 1 8 1 8 1 11 7 1 12 1 1 11 7 1 12 1 1 7 1 10 12 1 11 7 1 12 1 1 11 7 1 12 1 1 8 1 10 7 1 12 1 1 7 1 10 12 1 10 100 1 12 1 1 10 11 7 1 12 1 1 11 12 1 1 11 12 1 1 11 7 1 12 1 1 7 100 1 1 1 1 1 1 1 1 1 1 1 1 1 1 1 1 1 1 1 1 1 100 100 1 1 11 12 1 1 1 1 1 1 1 1 1
ciInstanceKlass org/eclipse/core/internal/resources/ProjectVariableProviderManager$Descriptor 1 1 120 7 1 7 1 1 1 1 1 1 1 1 1 100 1 100 1 1 10 12 1 9 12 9 12 9 12 8 1 11 7 1 12 1 1 8 8 1 11 12 1 1 7 1 10 100 1 12 1 1 9 100 1 12 1 11 100 1 12 1 1 10 100 1 12 1 1 10 12 1 1 1 1 1 1 1 1 1 1 1 1 1 1 100 1 100 1 8 1 10 12 1 10 12 1 1 1 1 1 10 12 1 1 1 1 10 12 10 100 1 12 1 1 1 1 1 100 1 1 1
instanceKlass org/eclipse/core/internal/resources/projectvariables/WorkspaceParentLocationVariableResolver
instanceKlass org/eclipse/core/internal/resources/projectvariables/ParentVariableResolver
instanceKlass org/eclipse/core/internal/resources/projectvariables/WorkspaceLocationVariableResolver
instanceKlass org/eclipse/core/internal/resources/projectvariables/ProjectLocationVariableResolver
instanceKlass org/eclipse/core/internal/resources/projectvariables/EclipseHomeProjectVariable
ciInstanceKlass org/eclipse/core/resources/variableresolvers/PathVariableResolver 1 1 24 100 1 7 1 1 1 1 10 12 1 1 1 1 1 1 1 1 1 1 1 1 1 1
ciInstanceKlass org/eclipse/core/internal/resources/projectvariables/ProjectLocationVariableResolver 1 1 51 7 1 7 1 1 1 1 1 1 8 1 9 12 1 1 1 10 12 1 1 1 1 7 1 1 1 1 1 1 11 7 1 12 1 1 11 7 1 12 1 1 10 7 1 12 1 1 1 1 1
ciInstanceKlass org/eclipse/core/internal/resources/projectvariables/WorkspaceLocationVariableResolver 1 1 56 7 1 7 1 1 1 1 1 1 8 1 9 12 1 1 1 10 12 1 1 1 1 7 1 1 1 1 1 1 11 7 1 12 1 1 11 7 1 12 1 1 11 7 1 12 1 1 10 7 1 12 1 1 1 1
ciInstanceKlass org/eclipse/core/filesystem/URIUtil 1 1 198 7 1 100 1 1 1 1 10 100 1 12 1 1 10 12 1 10 7 1 100 1 1 1 1 1 1 1 1 1 1 1 10 7 1 12 1 1 8 1 10 12 1 1 10 7 1 10 12 1 11 7 1 12 1 1 10 12 1 11 100 1 12 1 1 10 7 1 12 1 1 1 1 1 1 1 11 12 1 1 11 12 1 1 10 12 1 9 12 1 1 11 12 1 11 12 1 10 12 11 12 1 1 10 12 1 1 1 1 1 1 1 9 12 1 1 10 12 1 1 10 12 1 1 7 1 10 12 1 1 10 12 1 1 10 12 1 1 8 1 10 12 1 1 10 12 1 10 10 12 1 10 12 1 10 12 1 10 12 1 100 1 1 1 1 1 1 1 1 1 1 18 12 1 1 1 1 10 12 1 1 1 1 1 10 100 1 12 1 15 8 1 1 100 1 100 1 1
ciInstanceKlass org/python/pydev/core/IInterpreterManager 1 0 69 100 1 100 1 1 1 1 8 1 1 8 1 8 1 8 1 8 1 8 1 8 1 1 1 3 1 3 1 3 1 3 1 1 1 100 1 1 1 1 1 1 1 1 1 1 1 1 1 1 1 1 1 1 1 1 1 1 1 1 1 1 1 1 1 1 1 1 1
ciInstanceKlass org/python/pydev/core/IInterpreterInfo 1 0 66 100 1 100 1 1 1 1 1 1 1 1 1 1 1 1 1 1 1 1 1 1 1 1 1 1 1 1 1 1 1 1 1 1 1 1 1 1 1 1 1 1 1 1 100 1 1 1 1 1 1 1 1 1 1 1 1 1 1 1 1 1 1 1 1 1
ciInstanceKlass org/python/pydev/ast/interpreter_managers/InterpreterInfo 1 1 2334 7 1 7 1 100 1 1 1 1 1 1 1 1 1 1 1 1 1 1 1 1 1 1 1 1 1 1 1 1 1 1 1 1 1 1 1 1 1 1 1 1 1 1 1 1 1 1 1 1 1 1 1 1 1 1 7 1 8 1 9 12 9 12 1 1 1 1 9 12 1 1 1 1 9 12 1 1 10 100 1 12 1 1 9 12 10 100 1 12 1 1 10 12 1 1 1 1 1 1 7 1 9 12 10 12 1 1 1 1 10 12 7 1 10 9 12 10 7 1 10 9 12 9 12 9 12 9 12 9 12 8 1 9 12 9 12 7 1 10 12 1 11 7 1 12 1 1 1 1 1 1 1 1 1 10 12 1 1 1 10 12 1 1 1 10 12 11 12 1 1 11 7 1 12 1 1 10 12 1 1 11 7 1 12 1 1 11 12 1 10 12 1 1 11 12 1 1 11 12 1 1 7 10 12 1 1 10 12 1 1 1 1 7 1 1 10 12 9 12 11 11 9 12 9 12 10 7 1 12 1 9 12 10 10 1 1 1 10 12 1 1 10 12 1 8 1 10 12 1 1 100 1 18 12 1 1 10 12 1 10 12 1 8 1 8 1 10 12 1 1 10 12 1 10 12 1 1 10 7 1 12 1 1 8 1 10 12 1 1 8 1 8 1 8 1 10 12 1 1 7 1 7 1 10 10 12 1 10 7 1 12 1 1 11 7 1 12 1 1 11 7 1 12 1 1 11 7 1 12 1 8 1 11 10 7 1 10 11 12 1 8 8 10 12 1 8 8 1 8 1 8 1 8 1 11 12 1 1 8 1 11 7 1 12 1 1 10 7 1 12 1 11 10 12 1 8 1 8 1 8 1 8 1 10 12 1 1 8 1 10 12 1 1 8 1 8 1 18 10 7 1 12 1 1 18 12 1 11 12 1 7 1 10 10 12 1 1 10 12 1 1 10 12 1 10 12 1 11 7 1 10 7 1 12 1 1 9 7 1 12 1 9 12 1 11 7 1 11 12 1 11 12 1 1 11 7 1 11 12 1 11 12 1 18 10 12 1 1 10 12 1 10 12 1 1 8 1 8 1 10 12 1 1 10 12 1 1 10 12 1 10 12 1 1 10 12 1 7 1 10 8 1 10 12 1 1 8 1 10 12 1 8 1 18 10 12 1 10 12 1 100 1 100 1 1 1 1 1 1 1 1 1 1 1 1 1 1 1 1 1 1 1 1 1 1 1 1 1 1 1 1 1 1 1 1 1 1 1 1 1 1 1 1 1 1 1 1 1 1 1 1 1 1 1 1 1 1 1 1 1 1 10 12 1 11 12 1 11 1 1 1 18 1 8 1 10 12 1 8 1 8 1 10 12 8 1 8 1 10 12 1 8 1 10 12 1 8 1 8 1 10 12 1 1 8 1 8 1 10 12 1 8 1 10 12 1 1 10 100 1 12 1 1 10 12 1 1 1 1 1 1 1 1 1 1 1 1 1 1 1 1 1 1 1 1 1 9 7 1 12 1 10 12 1 11 100 1 12 1 1 9 12 8 1 10 100 1 12 1 1 11 100 1 12 1 1 10 12 1 10 1 7 1 10 8 1 10 12 1 1 9 12 8 1 10 12 1 1 8 1 8 1 8 1 8 1 8 1 18 12 1 8 1 8 1 8 1 8 1 8 1 10 12 8 1 11 8 1 8 1 8 1 8 1 10 8 1 8 1 10 12 1 1 8 1 8 1 8 1 8 1 8 1 8 1 10 1 1 1 1 1 1 1 10 10 12 1 8 1 8 1 10 12 1 8 1 8 1 8 1 8 1 1 1 8 1 8 1 8 1 8 1 8 1 8 1 10 12 1 1 1 1 10 12 1 8 1 8 1 8 1 8 1 8 1 8 1 8 1 8 1 8 1 8 1 8 1 8 1 10 12 1 8 1 8 1 8 1 8 1 8 1 8 1 8 1 8 1 8 1 8 1 8 1 8 1 8 1 8 1 8 1 8 1 8 1 8 1 8 1 8 1 8 1 8 1 8 1 8 1 8 1 8 1 8 1 8 1 8 1 8 1 8 1 8 1 8 1 8 1 8 1 8 1 8 1 8 1 8 1 8 1 8 1 8 1 8 1 8 1 8 1 8 1 8 1 8 1 8 1 8 1 8 1 8 1 8 1 8 1 8 1 8 1 8 1 8 1 8 1 8 1 8 1 8 1 8 1 8 1 8 1 8 1 8 1 8 8 1 8 1 8 1 8 1 8 1 8 1 8 1 8 1 8 1 8 1 8 1 8 1 8 1 8 1 8 1 8 1 8 1 8 1 8 1 8 1 8 1 8 1 8 1 8 1 8 1 8 1 8 1 8 1 8 1 8 1 8 1 8 1 8 1 8 1 8 1 8 1 8 1 8 1 8 1 8 1 8 1 8 1 8 1 8 1 8 1 8 1 8 1 8 1 8 1 8 1 8 1 8 1 8 1 8 1 8 1 8 1 8 1 8 1 8 1 8 1 8 1 8 1 8 1 8 1 8 1 8 1 8 1 8 1 8 1 8 1 8 1 8 1 8 1 8 1 8 1 8 1 8 1 8 1 8 1 8 1 8 1 8 1 8 1 8 1 8 1 8 1 8 1 8 1 8 1 8 1 8 1 8 1 8 1 8 1 8 1 8 1 8 1 8 1 8 1 8 1 8 1 8 1 8 1 8 1 8 1 8 1 8 1 8 1 8 1 8 1 8 1 8 1 8 1 8 1 8 1 8 1 8 1 8 1 8 1 8 1 8 1 8 1 8 1 8 1 8 1 8 1 8 1 8 1 8 1 8 1 8 1 8 1 8 1 8 1 8 1 8 1 8 1 8 1 8 1 8 1 8 1 8 1 8 1 8 1 8 1 8 1 8 1 8 1 8 1 8 1 8 1 8 1 8 1 8 1 8 1 8 1 8 1 8 1 8 1 8 1 8 1 8 1 8 1 8 1 8 1 8 1 8 1 8 1 8 1 8 1 8 1 8 1 8 1 8 1 8 1 8 1 8 1 8 1 8 1 8 1 8 1 8 1 8 1 8 1 8 1 8 1 8 1 8 1 8 1 8 1 8 1 8 1 8 1 8 1 8 1 8 1 8 1 8 1 8 1 8 1 8 1 8 1 8 1 8 1 8 1 8 1 8 1 8 1 8 1 8 1 8 1 8 1 8 1 8 1 8 1 8 1 8 1 8 1 8 1 8 1 8 1 8 1 8 1 8 1 8 1 8 1 8 1 8 1 8 1 8 1 8 1 8 1 8 1 8 1 8 1 8 1 8 1 8 1 8 1 8 1 8 1 8 1 8 1 8 1 8 1 8 1 8 1 8 1 8 1 8 1 8 1 8 1 8 1 8 1 8 1 8 1 8 1 8 1 8 1 8 1 8 1 8 1 8 1 8 1 8 1 8 1 8 1 8 1 8 1 8 1 8 1 8 1 8 1 8 1 8 1 8 1 8 1 8 1 8 1 8 1 8 1 8 1 8 1 8 1 8 1 8 1 8 1 8 1 8 1 8 1 8 1 8 1 8 1 8 1 8 1 8 1 8 1 8 1 8 1 8 1 8 1 8 1 8 1 8 1 8 1 8 1 8 1 8 1 8 1 8 1 8 1 8 1 8 1 8 1 8 1 8 1 8 1 8 1 8 1 8 1 8 1 8 1 8 1 8 1 8 1 8 1 8 1 8 1 8 1 8 1 8 1 8 1 8 1 8 1 8 1 8 1 8 1 8 1 8 1 8 1 8 1 8 1 8 1 8 1 8 1 8 1 8 1 8 1 8 1 8 1 8 1 8 1 18 12 1 1 1 100 1 7 1 10 10 12 8 1 10 12 1 1 8 1 8 1 8 1 8 1 1 1 10 12 1 10 12 1 100 1 10 12 1 18 10 12 1 1 10 12 1 10 100 1 12 1 1 1 1 1 9 12 9 12 9 12 1 1 10 12 11 100 1 12 1 1 10 12 1 10 12 1 100 1 10 12 1 8 1 8 1 8 1 10 12 1 8 1 1 10 7 1 12 10 1 1 10 7 1 12 1 1 1 10 12 1 1 1 1 7 1 10 11 10 12 1 1 1 1 1 18 1 11 12 1 1 1 10 12 1 10 7 1 12 1 10 10 1 1 1 1 1 10 12 1 1 9 12 10 8 1 8 1 8 1 8 1 10 12 1 1 1 10 12 1 10 12 1 1 10 12 1 1 10 12 18 10 12 1 11 12 1 10 12 1 1 10 12 11 11 10 12 1 10 12 1 18 10 10 12 1 1 1 1 1 1 1 1 1 10 7 1 12 1 100 1 8 1 10 10 7 1 12 1 1 11 100 1 12 1 1 8 1 8 1 10 8 1 11 12 1 1 10 100 1 12 1 1 10 100 1 12 1 1 10 12 1 10 12 1 1 18 8 1 8 1 8 1 10 12 1 10 12 1 1 10 100 1 12 1 1 10 12 1 1 10 18 10 12 1 1 8 1 1 1 1 1 1 1 1 1 1 1 1 1 100 1 1 1 1 1 8 1 8 1 8 1 1 1 1 18 1 1 11 100 1 12 1 1 100 1 1 1 1 1 10 11 12 1 1 1 1 10 12 1 18 18 10 12 1 1 1 1 1 1 1 10 10 12 10 12 1 1 1 1 18 1 10 12 1 1 1 1 1 10 12 1 1 10 7 1 12 1 18 12 1 1 11 12 1 1 1 1 1 1 10 12 100 1 10 10 12 1 1 8 1 9 12 11 7 1 12 1 10 12 1 8 1 10 7 1 12 1 1 11 12 1 1 1 1 1 1 1 1 1 1 100 1 100 1 8 1 10 1 1 1 1 1 10 12 10 12 1 1 1 1 1 100 1 10 12 10 12 1 1 8 1 10 12 1 1 18 10 1 1 1 1 1 10 12 1 1 8 1 1 1 18 10 100 1 12 1 1 18 10 12 1 1 100 1 10 100 1 12 1 1 10 12 1 1 1 1 1 1 8 1 1 1 1 1 1 9 12 10 8 1 8 1 8 1 8 1 100 1 10 12 1 8 1 10 12 1 1 1 1 1 1 1 9 12 1 1 1 10 12 1 1 18 1 1 1 1 1 10 7 1 12 1 15 8 1 8 1 8 1 8 1 8 1 8 1 8 1 8 1 8 1 8 1 8 1 8 1 8 1 8 1 8 1 8 1 8 1 10 7 1 12 1 1 15 16 10 12 15 1 16 8 1 8 1 8 1 8 1 1 100 1 100 1 1 1 1 1 1 1 1
instanceKlass org/python/pydev/ast/interpreter_managers/IronpythonInterpreterManager
instanceKlass org/python/pydev/ast/interpreter_managers/JythonInterpreterManager
instanceKlass org/python/pydev/ast/interpreter_managers/PythonInterpreterManager
ciInstanceKlass org/python/pydev/ast/interpreter_managers/AbstractInterpreterManager 1 1 776 7 1 7 1 100 1 1 1 1 1 1 1 1 1 1 1 1 1 1 1 1 1 1 1 1 1 1 1 1 1 1 1 1 1 1 1 1 1 9 12 18 12 1 1 11 7 1 12 1 1 18 1 1 1 1 1 1 1 9 12 10 7 1 12 1 1 1 1 1 1 10 12 1 11 7 1 12 1 1 18 12 1 11 12 1 7 1 10 12 1 1 10 12 1 1 11 7 1 12 1 1 11 12 1 1 10 12 1 1 1 1 1 1 1 1 1 7 1 18 9 12 10 12 1 1 10 7 1 12 1 1 8 1 11 7 1 12 1 1 10 100 1 12 1 1 7 1 1 1 1 1 1 1 1 7 1 8 1 10 12 1 1 10 12 1 1 11 7 1 12 1 1 100 1 1 1 18 18 1 1 10 12 1 9 12 7 1 10 9 12 7 1 10 12 1 9 12 9 12 10 12 1 1 7 1 8 1 10 12 1 1 11 7 1 12 1 1 11 7 1 12 1 1 7 1 11 12 1 1 11 12 1 1 1 1 1 1 1 7 1 1 10 12 1 1 1 11 12 1 10 12 1 1 1 10 12 1 18 18 9 12 11 100 1 12 1 10 12 1 1 1 1 1 1 1 7 1 9 12 7 1 10 12 1 10 12 1 10 12 1 1 11 12 1 1 1 1 1 1 100 1 100 1 1 1 1 11 100 1 12 1 10 12 9 7 1 12 1 100 1 10 12 1 9 12 1 10 12 1 18 18 12 1 9 12 1 18 9 12 11 100 1 12 10 100 1 1 1 1 1 1 1 1 1 1 1 1 1 1 1 18 7 1 10 10 7 1 12 1 1 10 12 1 1 1 1 1 1 1 11 12 1 1 11 7 1 11 12 1 1 8 1 10 7 1 12 1 1 10 1 9 12 7 1 10 8 1 10 12 1 1 10 12 1 11 12 8 1 10 12 1 11 12 1 10 18 10 12 1 10 12 1 10 12 1 1 100 1 10 10 12 1 1 11 12 1 11 12 1 1 10 12 1 1 18 10 12 1 11 12 1 1 9 12 1 1 1 1 1 1 1 1 1 100 1 1 7 1 10 11 12 1 10 12 1 1 10 1 1 1 1 8 1 10 7 1 12 1 1 10 12 1 18 1 1 9 12 10 12 8 1 11 12 1 1 1 10 12 11 12 1 11 12 1 10 100 1 12 1 8 1 10 12 1 1 10 12 1 1 11 12 1 7 1 10 12 1 1 11 10 12 1 10 7 1 12 1 1 10 12 1 1 10 12 1 1 7 1 11 12 1 1 10 12 1 10 7 1 12 1 11 7 1 10 12 11 12 1 10 10 10 10 7 1 12 1 1 1 1 1 1 1 1 1 1 1 1 1 1 1 1 1 1 1 1 1 1 1 1 100 1 1 11 12 1 1 11 7 1 11 12 1 11 12 1 11 12 1 1 1 1 1 1 1 1 10 7 1 12 1 10 12 1 11 11 12 1 1 11 7 1 12 1 1 11 12 1 18 10 12 1 11 12 1 1 10 7 1 12 1 1 11 7 1 12 1 10 12 1 8 1 10 8 1 11 12 1 10 12 11 12 1 1 10 7 1 12 1 1 11 12 1 100 1 1 1 1 1 1 1 1 1 1 1 1 1 1 1 1 1 1 1 1 1 1 1 10 7 1 12 1 15 8 1 8 1 8 1 8 1 8 1 8 1 8 1 8 1 8 1 8 1 8 1 8 1 8 1 1 100 1 100 1 1 1
ciInstanceKlass org/python/pydev/ast/interpreter_managers/PythonInterpreterManager 1 1 115 7 1 7 1 1 1 1 10 12 1 1 1 1 1 1 1 1 100 1 8 1 1 8 1 1 1 1 100 1 1 1 10 12 1 1 1 1 1 1 1 1 8 1 10 7 1 12 1 1 100 1 8 1 10 12 1 10 12 1 1 7 1 10 12 1 10 7 1 12 1 1 8 1 10 12 1 1 10 12 1 1 10 12 1 1 7 1 9 12 1 1 7 1 10 12 1 1 1 1 1 1 1 1 1 1 100 1 1 1 1 8 1 1 1
ciInstanceKlass org/python/pydev/plugin/nature/IPythonNatureStore 1 0 29 100 1 100 1 1 1 1 1 1 100 1 1 1 1 1 1 1 1 1 1 1 1 1 1 1 1 1 1
instanceKlass org/python/pydev/core/ProjectMisconfiguredException
instanceKlass org/python/pydev/core/NotConfiguredInterpreterException
ciInstanceKlass org/python/pydev/core/MisconfigurationException 1 1 35 100 1 7 1 1 1 1 5 0 1 1 1 10 12 1 1 1 1 1 10 12 1 1 1 10 12 1 1 1 10 12 1 1 1
instanceKlass org/python/pydev/plugin/nature/SystemPythonNature
instanceKlass org/python/pydev/plugin/nature/PythonNature
ciInstanceKlass org/python/pydev/core/nature/AbstractPythonNature 1 1 126 7 1 7 1 100 1 1 1 1 1 1 1 1 1 1 1 1 10 12 7 1 10 9 12 9 12 7 1 10 9 12 1 1 1 1 1 1 1 100 1 10 12 1 1 1 1 1 1 10 12 1 1 1 10 7 1 12 1 1 100 1 1 10 7 1 12 1 1 1 1 1 10 12 1 1 11 7 1 12 1 1 10 12 1 1 11 7 1 12 1 1 1 1 1 100 1 1 10 12 1 1 11 12 1 10 100 1 12 1 1 100 1 1 1 1 10 12 1 1 1 10 12 1 1 1
ciInstanceKlass org/python/pydev/core/IPythonPathNature 1 0 49 100 1 100 1 1 1 1 1 1 1 1 1 1 100 1 1 1 1 1 1 1 1 1 1 1 1 1 1 1 1 1 1 1 1 1 1 1 1 1 1 1 1 1 1 1 1 1 1
ciInstanceKlass org/python/pydev/core/PythonNatureWithoutProjectException 0 0 23 100 1 100 1 1 1 1 5 0 1 1 1 10 12 1 1 1 1 1 1 1 1
ciInstanceKlass org/python/pydev/core/ProjectMisconfiguredException 1 1 28 100 1 7 1 1 1 1 5 0 1 1 1 10 12 1 1 1 1 1 1 1 10 12 1 1 1 1
ciInstanceKlass org/python/pydev/plugin/nature/PythonNature 1 1 1130 7 1 7 1 100 1 1 1 1 1 1 1 1 1 1 8 1 1 8 1 1 8 1 1 8 1 1 1 1 1 1 1 1 1 1 1 1 1 1 1 1 1 1 1 1 1 1 1 1 1 1 1 1 1 1 1 1 1 1 7 1 10 12 1 9 12 9 12 9 12 9 12 7 1 10 9 12 7 1 10 9 12 9 12 9 12 1 1 1 1 1 11 7 1 12 1 1 11 100 1 12 1 1 7 1 10 12 1 11 12 1 10 12 1 1 10 12 1 1 11 12 1 1 1 1 1 1 1 1 1 1 1 7 1 10 9 12 7 1 10 9 12 7 1 10 9 12 7 1 8 1 10 12 1 9 12 7 1 10 12 1 9 12 9 12 9 12 9 12 9 12 10 12 1 11 1 1 1 7 1 7 1 8 1 8 1 10 12 1 1 8 1 1 8 1 1 1 1 7 1 7 1 10 12 1 1 10 12 1 1 1 1 1 7 1 10 12 1 1 1 1 1 1 1 9 12 1 1 10 12 1 1 11 7 1 12 11 7 1 12 1 7 1 10 10 12 1 1 10 12 1 1 1 1 10 12 1 1 10 7 1 12 1 1 10 100 1 12 1 8 1 11 7 1 12 1 1 11 7 1 12 1 1 11 12 1 1 11 100 1 12 1 1 10 100 1 12 1 1 10 12 1 11 12 11 12 1 1 11 12 1 1 100 1 11 12 1 1 11 12 1 1 7 1 1 1 1 1 1 1 1 1 1 1 1 1 1 1 11 12 1 11 12 1 1 11 7 1 12 1 11 12 1 1 5 0 10 100 1 12 1 1 8 1 10 100 1 12 1 1 11 12 1 1 10 12 1 1 10 100 1 12 1 11 12 1 1 11 100 1 12 1 1 11 12 1 1 11 12 100 1 1 1 1 1 1 1 1 1 1 1 1 1 1 1 1 1 100 7 1 100 1 11 12 1 1 10 12 1 1 1 1 11 12 1 10 12 1 1 11 12 1 1 11 12 1 11 12 1 10 12 1 11 12 1 9 12 9 12 10 12 1 11 12 1 5 0 10 100 1 12 1 10 12 1 1 100 1 10 12 1 1 18 12 1 1 10 12 1 10 7 1 12 1 1 11 7 1 12 1 11 12 1 11 12 1 1 11 7 1 12 1 1 100 1 8 1 10 12 1 1 100 1 11 12 1 1 1 1 1 1 1 1 1 1 7 1 1 1 11 12 1 1 11 7 1 12 1 10 12 1 1 1 1 10 12 10 12 8 1 10 12 1 1 10 12 1 5 0 10 1 1 1 1 1 1 1 1 10 7 1 12 1 1 11 7 1 12 1 1 11 7 1 12 1 1 1 1 1 1 1 100 1 11 7 1 10 12 1 1 7 1 10 12 1 1 11 10 12 1 1 1 1 1 1 1 10 12 1 1 9 7 1 12 1 1 1 10 12 11 12 1 1 10 12 1 9 7 1 12 1 1 10 7 1 12 1 18 10 12 1 8 1 10 12 1 8 1 18 8 10 12 1 10 7 1 12 1 1 10 12 1 1 11 7 1 12 7 1 10 12 1 10 12 1 1 10 12 1 1 11 12 1 11 12 1 18 12 1 10 12 1 9 7 1 12 1 10 7 1 12 1 18 18 100 1 1 1 1 1 1 1 1 11 12 1 1 10 12 1 1 1 1 1 1 1 1 7 1 10 10 12 1 10 12 1 10 12 1 10 12 1 10 12 1 18 10 8 1 10 12 1 10 12 1 1 10 12 10 12 1 1 1 1 1 1 10 12 9 12 1 10 12 1 1 1 1 1 8 1 8 1 8 1 1 18 11 12 1 1 1 10 12 10 12 1 10 12 1 8 1 10 12 1 8 1 8 1 1 11 12 1 7 1 10 1 1 1 1 8 1 10 12 1 1 1 10 12 10 7 1 12 1 10 12 1 10 12 1 100 1 18 12 1 10 10 12 1 11 12 10 7 1 12 1 1 1 10 12 10 12 1 11 7 1 12 1 1 11 12 1 1 1 1 1 11 12 1 1 11 12 1 1 1 1 1 1 8 1 18 18 12 1 11 12 1 10 12 1 1 1 10 12 1 8 1 8 1 8 1 8 1 8 1 8 1 8 1 8 1 8 1 8 1 8 1 8 1 8 1 8 1 8 1 8 1 8 1 8 1 8 1 8 1 8 1 8 1 8 1 8 1 18 8 1 10 7 1 8 1 10 11 11 12 1 1 11 12 1 11 12 1 1 10 7 1 12 1 1 11 12 1 1 11 12 1 1 11 12 1 8 1 18 10 1 1 1 1 1 1 1 1 18 1 1 1 1 1 1 1 1 1 100 1 10 10 100 1 12 1 1 8 1 11 12 1 11 100 1 8 1 8 1 10 12 1 10 12 1 11 12 1 1 10 100 1 12 1 8 1 8 1 10 12 1 8 1 1 1 1 1 1 1 1 1 10 7 1 12 1 15 8 1 8 1 8 1 8 1 8 1 8 1 8 1 8 1 8 1 8 1 8 1 8 1 8 1 1 100 1 100 1 1 1 1 1 1 100 1
staticfield org/python/pydev/plugin/nature/PythonNature createdNatures Ljava/util/List; java/util/ArrayList
staticfield org/python/pydev/plugin/nature/PythonNature mapLock Ljava/lang/Object; java/lang/Object
staticfield org/python/pydev/plugin/nature/PythonNature mapLockAddNature Ljava/util/Map; java/util/HashMap
staticfield org/python/pydev/plugin/nature/PythonNature lockGetNature Ljava/lang/Object; java/lang/Object
ciInstanceKlass org/python/pydev/plugin/nature/PythonPathNature 1 1 544 7 1 7 1 100 1 1 1 1 1 1 1 1 1 1 1 1 1 1 3 1 3 1 1 1 9 12 9 12 9 12 1 1 1 10 12 9 12 1 1 1 1 7 1 7 1 8 1 8 1 10 12 1 1 1 8 1 1 8 1 1 1 9 12 7 1 9 12 1 1 1 1 1 1 1 1 1 10 12 1 1 5 0 10 100 1 12 1 1 11 100 1 12 1 100 1 1 1 1 1 1 1 1 11 100 1 12 1 1 11 100 1 12 1 1 1 1 1 1 100 1 1 100 1 10 7 1 10 12 1 10 12 1 1 7 1 10 12 1 1 10 12 1 1 10 12 1 1 8 1 10 7 1 12 1 1 7 1 10 11 7 1 12 1 1 11 7 1 12 1 1 10 12 1 1 10 12 1 1 7 1 10 12 1 10 12 1 1 10 12 1 1 8 1 11 7 1 12 1 1 11 7 1 12 1 1 11 12 1 1 11 7 1 12 1 1 11 12 1 1 10 7 1 12 1 1 100 1 11 12 1 10 12 1 1 18 12 1 1 10 7 1 12 1 1 11 12 1 10 12 1 10 7 1 12 1 1 1 1 1 1 1 1 1 1 1 1 1 1 1 1 1 1 1 1 1 1 1 1 1 1 7 1 10 11 12 1 11 7 1 12 1 1 1 1 1 8 1 10 7 1 12 1 1 100 1 11 12 1 10 1 1 1 1 1 1 1 10 12 1 1 10 12 11 7 1 12 1 1 1 1 10 12 1 1 1 1 10 12 11 12 1 1 1 1 1 1 1 1 1 10 12 1 10 12 1 1 1 1 1 1 100 1 10 100 1 18 12 1 10 12 1 11 12 1 1 18 7 1 10 11 12 1 8 1 10 12 1 1 10 12 1 11 12 1 10 12 1 1 11 12 1 11 10 10 12 10 12 1 10 12 1 1 10 12 1 1 11 12 1 18 12 1 11 12 1 1 10 12 1 1 18 1 1 1 1 1 1 1 1 1 1 1 1 1 1 1 1 1 1 1 10 12 1 1 1 1 1 1 10 12 1 1 7 1 10 10 12 1 1 11 7 1 12 1 1 10 7 1 12 1 1 10 12 1 1 18 12 10 12 1 1 11 12 1 1 18 11 100 1 11 12 1 7 1 100 1 1 1 1 1 1 1 1 100 1 100 1 1 1 1 10 7 1 12 1 15 8 1 8 1 8 1 8 1 8 1 1 100 1 100 1 1
ciInstanceKlass org/python/pydev/plugin/nature/PythonNatureStore 1 1 944 7 1 7 1 100 1 100 1 1 1 1 8 1 1 1 1 1 1 1 1 1 1 1 3 1 1 1 1 1 1 1 1 1 1 1 1 1 10 7 1 12 1 1 9 12 10 12 1 9 12 1 1 1 9 12 9 12 9 12 9 12 9 12 7 1 10 9 12 7 1 10 9 12 1 1 1 1 1 1 1 1 1 1 1 1 10 12 8 1 10 12 10 100 1 12 1 1 11 7 1 12 1 1 8 1 11 7 1 12 1 11 12 1 1 10 12 1 100 1 10 7 1 12 1 1 18 12 1 1 10 12 1 9 7 1 12 1 11 11 12 1 8 1 100 1 1 1 100 1 1 1 8 1 10 100 1 12 1 1 10 12 10 100 1 12 1 1 1 1 1 1 1 8 1 8 10 12 11 7 1 12 1 1 10 12 1 1 10 12 1 1 11 12 1 1 8 1 1 1 1 1 7 1 1 1 1 8 7 1 8 1 10 12 1 1 8 8 1 10 12 1 1 8 1 100 1 100 1 8 1 10 100 1 12 1 10 12 1 10 12 1 10 12 1 1 8 1 1 1 1 1 1 1 1 1 1 1 8 10 12 1 1 10 12 1 1 1 1 1 8 11 12 1 1 10 12 1 1 11 7 1 12 1 1 11 7 1 12 1 1 8 1 11 12 1 1 10 12 1 11 12 1 11 12 1 1 11 7 1 12 1 11 12 1 1 11 100 1 12 1 1 11 100 1 12 1 1 100 1 11 12 1 10 12 1 1 11 12 1 11 12 1 11 12 1 11 12 1 1 10 12 1 1 8 1 8 1 1 1 1 1 1 1 1 1 1 1 1 8 10 7 1 12 1 1 8 1 10 12 1 1 8 1 8 1 8 1 10 12 1 1 10 12 1 10 12 1 1 10 7 1 12 1 10 12 1 1 10 7 1 12 1 1 10 12 1 1 7 1 10 12 1 1 10 12 1 10 7 1 12 1 1 10 12 1 1 8 1 100 1 1 1 1 1 1 1 1 1 18 10 12 1 10 12 1 1 18 1 10 12 1 1 8 1 8 1 11 12 1 1 11 8 1 10 100 1 12 1 1 10 12 1 1 10 100 1 12 1 10 12 1 10 12 1 1 1 1 1 11 7 1 12 1 1 11 7 1 12 1 1 1 8 11 12 1 10 12 1 1 11 12 1 8 1 1 8 8 1 100 1 8 18 10 11 12 1 1 11 7 1 12 1 11 12 1 1 8 1 8 1 1 1 8 10 12 1 10 12 1 18 12 1 8 1 1 8 11 12 1 1 11 12 1 11 11 12 1 1 11 12 1 8 1 8 1 1 1 1 1 1 1 1 1 1 8 7 1 10 10 12 1 1 11 7 1 12 1 11 8 1 11 12 1 1 8 1 1 1 1 1 1 1 1 1 1 8 100 1 10 8 1 1 8 7 1 10 10 12 1 1 10 12 1 8 1 10 8 1 1 1 1 1 8 10 8 1 1 1 1 8 8 1 8 1 10 12 1 8 1 1 1 8 1 8 8 1 8 1 8 1 8 1 18 8 1 10 7 1 12 1 8 8 1 8 1 100 1 8 11 12 1 10 12 1 11 12 1 1 8 1 1 1 8 11 12 1 10 12 1 1 8 1 8 1 10 12 1 1 10 12 1 1 1 8 1 1 8 11 12 1 1 8 1 8 8 1 8 1 8 1 8 1 8 1 8 10 10 10 12 8 1 8 1 1 1 1 1 1 1 1 100 1 100 1 8 100 1 10 10 100 1 12 1 10 12 1 1 100 1 8 1 8 1 10 100 1 12 1 1 8 1 8 1 8 8 1 100 1 10 12 1 100 1 10 12 1 10 12 1 1 8 1 10 12 1 1 1 1 1 1 1 1 1 1 1 1 8 1 9 12 8 1 11 12 1 8 1 11 7 1 12 1 1 8 1 11 12 1 11 7 1 12 1 1 8 1 10 12 1 1 10 12 1 8 1 1 1 1 1 1 1 1 1 9 12 1 8 8 1 8 1 8 1 8 1 10 12 10 8 1 10 12 1 10 12 1 1 18 8 1 1 1 1 1 1 1 10 7 1 12 1 15 8 1 8 1 8 1 8 1 8 1 8 1 8 1 1 100 1 100 1 1 1
staticfield org/python/pydev/plugin/nature/PythonNatureStore NULL_VALUE_IN_CACHE Ljava/lang/Object; java/lang/Object
staticfield org/python/pydev/plugin/nature/PythonNatureStore $assertionsDisabled Z 1
ciInstanceKlass org/python/pydev/shared_core/string/StringUtils 1 1 870 7 1 7 1 1 1 1 8 1 1 1 1 1 1 1 1 1 1 1 1 1 1 1 1 3 1 3 1 3 1 1 1 10 12 1 9 12 7 1 10 12 1 9 12 7 1 10 12 1 9 12 3 9 12 9 12 8 1 10 7 1 12 1 1 9 12 1 1 1 1 1 1 1 7 1 10 12 1 1 1 1 1 10 12 1 1 10 12 1 1 10 12 1 1 7 1 10 100 1 100 1 10 12 1 1 18 12 1 1 10 1 1 1 1 1 1 1 1 1 1 1 1 1 1 1 1 1 1 1 100 100 1 1 10 100 1 12 1 1 10 100 1 12 1 1 10 12 1 1 1 1 1 11 7 1 12 1 11 12 1 1 10 12 1 1 1 1 10 12 8 1 10 12 1 1 1 1 10 10 12 1 1 10 12 1 1 10 12 1 1 10 12 1 10 1 1 1 1 1 1 1 1 100 1 1 10 12 1 1 10 100 1 8 1 10 5 0 18 1 1 1 1 1 1 18 1 1 1 1 1 1 10 12 1 1 9 7 1 12 1 1 10 12 1 1 8 1 10 7 1 12 1 1 7 1 10 12 1 1 10 12 1 100 1 10 12 1 10 12 1 10 12 1 1 10 12 1 100 1 1 1 1 1 1 1 1 1 100 1 1 1 1 10 100 1 12 1 1 7 1 10 10 10 12 1 1 1 1 1 1 1 1 10 12 1 10 10 12 1 1 1 1 1 1 1 1 10 12 1 1 1 10 10 12 1 1 1 1 10 12 10 12 1 1 1 1 10 12 1 1 10 12 1 1 10 7 1 12 1 11 7 1 10 12 1 1 11 1 1 1 1 1 8 1 8 1 8 1 8 1 8 1 8 1 100 1 18 12 10 1 1 1 1 1 18 1 1 1 1 1 10 100 1 10 1 1 10 1 1 10 12 1 1 10 100 1 12 1 1 1 1 10 12 1 10 12 1 1 1 1 1 18 12 1 1 1 1 1 1 1 1 1 1 10 12 1 1 10 12 1 1 1 1 1 1 10 12 10 12 1 1 1 9 12 1 10 12 1 10 12 1 10 12 10 12 1 100 1 1 1 1 1 1 1 1 1 1 1 100 1 1 8 1 10 8 1 11 100 1 12 1 1 11 100 1 12 1 11 12 1 1 1 1 1 1 1 1 1 1 10 12 1 1 1 1 10 12 1 1 1 10 12 1 1 10 12 1 1 1 1 10 12 10 12 1 10 12 1 1 1 100 1 10 10 100 1 12 1 1 8 1 9 100 1 12 1 1 11 100 1 12 1 100 1 10 10 12 1 1 11 12 1 11 12 1 1 1 1 1 1 1 1 1 11 100 1 12 1 1 1 1 1 10 12 1 1 1 11 7 1 11 12 1 1 11 12 1 1 1 1 10 12 1 1 1 1 8 1 10 12 7 1 10 12 1 1 1 1 1 1 1 10 12 1 1 10 100 1 12 1 1 1 1 1 1 1 8 1 10 12 8 1 1 1 10 12 1 10 12 1 10 12 10 12 1 1 1 10 12 1 1 1 1 1 10 12 10 12 1 10 12 10 12 1 1 1 10 12 18 12 1 1 1 1 1 1 1 10 12 1 10 12 1 10 100 1 12 1 1 10 12 1 1 9 100 1 12 1 1 10 100 1 12 1 1 10 12 1 10 100 1 12 1 1 10 12 1 1 10 100 1 10 100 1 12 1 1 8 1 10 1 1 1 1 1 1 1 100 1 1 18 1 1 1 10 12 1 1 1 1 1 1 1 10 12 1 1 10 12 1 10 12 1 1 10 12 8 1 10 12 1 1 1 1 100 1 10 12 1 10 12 1 1 10 100 1 12 1 1 11 100 1 12 1 1 1 1 1 1 18 1 1 11 1 1 1 1 1 1 1 10 100 1 12 1 15 8 1 8 1 8 1 8 1 8 1 8 1 1 100 1 100 1 1 1 100 1 1 1
staticfield org/python/pydev/shared_core/string/StringUtils md5CacheLock Ljava/lang/Object; java/lang/Object
staticfield org/python/pydev/shared_core/string/StringUtils md5Cache Lorg/python/pydev/shared_core/cache/LRUCache; org/python/pydev/shared_core/cache/LRUCache
staticfield org/python/pydev/shared_core/string/StringUtils compiled Ljava/util/regex/Pattern; java/util/regex/Pattern
ciInstanceKlass org/python/pydev/core/docutils/StringSubstitution 1 1 267 7 1 7 1 1 1 1 1 1 1 1 1 9 12 100 1 10 12 1 1 10 12 1 1 1 1 1 1 1 10 1 1 1 11 7 1 12 1 1 11 12 1 1 10 12 1 1 10 100 1 12 1 1 100 1 1 1 1 1 1 1 1 1 1 1 11 7 1 12 1 1 11 7 1 12 1 1 11 7 1 12 1 1 8 1 11 7 1 12 1 1 11 12 1 1 11 7 1 12 1 1 11 12 1 1 11 12 1 1 10 7 1 12 1 8 1 10 7 1 12 1 1 10 12 1 7 1 10 12 1 10 12 1 7 1 1 1 1 1 1 1 1 1 1 1 1 1 1 1 1 100 1 1 10 7 1 12 1 1 11 7 1 12 1 1 11 7 1 12 1 1 7 1 11 12 1 10 11 12 1 11 12 1 1 1 1 1 1 1 1 1 1 1 1 100 1 10 7 1 12 1 1 10 12 1 1 10 12 1 1 11 7 1 12 1 1 1 1 11 12 1 1 10 12 1 7 1 10 12 1 10 12 1 10 1 10 100 1 12 1 1 10 100 1 12 1 1 10 12 1 100 1 1 1 1 1 100 1 1 1 1 1 1 1 100 1
ciInstanceKlass org/python/pydev/core/log/Log 1 1 53 7 1 100 1 1 1 1 10 12 1 1 1 1 1 1 10 7 1 12 1 1 1 1 1 1 1 100 1 10 7 1 12 1 1 8 1 10 1 100 1 1 7 1 10 12 1 1 1 1 1 1 1
ciInstanceKlass org/python/pydev/shared_core/utils/PlatformUtils 1 1 156 7 1 100 1 1 1 1 1 1 1 1 1 1 9 12 9 12 9 12 10 7 1 12 1 1 100 1 8 1 10 7 1 12 1 1 10 7 1 12 1 1 9 12 8 1 8 1 10 100 1 12 1 1 10 12 1 8 1 10 12 1 1 8 1 10 12 1 1 100 1 1 1 1 1 1 1 1 1 1 10 12 1 1 1 1 10 12 1 1 1 1 1 1 10 12 7 1 10 10 12 100 1 10 10 12 100 1 10 8 1 10 100 1 12 1 1 100 1 10 1 1 10 100 1 12 1 1 11 100 1 12 1 10 12 1 5 0 10 12 1 1 10 100 1 12 1 1 100 1 1 1 1 1 1 1
ciInstanceKlass org/python/pydev/shared_core/log/Log 1 1 196 7 1 100 1 1 1 1 1 1 1 1 3 1 1 1 7 1 10 12 1 9 12 1 1 100 1 10 1 1 1 1 10 100 1 12 1 1 8 1 10 12 1 1 1 1 100 1 1 7 1 10 12 1 1 1 1 1 1 10 7 1 12 1 1 8 1 10 12 1 1 10 12 1 1 11 7 1 12 1 7 1 10 12 1 7 1 10 12 1 7 1 10 7 1 12 1 1 10 12 1 11 7 1 12 1 1 7 1 10 7 1 12 1 1 10 12 1 5 0 10 12 1 11 12 1 1 9 12 1 1 10 100 1 12 1 10 12 1 1 10 12 1 10 12 1 1 11 7 1 12 100 1 1 1 1 1 1 1 1 1 1 1 1 1 1 1 1 1 1 1 100 1 10 10 12 1 10 12 1 10 12 1 10 12 1 1 10 12 1 1 1 1 1 1 1
staticfield org/python/pydev/shared_core/log/Log lastLoggedTime Ljava/util/Map; java/util/HashMap
ciInstanceKlass org/python/pydev/ast/interpreter_managers/InterpreterManagersAPI 1 1 262 7 1 100 1 1 1 1 1 1 1 1 10 12 1 1 1 1 1 1 9 12 1 1 1 10 12 1 1 1 1 9 12 1 10 12 1 9 12 1 10 12 1 1 7 1 10 12 10 12 10 12 1 1 1 1 100 1 10 10 12 11 12 1 1 10 100 1 12 1 1 11 100 1 12 1 1 1 1 1 1 1 1 1 1 100 1 1 11 100 1 12 1 1 10 12 1 1 100 1 10 12 1 100 1 1 1 1 1 18 12 1 1 10 12 1 100 1 1 1 1 1 1 1 11 12 1 1 100 1 10 12 1 10 12 1 1 100 1 10 12 1 1 1 1 1 1 1 1 1 1 1 100 1 100 100 1 1 10 12 1 1 10 100 1 12 1 1 10 12 1 1 1 1 1 1 1 10 12 10 100 1 12 1 11 12 1 11 12 1 1 10 100 1 12 1 11 12 1 1 10 100 1 12 1 1 10 12 10 12 11 12 1 1 100 1 1 1 1 1 1 1 1 1 1 1 1 100 1 10 11 100 1 12 1 1 11 1 1 1 1 1 1 1 1 1 1 1 10 100 1 12 1 15 8 1 1 100 1 100 1 1
ciInstanceKlass org/python/pydev/plugin/nature/PipenvHelper 1 1 268 7 1 7 1 1 1 1 1 1 1 1 1 1 1 1 9 12 10 12 1 9 12 7 1 10 9 12 1 1 1 1 1 1 10 12 1 1 10 7 1 12 1 1 8 1 10 12 1 10 12 1 1 10 12 1 1 11 7 1 12 1 1 10 12 1 10 12 1 1 1 1 1 1 1 1 1 1 1 1 1 1 100 100 1 100 1 11 12 1 1 10 100 1 12 1 1 8 1 8 1 11 100 1 12 1 1 10 12 1 10 12 1 11 12 1 10 12 1 11 12 1 1 1 1 10 100 1 12 1 1 100 1 10 11 100 1 12 1 1 11 100 1 12 1 1 8 1 10 100 1 12 1 1 10 12 1 11 12 1 10 12 1 1 11 12 1 1 10 100 1 12 1 1 1 1 1 1 1 1 1 1 1 1 1 100 1 1 11 12 1 1 11 100 1 12 1 100 1 10 12 1 10 12 100 1 10 8 1 10 12 1 1 9 100 1 12 1 100 1 9 12 1 8 1 10 12 1 1 10 12 1 1 8 1 10 100 1 12 1 1 10 12 1 1 11 12 1 10 12 1 1 1 1 1 1 1 1 1 1 1 1 1 1 100 1 1 1
ciInstanceKlass  @bci org/python/pydev/ast/interpreter_managers/InterpreterInfo getStringSubstitutionVariables (Z)Ljava/util/Properties; 29 <appendix> member <vmtarget> ; 1 1 28 1 7 1 7 1 100 1 1 1 1 1 12 10 12 9 1 1 1 7 1 7 1 1 12 10 1 1
ciInstanceKlass org/python/pydev/core/PropertiesHelper 1 1 132 100 1 100 1 1 1 1 10 12 1 1 1 1 1 1 7 1 10 100 1 10 7 1 12 1 1 10 12 1 10 12 1 1 100 1 10 12 1 100 1 1 1 1 1 1 1 1 1 1 100 1 10 8 1 10 12 1 1 10 12 1 1 1 1 100 1 1 1 1 1 10 12 1 1 1 1 1 1 1 1 1 7 1 10 10 12 1 1 11 7 1 12 1 1 11 7 1 12 1 1 7 1 11 12 1 11 12 1 10 12 1 1 11 12 1 1 1 1 1 1 1 1 1 1 1 1 1 1 100 1 1
ciMethodData java/lang/Object <init> ()V 2 1564127 orig 80 0 0 0 0 0 0 0 0 0 0 0 0 0 0 0 0 0 0 0 0 0 0 0 0 0 0 0 0 0 0 0 0 0 0 0 0 0 0 0 0 0 0 0 0 0 0 0 0 0 0 0 0 0 0 0 0 0 0 0 0 0 0 0 0 0 0 0 0 0 0 0 0 0 0 0 0 0 0 0 0 data 4 0x0 0x9 0x1 0x0 oops 0 methods 0
ciMethodData java/lang/StringLatin1 hashCode ([B)I 2 853 orig 80 0 0 0 0 0 0 0 0 0 0 0 0 249 127 0 0 0 0 0 0 0 0 0 0 0 0 0 0 0 0 0 0 0 0 0 0 0 0 0 0 0 0 0 0 0 0 0 0 0 0 0 0 0 0 0 0 0 0 0 0 0 0 0 0 0 0 0 0 0 0 0 0 0 0 0 0 0 0 0 0 data 14 0xd0007 0x355 0x38 0x5349 0x250003 0x5349 0xffffffffffffffe0 0x0 0x0 0x0 0x0 0x9 0x1 0x0 oops 0 methods 0
ciMethodData java/lang/String isLatin1 ()Z 2 5725595 orig 80 0 0 0 0 0 0 0 0 0 0 0 0 249 127 0 0 0 0 0 0 0 0 0 0 0 0 0 0 0 0 0 0 0 0 0 0 0 0 0 1 0 0 0 0 0 0 0 0 0 0 0 0 0 0 0 0 0 0 0 0 0 0 0 0 0 0 0 0 0 0 0 0 0 0 0 0 0 0 0 0 data 18 0x30007 0x0 0x58 0x576e66 0x80000006000a0007 0x2d0b 0x38 0x573bbf 0xe0003 0x574182 0x18 0x0 0x0 0x0 0x0 0x9 0x1 0x0 oops 0 methods 0
ciMethodData java/lang/String hashCode ()I 2 15449 orig 80 1 0 0 0 0 0 0 0 0 0 0 0 249 127 0 0 0 0 0 0 0 0 0 0 0 0 0 0 0 0 0 0 0 0 0 0 0 0 0 1 0 0 0 0 0 0 0 0 0 0 0 0 0 0 0 0 0 0 0 0 0 0 0 0 0 0 0 0 0 0 0 0 0 0 0 0 0 0 0 0 data 42 0x60007 0x2e05 0x108 0xe54 0xd0007 0xe 0xe8 0xe46 0x110005 0xe46 0x0 0x0 0x0 0x0 0x0 0x8000000600140007 0x2 0x48 0xe46 0x1b0002 0xe46 0x1e0003 0xe46 0x28 0x250002 0x2 0x2a0007 0xe47 0x38 0x1 0x320003 0x1 0x18 0x0 0x0 0x0 0x0 0x0 0x0 0x9 0x1 0xe oops 0 methods 0
ciMethodData java/lang/StringUTF16 hashCode ([B)I 2 242 orig 80 0 0 0 0 0 0 0 0 0 0 0 0 0 0 0 0 0 0 0 0 0 0 0 0 0 0 0 0 0 0 0 0 0 0 0 0 0 0 0 0 0 0 0 0 0 0 0 0 0 0 0 0 0 0 0 0 0 0 0 0 0 0 0 0 0 0 0 0 0 0 0 0 0 0 0 0 0 0 0 0 data 18 0xb0007 0xa6 0x48 0xa1800 0x140002 0xa1800 0x1c0003 0xa1800 0xffffffffffffffd0 0x0 0x0 0x0 0x0 0x0 0x0 0x9 0x1 0x0 oops 0 methods 0
ciMethodData java/lang/String equals (Ljava/lang/Object;)Z 2 15678 orig 80 1 0 0 0 0 0 0 0 0 0 0 0 249 127 0 0 0 0 0 0 0 0 0 0 0 0 0 0 0 0 0 0 0 0 0 0 0 0 0 2 0 0 0 0 0 0 0 0 0 0 0 0 0 0 0 0 0 0 0 0 0 0 0 0 0 0 0 0 0 0 0 0 0 0 0 0 0 0 0 0 data 49 0x20007 0x3538 0x20 0x806 0x80104 0x0 0x0 0x1e84ab20d48 0x3535 0x0 0x0 0xb0007 0x3 0xe0 0x3535 0xf0004 0x0 0x0 0x1e84ab20d48 0x3535 0x0 0x0 0x160007 0x0 0x40 0x3535 0x8000000600210007 0x8 0x68 0x352f 0x2c0002 0x352f 0x2f0007 0x2e5b 0x38 0x6d4 0x330003 0x6d4 0x18 0x0 0x0 0x0 0x0 0x0 0x0 0x9 0x2 0x0 0x0 oops 2 7 java/lang/String 18 java/lang/String methods 0
ciMethodData java/util/AbstractCollection <init> ()V 2 130219 orig 80 0 0 0 0 0 0 0 0 0 0 0 0 249 127 0 0 0 0 0 0 0 0 0 0 0 0 0 0 0 0 0 0 0 0 0 0 0 0 0 0 0 0 0 0 0 0 0 0 0 0 0 0 0 0 0 0 0 0 0 0 0 0 0 0 0 0 0 0 0 0 0 0 0 0 0 0 0 0 0 0 data 7 0x10002 0x1fcaa 0x0 0x0 0x9 0x1 0x0 oops 0 methods 0
ciMethodData java/util/Objects requireNonNull (Ljava/lang/Object;)Ljava/lang/Object; 2 309734 orig 80 0 0 0 0 0 0 0 0 0 0 0 0 249 127 0 0 0 0 0 0 0 0 0 0 0 0 0 0 0 0 0 0 0 0 0 0 0 0 0 0 0 0 0 0 0 0 0 0 0 0 0 0 0 0 0 0 0 0 0 0 0 0 0 0 0 0 0 0 0 0 0 0 0 0 0 0 0 0 0 0 data 15 0x10007 0x4b9e8 0x30 0x0 0x80002 0x0 0x0 0x0 0x0 0x0 0x0 0x0 0x9 0x1 0x0 oops 0 methods 0
ciMethodData java/lang/String coder ()B 2 2032292 orig 80 0 0 0 0 0 0 0 0 0 0 0 0 249 127 0 0 0 0 0 0 0 0 0 0 0 0 0 0 0 0 0 0 0 0 0 0 0 0 0 0 0 0 0 0 0 0 0 0 0 0 0 0 0 0 0 0 0 0 0 0 0 0 0 0 0 0 0 0 0 0 0 0 0 0 0 0 0 0 0 0 data 14 0x30007 0x0 0x38 0x1f02d2 0xa0003 0x1f02f8 0x18 0x0 0x0 0x0 0x0 0x9 0x1 0x0 oops 0 methods 0
ciMethodData java/lang/String length ()I 2 1887796 orig 80 0 0 0 0 0 0 0 0 0 0 0 0 249 127 0 0 0 0 0 0 0 0 0 0 0 0 0 0 0 0 0 0 0 0 0 0 0 0 0 0 0 0 0 0 0 0 0 0 0 0 0 0 0 0 0 0 0 0 0 0 0 0 0 0 0 0 0 0 0 0 0 0 0 0 0 0 0 0 0 0 data 16 0x60005 0x1ccee2 0x0 0x0 0x0 0x0 0x0 0x0 0x0 0x0 0x0 0x0 0x0 0x9 0x1 0xffffffffffffffff oops 0 methods 0
ciMethodData java/util/concurrent/ConcurrentHashMap tabAt ([Ljava/util/concurrent/ConcurrentHashMap$Node;I)Ljava/util/concurrent/ConcurrentHashMap$Node; 2 6925 orig 80 0 0 0 0 0 0 0 0 0 0 0 0 249 127 0 0 0 0 0 0 0 0 0 0 0 0 0 0 0 0 0 0 0 0 0 0 0 0 0 0 0 0 0 0 0 0 0 0 0 0 0 0 0 0 0 0 0 0 0 0 0 0 0 0 0 0 0 0 0 0 0 0 0 0 0 0 0 0 0 0 data 27 0xf000b 0x1b0d 0x0 0x0 0x0 0x0 0x0 0x2 0x1 0x1e84f343488 0x120104 0x0 0x0 0x1e84f3433e0 0xbe4 0x1e8504bf3e0 0x670 0x0 0x0 0x0 0x0 0x0 0x0 0x9 0x2 0x0 0x0 oops 3 9 [Ljava/util/concurrent/ConcurrentHashMap$Node; 13 java/util/concurrent/ConcurrentHashMap$Node 15 java/util/concurrent/ConcurrentHashMap$ForwardingNode methods 0
ciMethodData java/util/concurrent/ConcurrentHashMap sumCount ()J 2 5126 orig 80 0 0 0 0 0 0 0 0 0 0 0 0 0 0 0 0 0 0 0 0 0 0 0 0 0 0 0 0 0 0 0 0 0 0 0 0 0 0 0 0 0 0 0 0 0 0 0 0 0 0 0 0 0 0 0 0 0 0 0 0 0 0 0 0 0 0 0 0 0 0 0 0 0 0 0 0 0 0 0 0 data 24 0xb0007 0x1406 0x78 0x0 0x1d0007 0x0 0x58 0x0 0x290007 0x0 0x20 0x0 0x370003 0x0 0xffffffffffffffc0 0x0 0x0 0x0 0x0 0x0 0x0 0x9 0x1 0x0 oops 0 methods 0
ciMethodData java/util/concurrent/ConcurrentHashMap putVal (Ljava/lang/Object;Ljava/lang/Object;Z)Ljava/lang/Object; 2 16542 orig 80 2 0 0 0 0 0 0 0 0 0 0 0 249 127 0 0 0 0 0 0 1 0 0 0 0 0 0 0 0 0 0 0 0 0 0 0 0 0 0 2 0 0 0 0 0 0 0 0 0 0 0 0 0 0 0 0 0 0 0 0 0 0 0 0 0 0 0 0 0 0 0 0 0 0 0 0 0 0 0 0 data 250 0x10007 0x0 0x40 0x409e 0x50007 0x409e 0x30 0x0 0xc0002 0x0 0x110005 0x9eb 0x0 0x1e8514b90d8 0x65f 0x1e84ab20d48 0x3054 0x140002 0x409e 0x240007 0xb5 0x40 0x409f 0x2d0007 0x409f 0x70 0x0 0x310005 0xb5 0x0 0x0 0x0 0x0 0x0 0x360003 0xb5 0x5f8 0x450002 0x409f 0x4b0007 0x1ebe 0x78 0x21e1 0x5b0002 0x21e1 0x5e0002 0x21e1 0x8000000600610007 0x1 0x590 0x21e1 0x640003 0x21e1 0x588 0x700007 0x1ebd 0x70 0x0 0x780005 0x0 0x0 0x0 0x0 0x0 0x0 0x7d0003 0x0 0x500 0x810007 0xaa4 0xf8 0x1419 0x880007 0xa91 0xd8 0x988 0x8000000600940007 0xe 0x98 0x97b 0x990007 0x0 0x98 0x97b 0x9f0005 0x0 0x0 0x1e84ab20d48 0x97a 0x1e8514b9180 0x1 0xa20007 0x0 0x40 0x97b 0xad0007 0x0 0x20 0x98a 0xc00002 0x1535 0xc50007 0x0 0x330 0x1535 0xca0007 0x0 0x188 0x1535 0xdb0007 0x1c25 0xf0 0x217 0xe70007 0x2a 0x98 0x1ed 0xec0007 0x0 0xb0 0x1ed 0x400f20005 0x1 0x0 0x1e84ab20d48 0x1eb 0x1e8514b90d8 0x2 0xf50007 0x0 0x58 0x1ee 0x1000007 0x1eb 0x98 0x2d 0x1090003 0x2d 0x78 0x1180007 0x907 0x48 0x131e 0x1250002 0x131e 0x12b0003 0x131e 0x30 0x1310003 0x907 0xfffffffffffffec8 0x1340003 0x1536 0x1a0 0x1390004 0x0 0x0 0x0 0x0 0x0 0x0 0x13c0007 0x0 0xe8 0x0 0x1440004 0x0 0x0 0x0 0x0 0x0 0x0 0x14b0005 0x0 0x0 0x0 0x0 0x0 0x0 0x1510007 0x0 0x40 0x0 0x15c0007 0x0 0x20 0x0 0x1650003 0x0 0x80 0x16a0004 0x0 0x0 0x0 0x0 0x0 0x0 0x16d0007 0x0 0x30 0x0 0x1770002 0x0 0x17e0003 0x1536 0x18 0x18b0007 0x0 0x98 0x1536 0x1920007 0x1536 0x58 0x0 0x19a0005 0x0 0x0 0x0 0x0 0x0 0x0 0x19f0007 0x131e 0x38 0x218 0x1a50003 0xb6 0xfffffffffffff990 0x1ac0005 0x34ff 0x0 0x0 0x0 0x0 0x0 0x0 0x0 0x0 0x0 0x0 0x0 0x0 0x0 0x0 0x9 0x4 0x0 0x0 0x0 0x0 oops 6 13 java/lang/invoke/MethodType$ConcurrentWeakInternSet$WeakEntry 15 java/lang/String 87 java/lang/String 89 jdk/internal/loader/AbstractClassLoaderValue$Sub 124 java/lang/String 126 java/lang/invoke/MethodType$ConcurrentWeakInternSet$WeakEntry methods 0
ciMethodData java/lang/StringLatin1 canEncode (I)Z 2 143448 orig 80 0 0 0 0 0 0 0 0 0 0 0 0 249 127 0 0 0 0 0 0 0 0 0 0 0 0 0 0 0 0 0 0 0 0 0 0 0 0 0 1 0 0 0 0 0 0 0 0 0 0 0 0 0 0 0 0 0 0 0 0 0 0 0 0 0 0 0 0 0 0 0 0 0 0 0 0 0 0 0 0 data 11 0x8000000600040007 0x1b 0x38 0x2303e 0x80003 0x2303e 0x18 0x0 0x9 0x1 0x0 oops 0 methods 0
ciMethodData java/lang/System getSecurityManager ()Ljava/lang/SecurityManager; 2 52235 orig 80 0 0 0 0 0 0 0 0 0 0 0 0 0 0 0 0 0 0 0 0 0 0 0 0 0 0 0 0 0 0 0 0 0 0 0 0 0 0 0 0 0 0 0 0 0 0 0 0 0 0 0 0 0 0 0 0 0 0 0 0 0 0 0 0 0 0 0 0 0 0 0 0 0 0 0 0 0 0 0 0 data 14 0x2 0xcc0a 0x30007 0xcbe7 0x20 0x23 0x0 0x0 0x0 0x0 0x0 0x0 0x9 0x0 oops 0 methods 0
ciMethodData java/lang/System allowSecurityManager ()Z 2 52232 orig 80 0 0 0 0 0 0 0 0 0 0 0 0 0 0 0 0 0 0 0 0 0 0 0 0 0 0 0 0 0 0 0 0 0 0 0 0 0 0 0 0 0 0 0 0 0 0 0 0 0 0 0 0 0 0 0 0 0 0 0 0 0 0 0 0 0 0 0 0 0 0 0 0 0 0 0 0 0 0 0 0 data 11 0x40007 0xcbea 0x38 0x23 0x80003 0x23 0x18 0x0 0x0 0x9 0x0 oops 0 methods 0
ciMethodData java/util/HashMap hash (Ljava/lang/Object;)I 2 44680 orig 80 0 0 0 0 0 0 0 0 0 0 0 0 249 127 0 0 0 0 0 0 0 0 0 0 0 0 0 0 0 0 0 0 0 0 0 0 0 0 0 2 0 0 0 0 0 0 0 0 0 0 0 0 0 0 0 0 0 0 0 0 0 0 0 0 0 0 0 0 0 0 0 0 0 0 0 0 0 0 0 0 data 23 0x8000000600010007 0xae83 0x38 0x7 0x50003 0x7 0x50 0x90005 0x321a 0x0 0x1e84ab20d48 0x7acd 0x1e85125a400 0x19b 0x0 0x0 0x0 0x0 0x0 0x0 0x9 0x1 0xffffffffffffffff oops 2 10 java/lang/String 12 java/lang/module/ModuleDescriptor methods 0
ciMethodData java/lang/String getBytes ([BIB)V 2 13732 orig 80 1 0 0 0 0 0 0 0 0 0 0 0 249 127 0 0 0 0 0 0 0 0 0 0 0 0 0 0 0 0 0 0 0 0 0 0 0 0 0 1 0 0 0 0 0 0 0 0 0 0 0 0 0 0 0 0 0 0 0 0 0 0 0 0 0 0 0 0 0 0 0 0 0 0 0 0 0 0 0 0 data 30 0x10005 0x35a4 0x0 0x0 0x0 0x0 0x0 0x8000000600050007 0xb 0x48 0x359a 0x160002 0x359a 0x190003 0x359a 0x28 0x280002 0xb 0x0 0x0 0x0 0x0 0x0 0x0 0x9 0x4 0x0 0xffffffffffffffff 0x0 0x0 oops 0 methods 0
ciMethodData java/util/HashMap putVal (ILjava/lang/Object;Ljava/lang/Object;ZZ)Ljava/lang/Object; 2 28681 orig 80 6 0 0 0 1 0 0 0 0 0 0 0 249 127 0 0 0 0 0 0 6 0 0 8 0 0 0 0 0 0 0 0 0 0 0 0 0 0 0 2 0 0 0 0 0 0 0 0 0 0 0 0 0 0 0 0 0 0 0 0 0 0 0 0 0 0 0 0 0 0 0 0 0 0 0 0 0 0 0 0 data 198 0x70007 0x1851 0x40 0x57b8 0x100007 0x57b8 0x58 0x0 0x140005 0x1851 0x0 0x0 0x0 0x0 0x0 0x2c0007 0x1839 0xa8 0x57cf 0x8000000700380005 0x99 0x0 0x1e851b5a198 0x3e9e 0x1e85091c640 0x189c 0x3b0004 0x0 0x0 0x1e850733ee0 0x3f1d 0x1e85091c6e8 0x18b6 0x3c0003 0x57d3 0x410 0x450007 0x15e6 0xd0 0x253 0x510007 0x13b 0x98 0x118 0x550007 0x0 0x90 0x118 0x5b0005 0x33 0x0 0x1e85091c790 0x4 0x1e84ab20d48 0xe1 0x80000006005e0007 0x6 0x38 0x113 0x650003 0x24e 0x2a8 0x6a0004 0xffffffffffffea14 0x0 0x1e850733ee0 0xed 0x1e85091c6e8 0x12 0x6d0007 0x15ec 0xa8 0x0 0x720004 0x0 0x0 0x0 0x0 0x0 0x0 0x7b0005 0x0 0x0 0x0 0x0 0x0 0x0 0x800003 0x0 0x1c8 0x8e0007 0x69f 0xc8 0x1569 0xffffffff00980005 0x36 0x0 0x1e851b5a198 0x133a 0x1e85091c640 0x1fe 0xa20007 0x156e 0x158 0x0 0xa90005 0x0 0x0 0x0 0x0 0x0 0x0 0xac0003 0x0 0x100 0x8000000600b50007 0x61a 0xd0 0x86 0xc10007 0x69 0xc8 0x1d 0xc50007 0x0 0x90 0x1d 0x700cb0005 0x3 0x0 0x1e84ab24dc0 0x4 0x1e84ab20d48 0x17 0xce0007 0x2 0x38 0x1c 0xd10003 0x1c 0x30 0xdb0003 0x61c 0xfffffffffffffe68 0xe00007 0x156e 0x98 0x2d3 0xec0007 0x2d3 0x40 0x0 0xf10007 0x0 0x20 0x0 0xffffffff00fd0005 0x2d 0x0 0x1e851b5a198 0x24e 0x1e85091c640 0x5c 0x11c0007 0x6ba9 0x58 0x198 0x1200005 0x198 0x0 0x0 0x0 0x0 0x0 0x1270005 0xcf 0x0 0x1e851b5a198 0x51d8 0x1e85091c640 0x1a9a 0x0 0x0 0x0 0x0 0x0 0x0 0x0 0x0 0x0 0x9 0x6 0x0 0x0 0x0 0x0 0x0 0x0 oops 16 22 java/util/HashMap 24 java/util/LinkedHashMap 29 java/util/HashMap$Node 31 java/util/LinkedHashMap$Entry 51 sun/security/x509/AlgorithmId 53 java/lang/String 65 java/util/HashMap$Node 67 java/util/LinkedHashMap$Entry 97 java/util/HashMap 99 java/util/LinkedHashMap 130 java/lang/Integer 132 java/lang/String 159 java/util/HashMap 161 java/util/LinkedHashMap 177 java/util/HashMap 179 java/util/LinkedHashMap methods 0
ciMethodData java/util/HashMap resize ()[Ljava/util/HashMap$Node; 2 2516 orig 80 0 0 0 0 0 0 0 0 0 0 0 0 0 0 0 0 0 0 0 0 0 0 0 0 0 0 0 0 0 0 0 0 0 0 0 0 0 0 0 0 0 0 0 0 0 0 0 0 0 0 0 0 0 0 0 0 0 0 0 0 0 0 0 0 0 0 0 0 0 0 0 0 0 0 0 0 0 0 0 0 data 171 0x60007 0xeb 0x38 0x8e9 0xa0003 0x8e9 0x18 0x190007 0x8e9 0x98 0xeb 0x1f0007 0xeb 0x20 0x0 0x330007 0x0 0x90 0xeb 0x390007 0x3 0x70 0xe8 0x410003 0xe8 0x50 0x450007 0x21b 0x38 0x6ce 0x4b0003 0x6ce 0x18 0x580007 0x303 0x78 0x6d1 0x690007 0x0 0x58 0x6d1 0x720007 0x0 0x38 0x6d1 0x780003 0x6d1 0x18 0x940007 0x8e9 0x378 0xeb 0x9d0007 0xeb 0x358 0x38a7 0xa70007 0x1a49 0x320 0x1e5e 0xae0104 0x0 0x0 0x0 0x0 0x0 0x0 0xb40007 0xa1a 0x70 0x1444 0xc50004 0x0 0x0 0x1e850733ee0 0x141d 0x1e85091c6e8 0x27 0xc60003 0x1444 0x270 0xcb0004 0xfffffffffffff5e6 0x0 0x1e850733ee0 0x401 0x0 0x0 0xce0007 0xa1a 0xa8 0x0 0xd30004 0x0 0x0 0x0 0x0 0x0 0x0 0xdc0005 0x0 0x0 0x0 0x0 0x0 0x0 0xdf0003 0x0 0x190 0xfc0007 0xafe 0x70 0xc25 0x1010007 0x419 0x38 0x80c 0x1080003 0x80c 0x18 0x1160003 0xc25 0x50 0x11b0007 0x357 0x38 0x7a7 0x1220003 0x7a7 0x18 0x1350007 0xd09 0xffffffffffffff58 0xa1a 0x13a0007 0x20e 0x58 0x80c 0x1490004 0x0 0x0 0x1e850733ee0 0x7f8 0x1e85091c6e8 0x14 0x14c0007 0x273 0x58 0x7a7 0x15d0004 0x0 0x0 0x1e850733ee0 0x794 0x1e85091c6e8 0x13 0x1610003 0x38a7 0xfffffffffffffcc0 0x0 0x0 0x0 0x0 0x0 0x0 0x0 0x0 0x0 0x9 0x1 0x0 oops 7 74 java/util/HashMap$Node 76 java/util/LinkedHashMap$Entry 84 java/util/HashMap$Node 141 java/util/HashMap$Node 143 java/util/LinkedHashMap$Entry 152 java/util/HashMap$Node 154 java/util/LinkedHashMap$Entry methods 0
ciMethodData java/util/HashMap newNode (ILjava/lang/Object;Ljava/lang/Object;Ljava/util/HashMap$Node;)Ljava/util/HashMap$Node; 2 5507 orig 80 0 0 0 0 0 0 0 0 0 0 0 0 0 0 0 0 0 0 0 0 0 0 0 0 0 0 0 0 0 0 0 0 0 0 0 0 0 0 0 0 0 0 0 0 0 0 0 0 0 0 0 0 0 0 0 0 0 0 0 0 0 0 0 0 0 0 0 0 0 0 0 0 0 0 0 0 0 0 0 0 data 11 0x90002 0x1583 0x0 0x0 0x9 0x5 0x0 0x0 0x0 0x0 0x0 oops 0 methods 0
ciMethodData java/util/HashMap afterNodeAccess (Ljava/util/HashMap$Node;)V 2 1028 orig 80 0 0 0 0 0 0 0 0 0 0 0 0 0 0 0 0 0 0 0 0 0 0 0 0 0 0 0 0 0 0 0 0 0 0 0 0 0 0 0 0 0 0 0 0 0 0 0 0 0 0 0 0 0 0 0 0 0 0 0 0 0 0 0 0 0 0 0 0 0 0 0 0 0 0 0 0 0 0 0 0 data 5 0x0 0x9 0x2 0x0 0x0 oops 0 methods 0
ciMethodData java/util/HashMap afterNodeInsertion (Z)V 2 1276 orig 80 0 0 0 0 0 0 0 0 0 0 0 0 0 0 0 0 0 0 0 0 0 0 0 0 0 0 0 0 0 0 0 0 0 0 0 0 0 0 0 0 0 0 0 0 0 0 0 0 0 0 0 0 0 0 0 0 0 0 0 0 0 0 0 0 0 0 0 0 0 0 0 0 0 0 0 0 0 0 0 0 data 5 0x0 0x9 0x2 0x0 0x0 oops 0 methods 0
ciMethodData java/util/HashMap$Node <init> (ILjava/lang/Object;Ljava/lang/Object;Ljava/util/HashMap$Node;)V 2 10898 orig 80 0 0 0 0 0 0 0 0 0 0 0 0 249 127 0 0 0 0 0 0 0 0 0 0 0 0 0 0 0 0 0 0 0 0 0 0 0 0 0 0 0 0 0 0 0 0 0 0 0 0 0 0 0 0 0 0 0 0 0 0 0 0 0 0 0 0 0 0 0 0 0 0 0 0 0 0 0 0 0 0 data 13 0x10002 0x2a92 0x0 0x0 0x0 0x0 0x9 0x5 0xe 0x0 0x0 0x0 0x0 oops 0 methods 0
ciMethodData java/util/HashMap put (Ljava/lang/Object;Ljava/lang/Object;)Ljava/lang/Object; 2 17963 orig 80 1 0 0 0 0 0 0 0 0 0 0 0 249 127 0 0 0 0 0 0 0 0 0 0 0 0 0 0 0 0 0 0 0 0 0 0 0 0 0 0 0 0 0 0 0 0 0 0 0 0 0 0 0 0 0 0 0 0 0 0 0 0 0 0 0 0 0 0 0 0 0 0 0 0 0 0 0 0 0 0 data 20 0x20002 0x462b 0x90005 0x462c 0x0 0x0 0x0 0x0 0x0 0x0 0x0 0x0 0x0 0x0 0x0 0x9 0x3 0x0 0x0 0x0 oops 0 methods 0
ciMethodData java/util/HashMap getNode (Ljava/lang/Object;)Ljava/util/HashMap$Node; 2 12293 orig 80 1 0 0 0 0 0 0 0 0 0 0 0 0 0 0 0 0 0 0 0 0 0 0 0 0 0 0 0 0 0 0 0 0 0 0 0 0 0 0 2 0 0 0 0 0 0 0 0 0 0 0 0 0 0 0 0 0 0 0 0 0 0 0 0 0 0 0 0 0 0 0 0 0 0 0 0 0 0 0 0 data 103 0x60007 0x27d 0x2e8 0x2d89 0xe0007 0x0 0x2c8 0x2d89 0x170002 0x2d89 0x210007 0xcf1 0x298 0x209a 0x2a0007 0xbd6 0xb8 0x14c4 0x350007 0x10fe 0x98 0x3c6 0x390007 0x0 0x78 0x3c6 0x3f0005 0x2b 0x0 0x1e84ab20d48 0x342 0x1e84f6e80d8 0x59 0x8000000600420007 0x3 0x20 0x3c5 0x4e0007 0x607 0x1c0 0x5d2 0x520004 0xfffffffffffffa2e 0x0 0x1e850733ee0 0x88 0x0 0x0 0x550007 0x5d2 0x90 0x0 0x590004 0x0 0x0 0x0 0x0 0x0 0x0 0x5f0005 0x0 0x0 0x0 0x0 0x0 0x0 0x6a0007 0x34b 0xb8 0x393 0x760007 0x16a 0x98 0x229 0x7a0007 0x0 0x78 0x229 0x800005 0x28 0x0 0x1e84ab20d48 0x1f4 0x1e84ab24dc0 0xd 0x830007 0x3 0x20 0x226 0x910007 0x10c 0xffffffffffffff48 0x242 0x0 0x0 0x0 0x0 0x0 0x0 0x9 0x2 0x0 0x0 oops 5 29 java/lang/String 31 sun/security/util/ObjectIdentifier 44 java/util/HashMap$Node 81 java/lang/String 83 java/lang/Integer methods 0
ciMethodData java/util/HashMap$HashIterator hasNext ()Z 2 6506 orig 80 0 0 0 0 0 0 0 0 0 0 0 0 0 0 0 0 0 0 0 0 0 0 0 0 0 0 0 0 0 0 0 0 0 0 0 0 0 0 0 0 0 0 0 0 0 0 0 0 0 0 0 0 0 0 0 0 0 0 0 0 0 0 0 0 0 0 0 0 0 0 0 0 0 0 0 0 0 0 0 0 data 16 0x40007 0x430 0x38 0x153b 0x80003 0x153b 0x18 0x0 0x0 0x0 0x0 0x0 0x0 0x9 0x1 0x0 oops 0 methods 0
ciMethodData java/util/HashMap get (Ljava/lang/Object;)Ljava/lang/Object; 2 42487 orig 80 2 0 0 0 0 0 0 0 0 0 0 0 0 0 0 0 0 0 0 0 0 0 0 0 0 0 0 0 0 0 0 0 0 0 0 0 0 0 0 0 0 0 0 0 0 0 0 0 0 0 0 0 0 0 0 0 0 0 0 0 0 0 0 0 0 0 0 0 0 0 0 0 0 0 0 0 0 0 0 0 data 24 0x20005 0xa5f8 0x0 0x0 0x0 0x0 0x0 0x70007 0x674c 0x38 0x3eaf 0xb0003 0x3eaf 0x18 0x0 0x0 0x0 0x0 0x0 0x0 0x9 0x2 0x0 0x0 oops 0 methods 0
ciMethodData java/util/HashMap$HashIterator nextNode ()Ljava/util/HashMap$Node; 2 6919 orig 80 0 0 0 0 0 0 0 0 0 0 0 0 0 0 0 0 0 0 0 0 0 0 0 0 0 0 0 0 0 0 0 0 0 0 0 0 0 0 0 0 0 0 0 0 0 0 0 0 0 0 0 0 0 0 0 0 0 0 0 0 0 0 0 0 0 0 0 0 0 0 0 0 0 0 0 0 0 0 0 0 data 39 0x100007 0x1b08 0x30 0x0 0x170002 0x0 0x1c0007 0x1b08 0x30 0x0 0x230002 0x0 0x350007 0x429 0x80 0x16df 0x410007 0x0 0x60 0x16df 0x4a0007 0x4f5 0x40 0x3eed 0x5f0007 0x2d03 0xffffffffffffffe0 0x11ea 0x0 0x0 0x0 0x0 0x0 0x0 0x0 0x0 0x9 0x1 0x0 oops 0 methods 0
ciMethodData java/util/HashMap <init> ()V 2 19007 orig 80 0 0 0 0 0 0 0 0 0 0 0 0 249 127 0 0 0 0 0 0 0 0 0 0 0 0 0 0 0 0 0 0 0 0 0 0 0 0 0 0 0 0 0 0 0 0 0 0 0 0 0 0 0 0 0 0 0 0 0 0 0 0 0 0 0 0 0 0 0 0 0 0 0 0 0 0 0 0 0 0 data 9 0x10002 0x4a3f 0x0 0x0 0x0 0x0 0x9 0x1 0x10 oops 0 methods 0
ciMethodData java/util/AbstractMap <init> ()V 2 35554 orig 80 0 0 0 0 0 0 0 0 0 0 0 0 0 0 0 0 0 0 0 0 0 0 0 0 0 0 0 0 0 0 0 0 0 0 0 0 0 0 0 0 0 0 0 0 0 0 0 0 0 0 0 0 0 0 0 0 0 0 0 0 0 0 0 0 0 0 0 0 0 0 0 0 0 0 0 0 0 0 0 0 data 7 0x10002 0x8ae2 0x0 0x0 0x9 0x1 0x0 oops 0 methods 0
ciMethodData java/lang/String <init> ([BB)V 2 61162 orig 80 0 0 0 0 0 0 0 0 0 0 0 0 249 127 0 0 0 0 0 0 0 0 0 0 0 0 0 0 0 0 0 0 0 0 0 0 0 0 0 0 0 0 0 0 0 0 0 0 0 0 0 0 0 0 0 0 0 0 0 0 0 0 0 0 0 0 0 0 0 0 0 0 0 0 0 0 0 0 0 0 data 11 0x10002 0xeeea 0x0 0x0 0x0 0x0 0x9 0x3 0xc 0x0 0x0 oops 0 methods 0
ciMethodData java/lang/String indexOf (II)I 2 323849 orig 80 1 0 0 0 0 0 0 0 0 0 0 0 249 127 0 0 0 0 0 0 0 0 0 0 0 0 0 0 0 0 0 0 0 0 0 0 0 0 0 0 0 0 0 0 0 0 0 0 0 0 0 0 0 0 0 0 0 0 0 0 0 0 0 0 0 0 0 0 0 0 0 0 0 0 0 0 0 0 0 0 data 29 0x10005 0x4f10b 0x0 0x0 0x0 0x0 0x0 0x40007 0x0 0x48 0x4f100 0xd0002 0x4f103 0x100003 0x4f12c 0x28 0x190002 0x0 0x0 0x0 0x0 0x0 0x0 0x0 0x9 0x3 0x0 0x0 0x0 oops 0 methods 0
ciMethodData java/lang/StringLatin1 indexOf ([BII)I 2 21783 orig 80 1 0 0 0 0 0 0 0 0 0 0 0 0 0 0 0 0 0 0 0 0 0 0 0 0 0 0 0 0 0 0 0 0 0 0 0 0 0 0 2 0 0 0 0 0 0 0 0 0 0 0 0 0 0 0 0 0 0 0 0 0 0 0 0 0 0 0 0 0 0 0 0 0 0 0 0 0 0 0 0 data 30 0x10002 0x5517 0x40007 0x5517 0x20 0x0 0x80000006000d0007 0x51d2 0x38 0x347 0x120003 0x347 0x38 0x170007 0x51b5 0x20 0x1d 0x200002 0x54fc 0x0 0x0 0x0 0x0 0x0 0x0 0x9 0x3 0x0 0x0 0x0 oops 0 methods 0
ciMethodData java/lang/String indexOf (I)I 2 260991 orig 80 0 0 0 0 0 0 0 0 0 0 0 0 249 127 0 0 0 0 0 0 0 0 0 0 0 0 0 0 0 0 0 0 0 0 0 0 0 0 0 0 0 0 0 0 0 0 0 0 0 0 0 0 0 0 0 0 0 0 0 0 0 0 0 0 0 0 0 0 0 0 0 0 0 0 0 0 0 0 0 0 data 17 0x30005 0x3fb86 0x0 0x0 0x0 0x0 0x0 0x0 0x0 0x0 0x0 0x0 0x0 0x9 0x2 0x0 0x0 oops 0 methods 0
ciMethodData java/lang/String isEmpty ()Z 2 267772 orig 80 0 0 0 0 0 0 0 0 0 0 0 0 249 127 0 0 0 0 0 0 0 0 0 0 0 0 0 0 0 0 0 0 0 0 0 0 0 0 0 0 0 0 0 0 0 0 0 0 0 0 0 0 0 0 0 0 0 0 0 0 0 0 0 0 0 0 0 0 0 0 0 0 0 0 0 0 0 0 0 0 data 14 0x50007 0x3cf12 0x38 0x46ea 0x90003 0x46ea 0x18 0x0 0x0 0x0 0x0 0x9 0x1 0x0 oops 0 methods 0
ciMethodData java/util/HashMap$HashIterator <init> (Ljava/util/HashMap;)V 2 5132 orig 80 0 0 0 0 0 0 0 0 0 0 0 0 0 0 0 0 0 0 0 0 0 0 0 0 0 0 0 0 0 0 0 0 0 0 0 0 0 0 0 0 0 0 0 0 0 0 0 0 0 0 0 0 0 0 0 0 0 0 0 0 0 0 0 0 0 0 0 0 0 0 0 0 0 0 0 0 0 0 0 0 data 29 0x60002 0x140d 0x260007 0xd2c 0x80 0x6e1 0x2d0007 0x2 0x60 0x6df 0x360007 0x0 0x40 0x1332 0x4b0007 0xc53 0xffffffffffffffe0 0x6df 0x0 0x0 0x0 0x0 0x0 0x0 0x0 0x9 0x2 0x1e 0x0 oops 0 methods 0
ciMethodData java/lang/StringConcatHelper newArray (J)[B 2 100637 orig 80 0 0 0 0 0 0 0 0 0 0 0 0 0 0 0 0 0 0 0 0 0 0 0 0 0 0 0 0 0 0 0 0 0 0 0 0 0 0 0 0 0 0 0 0 0 0 0 0 0 0 0 0 0 0 0 0 0 0 0 0 0 0 0 0 0 0 0 0 0 0 0 0 0 0 0 0 0 0 0 0 data 24 0x130005 0x1891d 0x0 0x0 0x0 0x0 0x0 0x160004 0x0 0x0 0x1e84ab34ab8 0x1891d 0x0 0x0 0x0 0x0 0x0 0x0 0x0 0x0 0x9 0x2 0x0 0x0 oops 1 10 [B methods 0
ciMethodData jdk/internal/misc/Unsafe allocateUninitializedArray (Ljava/lang/Class;I)Ljava/lang/Object; 2 5252 orig 80 1 0 0 0 0 0 0 0 0 0 0 0 0 0 0 0 0 0 0 0 4 0 0 0 0 0 0 0 0 0 0 0 0 0 0 0 0 0 0 0 0 0 0 0 0 0 0 0 0 0 0 0 0 0 0 0 0 0 0 0 0 0 0 0 0 0 0 0 0 0 0 0 0 0 0 0 0 0 0 0 data 43 0x10007 0x1484 0x30 0x0 0xb0002 0x0 0x100005 0x1484 0x0 0x0 0x0 0x0 0x0 0x130007 0x1484 0x30 0x0 0x1d0002 0x0 0x220007 0x1484 0x30 0x0 0x2c0002 0x0 0x8000000400330005 0x1488 0x0 0x0 0x0 0x0 0x0 0x0 0x0 0x0 0x0 0x0 0x0 0x9 0x3 0x0 0x0 0x0 oops 0 methods 0
ciMethodData java/lang/String toString ()Ljava/lang/String; 2 151797 orig 80 0 0 0 0 0 0 0 0 0 0 0 0 249 127 0 0 0 0 0 0 0 0 0 0 0 0 0 0 0 0 0 0 0 0 0 0 0 0 0 0 0 0 0 0 0 0 0 0 0 0 0 0 0 0 0 0 0 0 0 0 0 0 0 0 0 0 0 0 0 0 0 0 0 0 0 0 0 0 0 0 data 5 0x0 0x0 0x9 0x1 0x0 oops 0 methods 0
ciMethodData java/util/HashMap$EntryIterator next ()Ljava/lang/Object; 2 7181 orig 80 0 0 0 0 0 0 0 0 0 0 0 0 249 127 0 0 0 0 0 0 0 0 0 0 0 0 0 0 0 0 0 0 0 0 0 0 0 0 0 0 0 0 0 0 0 0 0 0 0 0 0 0 0 0 0 0 0 0 0 0 0 0 0 0 0 0 0 0 0 0 0 0 0 0 0 0 0 0 0 0 data 16 0x10005 0x1c0d 0x0 0x0 0x0 0x0 0x0 0x0 0x0 0x0 0x0 0x0 0x0 0x9 0x1 0x0 oops 0 methods 0
ciMethodData java/util/HashMap$EntryIterator next ()Ljava/util/Map$Entry; 2 7178 orig 80 0 0 0 0 0 0 0 0 0 0 0 0 0 0 0 0 0 0 0 0 0 0 0 0 0 0 0 0 0 0 0 0 0 0 0 0 0 0 0 0 0 0 0 0 0 0 0 0 0 0 0 0 0 0 0 0 0 0 0 0 0 0 0 0 0 0 0 0 0 0 0 0 0 0 0 0 0 0 0 0 data 16 0x10005 0x1c0a 0x0 0x0 0x0 0x0 0x0 0x0 0x0 0x0 0x0 0x0 0x0 0x9 0x1 0x0 oops 0 methods 0
ciMethodData java/lang/String equalsIgnoreCase (Ljava/lang/String;)Z 2 5411 orig 80 0 0 0 0 0 0 0 0 0 0 0 0 249 127 0 0 0 0 0 0 0 0 0 0 0 0 0 0 0 0 0 0 0 0 0 0 0 0 0 0 0 0 0 0 0 0 0 0 0 0 0 0 0 0 0 0 0 0 0 0 0 0 0 0 0 0 0 0 0 0 0 0 0 0 0 0 0 0 0 0 data 60 0x20007 0x14f1 0x38 0x32 0x60003 0x32 0x170 0xa0007 0x22d 0x158 0x12c4 0xe0005 0x12c4 0x0 0x0 0x0 0x0 0x0 0x120005 0x12c4 0x0 0x0 0x0 0x0 0x0 0x150007 0xfa5 0xc8 0x31f 0x1e0005 0x31f 0x0 0x0 0x0 0x0 0x0 0x210005 0x31f 0x0 0x0 0x0 0x0 0x0 0x240007 0x23 0x38 0x2fc 0x280003 0x2fc 0x18 0x0 0x0 0x0 0x0 0x0 0x0 0x9 0x2 0x0 0x0 oops 0 methods 0
ciMethodData java/lang/String regionMatches (ZILjava/lang/String;II)Z 2 5149 orig 80 0 0 0 0 0 0 0 0 0 0 0 0 0 0 0 0 0 0 0 0 0 0 0 0 0 0 0 0 0 0 0 0 0 0 0 0 0 0 0 0 0 0 0 0 0 0 0 0 0 0 0 0 0 0 0 0 0 0 0 0 0 0 0 0 0 0 0 0 0 0 0 0 0 0 0 0 0 0 0 0 data 95 0x10007 0x141d 0x58 0x0 0xb0005 0x0 0x0 0x0 0x0 0x0 0x0 0x110007 0x0 0xf0 0x141d 0x150007 0x0 0xd0 0x141d 0x1b0005 0x141d 0x0 0x0 0x0 0x0 0x0 0x240007 0x3 0x78 0x1419 0x2b0005 0x1419 0x0 0x0 0x0 0x0 0x0 0x340007 0x1419 0x20 0x0 0x460005 0x1419 0x0 0x0 0x0 0x0 0x0 0x4e0005 0x141a 0x0 0x0 0x0 0x0 0x0 0x510007 0x0 0x78 0x1419 0x560007 0x0 0x48 0x1419 0x620002 0x1419 0x650003 0x1418 0x28 0x710002 0x0 0x770007 0x0 0x48 0x0 0x830002 0x0 0x860003 0x0 0x28 0x920002 0x0 0x0 0x0 0x0 0x0 0x0 0x0 0x9 0x6 0xffffffffffffffff 0x0 0x0 0xffffffffffffffff 0x0 0x0 oops 0 methods 0
ciMethodData java/lang/String valueOf (Ljava/lang/Object;)Ljava/lang/String; 2 51909 orig 80 0 0 0 0 0 0 0 0 0 0 0 0 249 127 0 0 0 0 0 0 0 0 0 0 0 0 0 0 0 0 0 0 0 0 0 0 0 0 0 0 0 0 0 0 0 0 0 0 0 0 0 0 0 0 0 0 0 0 0 0 0 0 0 0 0 0 0 0 0 0 0 0 0 0 0 0 0 0 0 0 data 23 0x10007 0xcabf 0x38 0x6 0x70003 0x6 0x50 0xb0005 0xc271 0x0 0x1e84ab20d48 0x84a 0x1e84ab23e80 0x4 0x0 0x0 0x0 0x0 0x0 0x0 0x9 0x1 0xffffffffffffffff oops 2 10 java/lang/String 12 java/net/URL methods 0
ciMethodData java/util/HashMap containsKey (Ljava/lang/Object;)Z 2 5151 orig 80 0 0 0 0 0 0 0 0 0 0 0 0 0 0 0 0 0 0 0 0 0 0 0 0 0 0 0 0 0 0 0 0 0 0 0 0 0 0 0 0 0 0 0 0 0 0 0 0 0 0 0 0 0 0 0 0 0 0 0 0 0 0 0 0 0 0 0 0 0 0 0 0 0 0 0 0 0 0 0 0 data 24 0x20005 0x1420 0x0 0x0 0x0 0x0 0x0 0x50007 0xf62 0x38 0x4be 0x90003 0x4be 0x18 0x0 0x0 0x0 0x0 0x0 0x0 0x9 0x2 0x0 0x0 oops 0 methods 0
ciMethodData java/lang/StringConcatHelper stringOf (Ljava/lang/Object;)Ljava/lang/String; 2 190499 orig 80 0 0 0 0 0 0 0 0 0 0 0 0 249 127 0 0 0 0 0 0 0 0 0 0 0 0 0 0 0 0 0 0 0 0 0 0 0 0 0 0 0 0 0 0 0 0 0 0 0 0 0 0 0 0 0 0 0 0 0 0 0 0 0 0 0 0 0 0 0 0 0 0 0 0 0 0 0 0 0 0 data 27 0x10007 0x0 0x78 0x2e823 0x50005 0x2353c 0x0 0x1e84ab20d48 0xb2e8 0x1e84ab22680 0x1 0xa0007 0x2e823 0x38 0x0 0xf0003 0x0 0x18 0x0 0x0 0x0 0x0 0x0 0x0 0x9 0x1 0xffffffffffffffff oops 2 7 java/lang/String 9 java/lang/reflect/Method methods 0
ciMethodData java/lang/StringConcatHelper mix (JLjava/lang/String;)J 2 23045 orig 80 1 0 0 0 0 0 0 0 0 0 0 0 249 127 0 0 0 0 0 0 0 0 0 0 0 0 0 0 0 0 0 0 0 0 0 0 0 0 0 2 0 0 0 0 0 0 0 0 0 0 0 0 0 0 0 0 0 0 0 0 0 0 0 0 0 0 0 0 0 0 0 0 0 0 0 0 0 0 0 0 data 31 0x20005 0x5a05 0x0 0x0 0x0 0x0 0x0 0x90005 0x5a05 0x0 0x0 0x0 0x0 0x0 0x80000006000d0007 0x59f4 0x20 0x13 0x170002 0x5a07 0x0 0x0 0x0 0x0 0x0 0x0 0x9 0x3 0x0 0x0 0xffffffffffffffff oops 0 methods 0
ciMethodData java/lang/StringConcatHelper checkOverflow (J)J 2 23443 orig 80 0 0 0 0 0 0 0 0 0 0 0 0 0 0 0 0 0 0 0 0 0 0 0 0 0 0 0 0 0 0 0 0 0 0 0 0 0 0 0 0 0 0 0 0 0 0 0 0 0 0 0 0 0 0 0 0 0 0 0 0 0 0 0 0 0 0 0 0 0 0 0 0 0 0 0 0 0 0 0 0 data 14 0x20007 0x0 0x20 0x5b93 0xd0002 0x0 0x0 0x0 0x0 0x0 0x9 0x2 0x0 0x0 oops 0 methods 0
ciMethodData java/util/concurrent/ConcurrentHashMap$Traverser advance ()Ljava/util/concurrent/ConcurrentHashMap$Node; 2 5131 orig 80 0 0 0 0 0 0 0 0 0 0 0 0 249 127 0 0 0 0 0 0 0 0 0 0 0 0 0 0 0 0 0 0 0 0 0 0 0 0 0 0 0 0 0 0 0 0 0 0 0 0 0 0 0 0 0 0 0 0 0 0 0 0 0 0 0 0 0 0 0 0 0 0 0 0 0 0 0 0 0 0 data 117 0x60007 0xaf9 0x20 0x912 0xf0007 0x2359 0x20 0x912 0x210007 0xaf9 0x80 0x1860 0x2a0007 0x0 0x60 0x1860 0x380007 0x0 0x40 0x1860 0x3c0007 0x1860 0x20 0x0 0x480002 0x1860 0x4d0007 0x1174 0x1c8 0x6ec 0x540007 0x6ec 0x1a8 0x0 0x580004 0x0 0x0 0x0 0x0 0x0 0x0 0x5b0007 0x0 0xa8 0x0 0x600004 0x0 0x0 0x0 0x0 0x0 0x0 0x700005 0x0 0x0 0x0 0x0 0x0 0x0 0x730003 0x0 0xfffffffffffffe48 0x770004 0x0 0x0 0x0 0x0 0x0 0x0 0x7a0007 0x0 0x70 0x0 0x7e0004 0x0 0x0 0x0 0x0 0x0 0x0 0x850003 0x0 0x18 0x8e0007 0x1860 0x70 0x0 0x940005 0x0 0x0 0x0 0x0 0x0 0x0 0x970003 0x0 0x38 0xa70007 0x0 0x20 0x1860 0xb90003 0x1860 0xfffffffffffffcf8 0x0 0x0 0x0 0x0 0x0 0x0 0x0 0x0 0x0 0x0 0x9 0x1 0x0 oops 0 methods 0
ciMethodData java/util/concurrent/ConcurrentHashMap$BaseIterator hasNext ()Z 2 5211 orig 80 0 0 0 0 0 0 0 0 0 0 0 0 249 127 0 0 0 0 0 0 0 0 0 0 0 0 0 0 0 0 0 0 0 0 0 0 0 0 0 0 0 0 0 0 0 0 0 0 0 0 0 0 0 0 0 0 0 0 0 0 0 0 0 0 0 0 0 0 0 0 0 0 0 0 0 0 0 0 0 0 data 16 0x40007 0xae1 0x38 0x97a 0x80003 0x97a 0x18 0x0 0x0 0x0 0x0 0x0 0x0 0x9 0x1 0x0 oops 0 methods 0
ciMethodData java/lang/StringConcatHelper prepend (J[BLjava/lang/String;)J 2 63574 orig 80 1 0 0 0 0 0 0 0 0 0 0 0 249 127 0 0 0 0 0 0 0 0 0 0 0 0 0 0 0 0 0 0 0 0 0 0 0 0 0 1 0 0 0 0 0 0 0 0 0 0 0 0 0 0 0 0 0 0 0 0 0 0 0 0 0 0 0 0 0 0 0 0 0 0 0 0 0 0 0 0 data 40 0x20005 0xf856 0x0 0x0 0x0 0x0 0x0 0x80000006000d0007 0x16 0x70 0xf841 0x150005 0xf841 0x0 0x0 0x0 0x0 0x0 0x180003 0xf841 0x50 0x200005 0x16 0x0 0x0 0x0 0x0 0x0 0x0 0x0 0x0 0x0 0x0 0x0 0x9 0x4 0x0 0x0 0xffffffffffffffff 0xffffffffffffffff oops 0 methods 0
ciMethodData java/lang/StringConcatHelper initialCoder ()J 2 98545 orig 80 0 0 0 0 0 0 0 0 0 0 0 0 249 127 0 0 0 0 0 0 0 0 0 0 0 0 0 0 0 0 0 0 0 0 0 0 0 0 0 0 0 0 0 0 0 0 0 0 0 0 0 0 0 0 0 0 0 0 0 0 0 0 0 0 0 0 0 0 0 0 0 0 0 0 0 0 0 0 0 0 data 12 0x30007 0x0 0x38 0x180f1 0x70003 0x180f1 0x18 0x0 0x0 0x0 0x9 0x0 oops 0 methods 0
ciMethodData java/lang/StringConcatHelper simpleConcat (Ljava/lang/Object;Ljava/lang/Object;)Ljava/lang/String; 2 98712 orig 80 1 0 0 0 0 0 0 0 0 0 0 0 0 0 0 0 0 0 0 0 0 0 0 0 0 0 0 0 0 0 0 0 0 0 0 0 0 0 0 0 0 0 0 0 0 0 0 0 0 0 0 0 0 0 0 0 0 0 0 0 0 0 0 0 0 0 0 0 0 0 0 0 0 0 0 0 0 0 0 0 data 54 0x10002 0x18198 0x60002 0x18198 0xb0005 0x18198 0x0 0x0 0x0 0x0 0x0 0xe0007 0x180f0 0x30 0xa8 0x160002 0xa8 0x1b0005 0x180f0 0x0 0x0 0x0 0x0 0x0 0x1e0007 0x180f0 0x30 0x0 0x260002 0x0 0x2a0002 0x180f0 0x2e0002 0x180f0 0x360002 0x180f0 0x3d0002 0x180f1 0x470002 0x180f1 0x510002 0x180f1 0x5a0002 0x180f1 0x0 0x0 0x0 0x0 0x0 0x0 0x9 0x2 0x0 0x0 oops 0 methods 0
ciMethodData java/lang/StringConcatHelper newString ([BJ)Ljava/lang/String; 2 35931 orig 80 1 0 0 0 0 0 0 0 0 0 0 0 0 0 0 0 0 0 0 0 0 0 0 0 0 0 0 0 0 0 0 0 0 0 0 0 0 0 0 1 0 0 0 0 0 0 0 0 0 0 0 0 0 0 0 0 0 0 0 0 0 0 0 0 0 0 0 0 0 0 0 0 0 0 0 0 0 0 0 0 data 55 0x8000000600030007 0xb 0x30 0x8c51 0xc0002 0x8c51 0x150007 0x0 0x30 0xb 0x1e0002 0xb 0x2a0002 0x0 0x2f0005 0x0 0x0 0x0 0x0 0x0 0x0 0x340005 0x0 0x0 0x0 0x0 0x0 0x0 0x390005 0x0 0x0 0x0 0x0 0x0 0x0 0x3c0005 0x0 0x0 0x0 0x0 0x0 0x0 0x3f0002 0x0 0x0 0x0 0x0 0x0 0x0 0x0 0x9 0x3 0x0 0x0 0x0 oops 0 methods 0
ciMethodData java/lang/invoke/DirectMethodHandle allocateInstance (Ljava/lang/Object;)Ljava/lang/Object; 2 13431 orig 80 0 0 0 0 0 0 0 0 0 0 0 0 249 127 0 0 0 0 0 0 0 0 0 0 0 0 0 0 0 0 0 0 0 0 0 0 0 0 0 0 0 0 0 0 0 0 0 0 0 0 0 0 0 0 0 0 0 0 0 0 0 0 0 0 0 0 0 0 0 0 0 0 0 0 0 0 0 0 0 0 data 23 0x10004 0x0 0x0 0x1e85127ec60 0xf83 0x0 0x0 0xc0005 0x3478 0x0 0x0 0x0 0x0 0x0 0x0 0x0 0x0 0x0 0x0 0x0 0x9 0x1 0x0 oops 1 3 java/lang/invoke/DirectMethodHandle$Constructor methods 0
ciMethodData java/lang/invoke/DirectMethodHandle constructorMethod (Ljava/lang/Object;)Ljava/lang/Object; 2 13019 orig 80 0 0 0 0 0 0 0 0 0 0 0 0 249 127 0 0 0 0 0 0 0 0 0 0 0 0 0 0 0 0 0 0 0 0 0 0 0 0 0 0 0 0 0 0 0 0 0 0 0 0 0 0 0 0 0 0 0 0 0 0 0 0 0 0 0 0 0 0 0 0 0 0 0 0 0 0 0 0 0 0 data 16 0x10004 0x0 0x0 0x1e85127ec60 0xde5 0x0 0x0 0x0 0x0 0x0 0x0 0x0 0x0 0x9 0x1 0x0 oops 1 3 java/lang/invoke/DirectMethodHandle$Constructor methods 0
ciMethodData java/util/HashMap$ValueIterator next ()Ljava/lang/Object; 2 5121 orig 80 0 0 0 0 0 0 0 0 0 0 0 0 249 127 0 0 0 0 0 0 0 0 0 0 0 0 0 0 0 0 0 0 0 0 0 0 0 0 0 0 0 0 0 0 0 0 0 0 0 0 0 0 0 0 0 0 0 0 0 0 0 0 0 0 0 0 0 0 0 0 0 0 0 0 0 0 0 0 0 0 data 16 0x10005 0x1401 0x0 0x0 0x0 0x0 0x0 0x0 0x0 0x0 0x0 0x0 0x0 0x9 0x1 0x0 oops 0 methods 0
ciMethodData java/lang/invoke/DirectMethodHandle internalMemberName (Ljava/lang/Object;)Ljava/lang/Object; 2 114134 orig 80 1 0 0 0 0 0 0 0 0 0 0 0 249 127 0 0 0 0 0 0 4 0 0 0 0 0 0 0 0 0 0 0 0 0 0 0 0 0 0 0 0 0 0 0 0 0 0 0 0 0 0 0 0 0 0 0 0 0 0 0 0 0 0 0 0 0 0 0 0 0 0 0 0 0 0 0 0 0 0 0 data 16 0x8000000400010004 0x0 0x0 0x1e84ab22fe8 0x53e7 0x1e8510930d0 0x4 0x0 0x0 0x0 0x0 0x0 0x0 0x9 0x1 0x0 oops 2 3 java/lang/invoke/DirectMethodHandle 5 java/lang/invoke/DirectMethodHandle$Interface methods 0
ciMethod java/util/LinkedList <init> ()V 54 0 15220 0 -1
ciMethod java/util/ConcurrentModificationException <init> ()V 0 0 1 0 -1
ciMethodData java/lang/invoke/Invokers$Holder linkToTargetMethod (Ljava/lang/Object;Ljava/lang/Object;)Ljava/lang/Object; 2 102582 orig 80 0 0 0 0 0 0 0 0 0 0 0 0 249 127 0 0 0 0 0 0 0 0 0 0 0 0 0 0 0 0 0 0 0 0 0 0 0 0 0 0 0 0 0 0 0 0 0 0 0 0 0 0 0 0 0 0 0 0 0 0 0 0 0 0 0 0 0 0 0 0 0 0 0 0 0 0 0 0 0 0 data 34 0x10004 0x0 0x0 0x1e85127ec60 0x32d 0x1e85127f688 0xb61 0x5000b 0x190b6 0x0 0x0 0x0 0x0 0x0 0x3 0x1 0x2 0x2 0x0 0x0 0x0 0x0 0x0 0x0 0x9 0x2 0x0 0x0 0xc 0x4 0x0 0x2 0x1 0x2 oops 2 3 java/lang/invoke/DirectMethodHandle$Constructor 5 java/lang/invoke/BoundMethodHandle$Species_LL methods 0
ciMethodData java/lang/invoke/DirectMethodHandle$Holder newInvokeSpecial (Ljava/lang/Object;Ljava/lang/Object;)Ljava/lang/Object; 2 8527 orig 80 0 0 0 0 0 0 0 0 0 0 0 0 249 127 0 0 0 0 0 0 0 0 0 0 0 0 0 0 0 0 0 0 0 0 0 0 0 0 0 0 0 0 0 0 0 0 0 0 0 0 0 0 0 0 0 0 0 0 0 0 0 0 0 0 0 0 0 0 0 0 0 0 0 0 0 0 0 0 0 0 data 42 0x1000a 0x214e 0x3 0x0 0x1e85127ec60 0x2 0x6000a 0x2150 0x3 0x0 0x1e85127ec60 0x1e84ab23180 0xd0004 0x0 0x0 0x0 0x0 0x0 0x0 0x10000a 0x2150 0x4 0x0 0x2 0x1 0x2 0x0 0x0 0x0 0x0 0x0 0x0 0x9 0x2 0x0 0x0 0xc 0x4 0x0 0x1e85127ec60 0x1 0x2 oops 4 4 java/lang/invoke/DirectMethodHandle$Constructor 10 java/lang/invoke/DirectMethodHandle$Constructor 11 java/lang/invoke/MemberName 39 java/lang/invoke/DirectMethodHandle$Constructor methods 0
ciMethod  @bci org/python/pydev/pydev_lsp/PyDevCodeAnalysis run ()V 105 <appendix> form vmentry <vmtarget> ; invoke (Ljava/lang/Object;Ljava/lang/Object;)Ljava/lang/Object; 830 0 95725 0 -1
ciMethodData  @bci org/python/pydev/pydev_lsp/PyDevCodeAnalysis run ()V 105 <appendix> form vmentry <vmtarget> ; invoke (Ljava/lang/Object;Ljava/lang/Object;)Ljava/lang/Object; 2 95310 orig 80 0 0 0 0 0 0 0 0 0 0 0 0 249 127 0 0 0 0 0 0 0 0 0 0 0 0 0 0 0 0 0 0 0 0 0 0 0 0 0 0 0 0 0 0 0 0 0 0 0 0 0 0 0 0 0 0 0 0 0 0 0 0 0 0 0 0 0 0 0 0 0 0 0 0 0 0 0 0 0 0 data 43 0x10004 0x0 0x0 0x1e85127f688 0x128f 0x0 0x0 0x100004 0x0 0x0 0x1e84ab22fe8 0x128c 0x0 0x0 0x15000b 0x1744b 0x0 0x0 0x0 0x0 0x0 0x5 0x1 0x2 0x2 0x2 0x2 0x0 0x0 0x0 0x0 0x0 0x0 0x9 0x2 0x0 0x0 0xc 0x4 0x0 0x1e85127f688 0x1 0x2 oops 3 3 java/lang/invoke/BoundMethodHandle$Species_LL 10 java/lang/invoke/DirectMethodHandle 40 java/lang/invoke/BoundMethodHandle$Species_LL methods 0
ciMethod org/eclipse/core/runtime/IPath fromPortableString (Ljava/lang/String;)Lorg/eclipse/core/runtime/IPath; 4 0 2 0 0
ciMethod org/eclipse/core/runtime/IPath getDevice ()Ljava/lang/String; 0 0 1 0 -1
ciMethod org/eclipse/core/runtime/IPath isAbsolute ()Z 0 0 1 0 -1
ciMethod org/eclipse/core/runtime/IPath lastSegment ()Ljava/lang/String; 0 0 1 0 -1
ciMethod org/eclipse/core/runtime/IPath makeAbsolute ()Lorg/eclipse/core/runtime/IPath; 0 0 1 0 -1
ciMethod org/eclipse/core/runtime/IPath setDevice (Ljava/lang/String;)Lorg/eclipse/core/runtime/IPath; 0 0 1 0 -1
ciMethodData java/io/File toString ()Ljava/lang/String; 2 45820 orig 80 0 0 0 0 0 0 0 0 0 0 0 0 0 0 0 0 0 0 0 0 0 0 0 0 0 0 0 0 0 0 0 0 0 0 0 0 0 0 0 0 0 0 0 0 0 0 0 0 0 0 0 0 0 0 0 0 0 0 0 0 0 0 0 0 0 0 0 0 0 0 0 0 0 0 0 0 0 0 0 0 data 16 0x10005 0x0 0x0 0x1e851b5a2e8 0xb2fc 0x0 0x0 0x0 0x0 0x0 0x0 0x0 0x0 0x9 0x1 0x0 oops 1 3 java/io/File methods 0
ciMethod org/eclipse/core/runtime/IExtensionRegistry getExtensionPoint (Ljava/lang/String;Ljava/lang/String;)Lorg/eclipse/core/runtime/IExtensionPoint; 0 0 1 0 -1
ciMethod org/eclipse/core/runtime/IExtension getConfigurationElements ()[Lorg/eclipse/core/runtime/IConfigurationElement; 0 0 1 0 -1
ciMethod org/eclipse/core/runtime/IExtensionPoint getExtensions ()[Lorg/eclipse/core/runtime/IExtension; 0 0 1 0 -1
ciMethod org/eclipse/core/runtime/IConfigurationElement getName ()Ljava/lang/String; 0 0 1 0 -1
ciMethod org/eclipse/core/runtime/IPath toFile ()Ljava/io/File; 0 0 1 0 -1
ciMethod org/eclipse/core/runtime/Path parsePortableString (Ljava/lang/String;)Lorg/eclipse/core/runtime/IPath; 4 0 2 0 0
ciMethod org/eclipse/core/runtime/Path <init> (Ljava/lang/String;Ljava/lang/String;Z)V 10 0 6870 0 -1
ciMethod org/eclipse/core/runtime/Path lastSegment ()Ljava/lang/String; 774 0 5589 0 128
ciMethod org/eclipse/core/runtime/Path getSegments ()[Ljava/lang/String; 266 0 133 0 0
ciMethod org/eclipse/core/runtime/QualifiedName <init> (Ljava/lang/String;Ljava/lang/String;)V 38 0 19 0 -1
ciMethod org/eclipse/core/runtime/QualifiedName equals (Ljava/lang/Object;)Z 0 0 1 0 0
ciMethod org/eclipse/core/runtime/QualifiedName getLocalName ()Ljava/lang/String; 26 0 13 0 -1
ciMethod org/eclipse/core/runtime/QualifiedName getQualifier ()Ljava/lang/String; 52 0 26 0 -1
ciMethod org/eclipse/core/runtime/QualifiedName hashCode ()I 512 0 5376 0 352
ciMethodData java/util/HashMap$EntrySet iterator ()Ljava/util/Iterator; 2 1365 orig 80 0 0 0 0 0 0 0 0 0 0 0 0 249 127 0 0 0 0 0 0 0 0 0 0 0 0 0 0 0 0 0 0 0 0 0 0 0 0 0 0 0 0 0 0 0 0 0 0 0 0 0 0 0 0 0 0 0 0 0 0 0 0 0 0 0 0 0 0 0 0 0 0 0 0 0 0 0 0 0 0 data 9 0x80002 0x556 0x0 0x0 0x0 0x0 0x9 0x1 0x0 oops 0 methods 0
ciMethodData java/util/HashMap$EntryIterator <init> (Ljava/util/HashMap;)V 2 1365 orig 80 0 0 0 0 0 0 0 0 0 0 0 0 0 0 0 0 0 0 0 0 0 0 0 0 0 0 0 0 0 0 0 0 0 0 0 0 0 0 0 0 0 0 0 0 0 0 0 0 0 0 0 0 0 0 0 0 0 0 0 0 0 0 0 0 0 0 0 0 0 0 0 0 0 0 0 0 0 0 0 0 data 8 0x20002 0x555 0x0 0x0 0x9 0x2 0x0 0x0 oops 0 methods 0
ciMethod org/eclipse/core/internal/utils/Policy log (Ljava/lang/Throwable;)V 0 0 1 0 -1
ciMethod org/eclipse/core/internal/resources/Workspace getPathVariableManager ()Lorg/eclipse/core/resources/IPathVariableManager; 256 0 128 0 -1
ciMethod org/eclipse/core/internal/resources/Workspace getResourceInfo (Lorg/eclipse/core/runtime/IPath;ZZ)Lorg/eclipse/core/internal/resources/ResourceInfo; 536 0 10508 0 -1
ciMethod org/eclipse/core/internal/resources/Resource getFlags (Lorg/eclipse/core/internal/resources/ResourceInfo;)I 1024 0 98543 0 -1
ciMethod org/eclipse/core/internal/resources/Resource getFullPath ()Lorg/eclipse/core/runtime/IPath; 264 0 132 0 0
ciMethod org/eclipse/core/internal/resources/Resource getProject ()Lorg/eclipse/core/resources/IProject; 786 0 6621 0 -1
ciMethod org/eclipse/core/internal/resources/Resource getResourceInfo (ZZ)Lorg/eclipse/core/internal/resources/ResourceInfo; 1024 0 130795 0 -1
ciMethod org/eclipse/core/internal/resources/Resource getPathVariableManager ()Lorg/eclipse/core/resources/IPathVariableManager; 632 0 19527 0 0
ciMethod org/eclipse/core/internal/resources/ResourceInfo getFlags ()I 284 0 142 0 -1
ciMethod org/eclipse/core/internal/resources/ProjectInfo getDescription ()Lorg/eclipse/core/internal/resources/ProjectDescription; 256 0 128 0 -1
ciMethod org/eclipse/core/resources/IPathVariableManager getURIValue (Ljava/lang/String;)Ljava/net/URI; 0 0 1 0 -1
ciMethod org/eclipse/core/resources/IPathVariableManager getPathVariableNames ()[Ljava/lang/String; 0 0 1 0 -1
ciMethod org/eclipse/core/resources/IProject getDescription ()Lorg/eclipse/core/resources/IProjectDescription; 0 0 1 0 -1
ciMethod org/eclipse/core/resources/IProject getName ()Ljava/lang/String; 0 0 1 0 -1
ciMethod org/eclipse/core/resources/IProject getLocation ()Lorg/eclipse/core/runtime/IPath; 0 0 1 0 -1
ciMethod org/eclipse/core/resources/IProject getPathVariableManager ()Lorg/eclipse/core/resources/IPathVariableManager; 0 0 1 0 -1
ciMethod org/eclipse/core/resources/IProject getFullPath ()Lorg/eclipse/core/runtime/IPath; 0 0 1 0 -1
ciMethod org/eclipse/core/runtime/Platform getExtensionRegistry ()Lorg/eclipse/core/runtime/IExtensionRegistry; 22 0 37 0 -1
ciMethod org/eclipse/core/internal/resources/Project checkAccessible (I)V 512 0 5378 0 -1
ciMethod org/eclipse/core/internal/resources/Project getDescription ()Lorg/eclipse/core/resources/IProjectDescription; 514 0 5402 0 3808
ciMethod org/eclipse/core/internal/resources/Project getProject ()Lorg/eclipse/core/resources/IProject; 514 0 1286 0 64
ciMethod org/eclipse/core/internal/resources/PathVariableManager getPathVariableNames ()[Ljava/lang/String; 456 2736 2057 0 -1
ciMethod org/eclipse/core/internal/resources/PathVariableManager getURIValue (Ljava/lang/String;)Ljava/net/URI; 0 0 1 0 -1
ciMethod org/eclipse/core/internal/resources/ProjectDescription clone ()Ljava/lang/Object; 514 0 5402 0 -1
ciMethod org/eclipse/core/internal/resources/ProjectDescription getVariables ()Ljava/util/HashMap; 260 0 130 0 0
ciMethod org/eclipse/core/filesystem/URIUtil toURI (Lorg/eclipse/core/runtime/IPath;)Ljava/net/URI; 242 0 6417 0 20320
ciMethod org/eclipse/core/filesystem/URIUtil toURI (Ljava/lang/String;Z)Ljava/net/URI; 1012 0 6417 0 -1
ciMethod org/eclipse/core/internal/resources/ProjectPathVariableManager <init> (Lorg/eclipse/core/internal/resources/Resource;)V 608 0 17353 0 0
ciMethod org/eclipse/core/internal/resources/ProjectPathVariableManager getWorkspaceManager ()Lorg/eclipse/core/internal/resources/PathVariableManager; 128 0 2057 0 -1
ciMethod org/eclipse/core/internal/resources/ProjectPathVariableManager getPathVariableNames ()[Ljava/lang/String; 456 4104 2057 0 5440
ciMethod org/eclipse/core/internal/resources/ProjectPathVariableManager getURIValue (Ljava/lang/String;)Ljava/net/URI; 512 0 5380 0 2368
ciMethod org/eclipse/core/internal/resources/ProjectPathVariableManager internalGetValue (Ljava/lang/String;)Ljava/lang/String; 512 1280 5380 0 1376
ciMethod org/eclipse/core/internal/resources/ProjectPathVariableManager resolveVariable (Ljava/lang/String;)Ljava/net/URI; 0 0 1 0 -1
ciMethod org/eclipse/core/internal/resources/ProjectVariableProviderManager getDefault ()Lorg/eclipse/core/internal/resources/ProjectVariableProviderManager; 608 0 17353 0 0
ciMethod org/eclipse/core/internal/resources/ProjectVariableProviderManager getDescriptors ()[Lorg/eclipse/core/internal/resources/ProjectVariableProviderManager$Descriptor; 608 0 17353 0 0
ciMethod org/eclipse/core/internal/resources/ProjectVariableProviderManager lazyInitialize ()V 608 12 7479 0 96
ciMethod org/eclipse/core/internal/resources/ProjectVariableProviderManager$Descriptor <init> (Lorg/eclipse/core/runtime/IExtension;Lorg/eclipse/core/runtime/IConfigurationElement;)V 10 0 5 0 -1
ciMethod org/eclipse/core/internal/resources/ProjectVariableProviderManager$Descriptor getName ()Ljava/lang/String; 314 0 157 0 0
ciMethod org/eclipse/core/internal/resources/ProjectVariableProviderManager$Descriptor getValue (Ljava/lang/String;Lorg/eclipse/core/resources/IResource;)Ljava/lang/String; 512 0 5380 0 0
ciMethod org/eclipse/core/internal/resources/ProjectVariableProviderManager$Descriptor getVariableNames (Ljava/lang/String;Lorg/eclipse/core/resources/IResource;)[Ljava/lang/String; 522 0 5382 0 -1
ciMethod org/eclipse/core/resources/variableresolvers/PathVariableResolver getValue (Ljava/lang/String;Lorg/eclipse/core/resources/IResource;)Ljava/lang/String; 0 0 1 0 -1
ciMethodData org/eclipse/core/filesystem/URIUtil toURI (Lorg/eclipse/core/runtime/IPath;)Ljava/net/URI; 2 6296 orig 80 0 0 0 0 0 0 0 0 0 0 0 0 0 0 0 0 0 0 0 0 0 0 0 0 0 0 0 0 0 0 0 0 0 0 0 0 0 0 0 0 0 0 0 0 0 0 0 0 0 0 0 0 0 0 0 0 0 0 0 0 0 0 0 0 0 0 0 0 0 0 0 0 0 0 0 0 0 0 0 0 data 72 0x10007 0x1898 0x20 0x0 0x70005 0x0 0x0 0x1e851b5a240 0x1898 0x0 0x0 0xc0007 0x0 0xa0 0x1898 0x100005 0x0 0x0 0x1e851b5a240 0x1898 0x0 0x0 0x150005 0x0 0x0 0x1e851b5a2e8 0x1898 0x0 0x0 0x190002 0x1898 0x210005 0x0 0x0 0x0 0x0 0x0 0x0 0x260005 0x0 0x0 0x0 0x0 0x0 0x0 0x2b0002 0x0 0x310005 0x0 0x0 0x0 0x0 0x0 0x0 0x360002 0x0 0x390005 0x0 0x0 0x0 0x0 0x0 0x0 0x0 0x0 0x0 0x0 0x0 0x0 0x9 0x1 0xffffffffffffffff oops 3 7 org/eclipse/core/runtime/Path 18 org/eclipse/core/runtime/Path 25 java/io/File methods 0
ciMethod org/python/pydev/core/IInterpreterManager getDefaultInterpreterInfo (Z)Lorg/python/pydev/core/IInterpreterInfo; 0 0 1 0 -1
ciMethod org/python/pydev/core/IInterpreterManager getInterpreterInfos ()[Lorg/python/pydev/core/IInterpreterInfo; 0 0 1 0 -1
ciMethod org/python/pydev/core/IInterpreterManager getInterpreterInfo (Ljava/lang/String;Lorg/eclipse/core/runtime/IProgressMonitor;)Lorg/python/pydev/core/IInterpreterInfo; 0 0 1 0 -1
ciMethod org/python/pydev/core/IInterpreterManager getInterpreterType ()I 0 0 1 0 -1
ciMethodData org/eclipse/core/internal/resources/Resource getResourceInfo (ZZ)Lorg/eclipse/core/internal/resources/ResourceInfo; 2 130346 orig 80 0 0 0 0 0 0 0 0 0 0 0 0 0 0 0 0 0 0 0 0 0 0 0 0 0 0 0 0 0 0 0 0 0 0 0 0 0 0 0 0 0 0 0 0 0 0 0 0 0 0 0 0 0 0 0 0 0 0 0 0 0 0 0 0 0 0 0 0 0 0 0 0 0 0 0 0 0 0 0 0 data 25 0x50005 0xac4e 0x0 0x1e8501bfee0 0x6479 0x1e851b5a048 0xec64 0xa0005 0x0 0x0 0x1e8501bf980 0x1fd2a 0x0 0x0 0x0 0x0 0x0 0x0 0x0 0x0 0x9 0x3 0x0 0x0 0x0 oops 3 3 org/eclipse/core/internal/resources/File 5 org/eclipse/core/internal/resources/Project 10 org/eclipse/core/internal/resources/Workspace methods 0
ciMethodData org/eclipse/core/internal/resources/Resource getFlags (Lorg/eclipse/core/internal/resources/ResourceInfo;)I 2 98083 orig 80 0 0 0 0 0 0 0 0 0 0 0 0 0 0 0 0 0 0 0 0 0 0 0 0 0 0 0 0 0 0 0 0 0 0 0 0 0 0 0 0 0 0 0 0 0 0 0 0 0 0 0 0 0 0 0 0 0 0 0 0 0 0 0 0 0 0 0 0 0 0 0 0 0 0 0 0 0 0 0 0 data 24 0x10007 0x15371 0x38 0x2bb3 0x50003 0x2bb3 0x50 0x90005 0x4 0x0 0x1e85116f1c8 0xa474 0x1e85116f590 0xaef9 0x0 0x0 0x0 0x0 0x0 0x0 0x9 0x2 0x0 0x0 oops 2 10 org/eclipse/core/internal/resources/ResourceInfo 12 org/eclipse/core/internal/resources/ProjectInfo methods 0
ciMethodData org/eclipse/core/runtime/Path lastSegment ()Ljava/lang/String; 2 5202 orig 80 0 0 0 0 0 0 0 0 0 0 0 0 249 127 0 0 0 0 0 0 0 0 0 0 0 0 0 0 0 0 0 0 0 0 0 0 0 0 0 0 0 0 0 0 0 0 0 0 0 0 0 0 0 0 0 0 0 0 0 0 0 0 0 0 0 0 0 0 0 0 0 0 0 0 0 0 0 0 0 0 data 23 0x10005 0x1452 0x0 0x0 0x0 0x0 0x0 0x90007 0x1451 0x38 0x1 0xd0003 0x1 0x18 0x0 0x0 0x0 0x0 0x0 0x0 0x9 0x1 0x0 oops 0 methods 0
ciMethod org/python/pydev/core/IInterpreterInfo matchNameBackwardCompatible (Ljava/lang/String;)Z 0 0 1 0 -1
ciMethod org/python/pydev/core/IInterpreterInfo getStringSubstitutionVariables (Z)Ljava/util/Properties; 0 0 1 0 -1
ciMethod org/python/pydev/ast/interpreter_managers/InterpreterInfo matchNameBackwardCompatible (Ljava/lang/String;)Z 512 0 3687 0 0
ciMethod org/python/pydev/ast/interpreter_managers/InterpreterInfo getStringSubstitutionVariables (Z)Ljava/util/Properties; 438 0 3291 0 0
ciMethod org/python/pydev/core/MisconfigurationException <init> (Ljava/lang/String;)V 16 0 8 0 -1
ciMethod org/python/pydev/core/MisconfigurationException <init> (Ljava/lang/Throwable;)V 0 0 1 0 -1
ciMethod org/python/pydev/core/IPythonPathNature getVariableSubstitution (Z)Ljava/util/Map; 0 0 1 0 -1
ciMethod org/python/pydev/core/ProjectMisconfiguredException <init> (Ljava/lang/Throwable;)V 0 0 1 0 0
ciMethod org/python/pydev/core/ProjectMisconfiguredException <init> (Ljava/lang/String;)V 4 0 2 0 -1
ciMethod org/python/pydev/ast/interpreter_managers/AbstractInterpreterManager internalRecreateCacheGetInterpreterInfos ()[Lorg/python/pydev/core/IInterpreterInfo; 48 72 33 0 -1
ciMethod org/python/pydev/ast/interpreter_managers/AbstractInterpreterManager getInterpreterInfo (Ljava/lang/String;Lorg/eclipse/core/runtime/IProgressMonitor;)Lorg/python/pydev/ast/interpreter_managers/InterpreterInfo; 506 508 3686 6 0
ciMethod org/python/pydev/ast/interpreter_managers/AbstractInterpreterManager getInterpreterInfo (Ljava/lang/String;Lorg/eclipse/core/runtime/IProgressMonitor;)Lorg/python/pydev/core/IInterpreterInfo; 504 0 3685 6 0
ciMethod org/python/pydev/plugin/nature/PythonNatureStore getMapProperty (Lorg/eclipse/core/runtime/QualifiedName;)Ljava/util/Map; 512 0 3331 0 0
ciMethod org/python/pydev/plugin/nature/PythonNature getPythonProjectInterpreterQualifiedName ()Lorg/eclipse/core/runtime/QualifiedName; 14 0 7 0 -1
ciMethod org/python/pydev/plugin/nature/PythonNature getProject ()Lorg/eclipse/core/resources/IProject; 256 0 128 0 0
ciMethod org/python/pydev/plugin/nature/PythonNature getVersion (Z)Ljava/lang/String; 120 0 400 0 -1
ciMethod org/python/pydev/plugin/nature/PythonNature setVersion (Ljava/lang/String;Ljava/lang/String;)V 0 0 1 0 -1
ciMethod org/python/pydev/plugin/nature/PythonNature getInterpreterType ()I 512 0 3797 0 0
ciMethod org/python/pydev/plugin/nature/PythonNature getInterpreterTypeFromVersion (Ljava/lang/String;)I 14 0 7 0 -1
ciMethod org/python/pydev/plugin/nature/PythonNature getRelatedInterpreterManager ()Lorg/python/pydev/core/IInterpreterManager; 512 0 3791 0 0
ciMethod org/python/pydev/plugin/nature/PythonNature getStore ()Lorg/python/pydev/plugin/nature/IPythonNatureStore; 258 0 129 0 0
ciMethod org/python/pydev/plugin/nature/PythonNature getProjectInterpreter ()Lorg/python/pydev/core/IInterpreterInfo; 512 0 3689 8 0
ciMethod org/python/pydev/plugin/nature/PythonNature getProjectInterpreterName ()Ljava/lang/String; 512 0 3800 0 0
ciMethod org/python/pydev/plugin/nature/IPythonNatureStore getMapProperty (Lorg/eclipse/core/runtime/QualifiedName;)Ljava/util/Map; 0 0 1 0 -1
ciMethod org/python/pydev/plugin/nature/IPythonNatureStore getPropertyFromXml (Lorg/eclipse/core/runtime/QualifiedName;)Ljava/lang/String; 0 0 1 0 -1
ciMethod org/python/pydev/plugin/nature/PythonPathNature getProjectVariableSubstitutionQualifiedName ()Lorg/eclipse/core/runtime/QualifiedName; 512 0 3328 0 0
ciMethod org/python/pydev/plugin/nature/PythonPathNature getVariableSubstitution (Z)Ljava/util/Map; 512 0 3328 0 0
ciMethod org/python/pydev/plugin/nature/PythonNatureStore traceFunc (Ljava/lang/String;[Ljava/lang/Object;)V 512 0 3475 0 0
ciMethod org/python/pydev/plugin/nature/PythonNatureStore checkLoad (Ljava/lang/String;)V 512 0 5378 0 416
ciMethod org/python/pydev/plugin/nature/PythonNatureStore findPropertyNodeInXml (Ljava/lang/String;Lorg/eclipse/core/runtime/QualifiedName;)Lorg/w3c/dom/Node; 22 118 11 0 -1
ciMethod org/python/pydev/plugin/nature/PythonNatureStore getChildValuesWithType (Lorg/w3c/dom/Node;[Ljava/lang/String;)[Ljava/lang/String; 4 24 2 0 -1
ciMethod org/python/pydev/plugin/nature/PythonNatureStore getMapStringFromArray ([Ljava/lang/String;)Ljava/util/Map; 0 0 1 0 -1
ciMethodData java/lang/String indexOf (Ljava/lang/String;)I 2 6144 orig 80 0 0 0 0 0 0 0 0 0 0 0 0 249 127 0 0 0 0 0 0 0 0 0 0 0 0 0 0 0 0 0 0 0 0 0 0 0 0 0 0 0 0 0 0 0 0 0 0 0 0 0 0 0 0 0 0 0 0 0 0 0 0 0 0 0 0 0 0 0 0 0 0 0 0 0 0 0 0 0 0 data 52 0x10005 0x1800 0x0 0x0 0x0 0x0 0x0 0x70005 0x1800 0x0 0x0 0x0 0x0 0x0 0xa0007 0x0 0xb0 0x1800 0xe0005 0x1800 0x0 0x0 0x0 0x0 0x0 0x110007 0x0 0x48 0x1800 0x1c0002 0x1800 0x1f0003 0x1800 0x28 0x2a0002 0x0 0x2f0007 0x0 0x20 0x0 0x3c0002 0x0 0x0 0x0 0x0 0x0 0x0 0x0 0x9 0x2 0x0 0x0 oops 0 methods 0
ciMethodData java/net/URI getPath ()Ljava/lang/String; 2 44192 orig 80 0 0 0 0 0 0 0 0 0 0 0 0 249 127 0 0 0 0 0 0 0 0 0 0 0 0 0 0 0 0 0 0 0 0 0 0 0 0 0 0 0 0 0 0 0 0 0 0 0 0 0 0 0 0 0 0 0 0 0 0 0 0 0 0 0 0 0 0 0 0 0 0 0 0 0 0 0 0 0 0 data 19 0x60007 0x5ed3 0x50 0x4dcd 0xd0007 0x0 0x30 0x4dcd 0x150002 0x4dcd 0x0 0x0 0x0 0x0 0x0 0x0 0x9 0x1 0x180 oops 0 methods 0
ciMethodData java/net/URI decode (Ljava/lang/String;)Ljava/lang/String; 2 19919 orig 80 0 0 0 0 0 0 0 0 0 0 0 0 0 0 0 0 0 0 0 0 0 0 0 0 0 0 0 0 0 0 0 0 0 0 0 0 0 0 0 0 0 0 0 0 0 0 0 0 0 0 0 0 0 0 0 0 0 0 0 0 0 0 0 0 0 0 0 0 0 0 0 0 0 0 0 0 0 0 0 0 data 11 0x20002 0x4dcf 0x0 0x0 0x0 0x0 0x0 0x0 0x9 0x1 0x0 oops 0 methods 0
ciMethodData java/net/URI decode (Ljava/lang/String;Z)Ljava/lang/String; 2 6338 orig 80 1 0 0 0 0 0 0 0 0 0 0 0 0 0 0 0 0 0 0 0 0 0 0 0 0 0 0 0 0 0 0 0 0 0 0 0 0 0 0 0 0 0 0 0 0 0 0 0 0 0 0 0 0 0 0 0 0 0 0 0 0 0 0 0 0 0 0 0 0 0 0 0 0 0 0 0 0 0 0 0 data 306 0x10007 0x18c2 0x20 0x0 0x70005 0x18c2 0x0 0x0 0x0 0x0 0x0 0xc0007 0x18c2 0x20 0x0 0x140005 0x18c2 0x0 0x0 0x0 0x0 0x0 0x170007 0x1633 0x20 0x28f 0x210002 0x1633 0x260002 0x1633 0x2c0002 0x1633 0x340005 0x1633 0x0 0x0 0x0 0x0 0x0 0x3a0005 0x1633 0x0 0x0 0x0 0x0 0x0 0x400005 0x1633 0x0 0x0 0x0 0x0 0x0 0x470005 0x1633 0x0 0x0 0x0 0x0 0x0 0x550007 0x0 0x710 0x68189 0x5b0007 0x68189 0x88 0x0 0x630005 0x0 0x0 0x0 0x0 0x0 0x0 0x660007 0x0 0x30 0x0 0x6d0002 0x0 0x750007 0x68189 0x38 0x0 0x7b0003 0x0 0x58 0x800007 0x68189 0x40 0x0 0x870007 0x0 0x20 0x0 0x910007 0x633c8 0x60 0x4dc1 0x960007 0x4dc1 0x100 0x0 0x9a0007 0x0 0xe0 0x0 0xa00005 0x633c8 0x0 0x0 0x0 0x0 0x0 0xaa0007 0x61d94 0x38 0x1634 0xad0003 0x1634 0x538 0xb30005 0x61d94 0x0 0x0 0x0 0x0 0x0 0xb80003 0x61d94 0xfffffffffffffdd8 0xbd0005 0x0 0x0 0x1e84f7e5b30 0x4dc1 0x0 0x0 0xc80007 0x4dc1 0x50 0x0 0xd00007 0x0 0x30 0x0 0xd70002 0x0 0xe30005 0x4dc1 0x0 0x0 0x0 0x0 0x0 0xec0005 0x4dc1 0x0 0x0 0x0 0x0 0x0 0xef0002 0x4dc1 0xf20005 0x0 0x0 0x1e84f7e5b30 0x4dc2 0x0 0x0 0xfc0007 0x4dc2 0x38 0x0 0xff0003 0x0 0x88 0x1050005 0x4dc2 0x0 0x0 0x0 0x0 0x0 0x10e0007 0x0 0xfffffffffffffe88 0x4dc2 0x1110003 0x4dc2 0x18 0x1160005 0x0 0x0 0x1e84f7e5b30 0x4dc2 0x0 0x0 0x11c0005 0x4dc2 0x0 0x0 0x0 0x0 0x0 0x1220005 0x4dc2 0x0 0x0 0x0 0x0 0x0 0x12d0005 0x4dc2 0x0 0x0 0x0 0x0 0x0 0x1350007 0x4dc2 0x88 0x0 0x13a0005 0x0 0x0 0x0 0x0 0x0 0x0 0x13d0007 0x0 0x30 0x0 0x1440002 0x0 0x14c0005 0x4dc2 0x0 0x0 0x0 0x0 0x0 0x1540007 0x4dc2 0x88 0x0 0x1590005 0x0 0x0 0x0 0x0 0x0 0x0 0x15c0007 0x0 0x30 0x0 0x1630002 0x0 0x16a0005 0x4dc2 0x0 0x0 0x0 0x0 0x0 0x16d0005 0x0 0x0 0x1e84f7e5bd8 0x4dc2 0x0 0x0 0x1700005 0x4dc2 0x0 0x0 0x0 0x0 0x0 0x1740003 0x4dc2 0xfffffffffffff908 0x1780005 0x1634 0x0 0x0 0x0 0x0 0x0 0x0 0x0 0x0 0x0 0x0 0x0 0x0 0x0 0x0 0x9 0x2 0x0 0x0 oops 4 135 java/nio/HeapByteBuffer 168 java/nio/HeapByteBuffer 196 java/nio/HeapByteBuffer 272 java/nio/HeapCharBuffer methods 0
ciMethodData java/net/URI$Parser <init> (Ljava/net/URI;Ljava/lang/String;)V 2 11499 orig 80 0 0 0 0 0 0 0 0 0 0 0 0 0 0 0 0 0 0 0 0 0 0 0 0 0 0 0 0 0 0 0 0 0 0 0 0 0 0 0 0 0 0 0 0 0 0 0 0 0 0 0 0 0 0 0 0 0 0 0 0 0 0 0 0 0 0 0 0 0 0 0 0 0 0 0 0 0 0 0 0 data 11 0x60002 0x2cec 0x0 0x0 0x0 0x0 0x9 0x3 0xe 0x600 0x0 oops 0 methods 0
ciMethodData java/net/URI$Parser parse (Z)V 2 11318 orig 80 1 0 0 0 0 0 0 0 0 0 0 0 0 0 0 0 0 0 0 0 0 0 0 0 0 0 0 0 0 0 0 0 0 0 0 0 0 0 0 0 0 0 0 0 0 0 0 0 0 0 0 0 0 0 0 0 0 0 0 0 0 0 0 0 0 0 0 0 0 0 0 0 0 0 0 0 0 0 0 0 data 179 0x90005 0x2c37 0x0 0x0 0x0 0x0 0x0 0x140005 0x2c37 0x0 0x0 0x0 0x0 0x0 0x190007 0x0 0x338 0x2c37 0x210005 0x2c37 0x0 0x0 0x0 0x0 0x0 0x240007 0x1 0x2e0 0x2c35 0x280007 0x2c36 0x58 0x0 0x2f0005 0x0 0x0 0x0 0x0 0x0 0x0 0x3a0005 0x2c35 0x0 0x0 0x0 0x0 0x0 0x480005 0x2c36 0x0 0x0 0x0 0x0 0x0 0x550005 0x2c36 0x0 0x0 0x0 0x0 0x0 0x630005 0x2c35 0x0 0x0 0x0 0x0 0x0 0x660007 0x0 0x70 0x2c36 0x6c0005 0x2c36 0x0 0x0 0x0 0x0 0x0 0x700003 0x2c37 0x168 0x780005 0x0 0x0 0x0 0x0 0x0 0x0 0x800007 0x0 0x58 0x0 0x870005 0x0 0x0 0x0 0x0 0x0 0x0 0x960005 0x0 0x0 0x0 0x0 0x0 0x0 0xa40005 0x0 0x0 0x0 0x0 0x0 0x0 0xad0003 0x0 0x50 0xb30005 0x1 0x0 0x0 0x0 0x0 0x0 0xbc0005 0x2c38 0x0 0x0 0x0 0x0 0x0 0xbf0007 0x2c38 0x90 0x0 0xcf0005 0x0 0x0 0x0 0x0 0x0 0x0 0xde0005 0x0 0x0 0x0 0x0 0x0 0x0 0xe80007 0x2c37 0x58 0x0 0xef0005 0x0 0x0 0x0 0x0 0x0 0x0 0x0 0x0 0x0 0x0 0x0 0x0 0x0 0x0 0x0 0x0 0x0 0x0 0x0 0x0 0x0 0x9 0x2 0x0 0x0 oops 0 methods 0
ciMethod java/lang/ProcessEnvironment getenv ()Ljava/util/Map; 512 0 3292 0 0
ciMethodData java/util/concurrent/ConcurrentHashMap$BaseIterator <init> ([Ljava/util/concurrent/ConcurrentHashMap$Node;IIILjava/util/concurrent/ConcurrentHashMap;)V 2 7171 orig 80 0 0 0 0 0 0 0 0 0 0 0 0 249 127 0 0 0 0 0 0 0 0 0 0 0 0 0 0 0 0 0 0 0 0 0 0 0 0 0 0 0 0 0 0 0 0 0 0 0 0 0 0 0 0 0 0 0 0 0 0 0 0 0 0 0 0 0 0 0 0 0 0 0 0 0 0 0 0 0 0 data 23 0x60002 0x1c03 0x100005 0x1c03 0x0 0x0 0x0 0x0 0x0 0x0 0x0 0x0 0x0 0x0 0x0 0x9 0x6 0xffffffffffffffff 0x0 0x0 0x0 0x0 0x0 oops 0 methods 0
ciMethodData java/util/concurrent/ConcurrentHashMap$Traverser <init> ([Ljava/util/concurrent/ConcurrentHashMap$Node;III)V 2 6256 orig 80 0 0 0 0 0 0 0 0 0 0 0 0 0 0 0 0 0 0 0 0 0 0 0 0 0 0 0 0 0 0 0 0 0 0 0 0 0 0 0 0 0 0 0 0 0 0 0 0 0 0 0 0 0 0 0 0 0 0 0 0 0 0 0 0 0 0 0 0 0 0 0 0 0 0 0 0 0 0 0 0 data 13 0x10002 0x1870 0x0 0x0 0x0 0x0 0x9 0x5 0x1e 0x0 0x0 0x0 0x0 oops 0 methods 0
ciMethodData java/lang/invoke/DirectMethodHandle$Holder invokeStatic (Ljava/lang/Object;Ljava/lang/Object;Ljava/lang/Object;)Ljava/lang/Object; 2 95608 orig 80 0 0 0 0 0 0 0 0 0 0 0 0 0 0 0 0 0 0 0 0 0 0 0 0 0 0 0 0 0 0 0 0 0 0 0 0 0 0 0 0 0 0 0 0 0 0 0 0 0 0 0 0 0 0 0 0 0 0 0 0 0 0 0 0 0 0 0 0 0 0 0 0 0 0 0 0 0 0 0 0 data 38 0x1000a 0x17578 0x3 0x0 0x1e84ab22fe8 0x1e84ab23180 0x80004 0x0 0x0 0x1e84ab23180 0x83 0x0 0x0 0xb000a 0x17578 0x5 0x0 0x1e84ab20d48 0x1 0x2 0x1e84ab20d48 0x0 0x0 0x0 0x0 0x0 0x0 0x9 0x3 0x0 0x0 0x0 0xc 0x4 0x0 0x1e84ab22fe8 0x1 0x1e84ab20d48 oops 7 4 java/lang/invoke/DirectMethodHandle 5 java/lang/invoke/MemberName 9 java/lang/invoke/MemberName 17 java/lang/String 20 java/lang/String 35 java/lang/invoke/DirectMethodHandle 37 java/lang/String methods 0
ciMethodData java/util/concurrent/ConcurrentHashMap size ()I 2 6150 orig 80 0 0 0 0 0 0 0 0 0 0 0 0 0 0 0 0 0 0 0 0 0 0 0 0 0 0 0 0 0 0 0 0 0 0 0 0 0 0 0 0 0 0 0 0 0 0 0 0 0 0 0 0 0 0 0 0 0 0 0 0 0 0 0 0 0 0 0 0 0 0 0 0 0 0 0 0 0 0 0 0 data 30 0x10005 0x1806 0x0 0x0 0x0 0x0 0x0 0x80007 0x1806 0x38 0x0 0xc0003 0x0 0x50 0x140007 0x1806 0x38 0x0 0x190003 0x0 0x18 0x0 0x0 0x0 0x0 0x0 0x0 0x9 0x1 0x0 oops 0 methods 0
ciMethod org/python/pydev/shared_core/string/StringUtils format (Ljava/lang/String;[Ljava/lang/Object;)Ljava/lang/String; 2 110 86 0 -1
ciMethod org/python/pydev/core/docutils/StringSubstitution initialize (Lorg/python/pydev/core/IPythonPathNature;Lorg/eclipse/core/resources/IProject;Z)V 512 2040 3328 0 -1
ciMethod org/python/pydev/ast/interpreter_managers/InterpreterManagersAPI getPythonInterpreterManager ()Lorg/python/pydev/core/IInterpreterManager; 512 0 3818 0 0
ciMethod org/python/pydev/ast/interpreter_managers/InterpreterManagersAPI getPythonInterpreterManager (Z)Lorg/python/pydev/core/IInterpreterManager; 512 0 3818 0 0
ciMethod org/python/pydev/shared_core/utils/PlatformUtils isWindowsPlatform ()Z 512 0 9007 0 -1
ciMethod org/python/pydev/shared_core/log/Log log (ILjava/lang/String;Ljava/lang/Throwable;)Lorg/eclipse/core/runtime/CoreException; 4 0 413 0 -1
ciMethodData org/eclipse/core/runtime/IPath fromPortableString (Ljava/lang/String;)Lorg/eclipse/core/runtime/IPath; 1 0 orig 80 0 0 0 0 0 0 0 0 0 0 0 0 0 0 0 0 0 0 0 0 0 0 0 0 0 0 0 0 0 0 0 0 0 0 0 0 0 0 0 0 0 0 0 0 0 0 0 0 0 0 0 0 0 0 0 0 0 0 0 0 0 0 0 0 0 0 0 0 0 0 0 0 0 0 0 0 0 0 0 0 data 11 0x10002 0x0 0x0 0x0 0x0 0x0 0x0 0x0 0x9 0x1 0x0 oops 0 methods 0
ciMethodData org/eclipse/core/runtime/Path parsePortableString (Ljava/lang/String;)Lorg/eclipse/core/runtime/IPath; 1 0 orig 80 0 0 0 0 0 0 0 0 0 0 0 0 0 0 0 0 0 0 0 0 0 0 0 0 0 0 0 0 0 0 0 0 0 0 0 0 0 0 0 0 0 0 0 0 0 0 0 0 0 0 0 0 0 0 0 0 0 0 0 0 0 0 0 0 0 0 0 0 0 0 0 0 0 0 0 0 0 0 0 0 data 100 0x30005 0x0 0x0 0x0 0x0 0x0 0x0 0xa0007 0x0 0x30 0x0 0x160002 0x0 0x1d0005 0x0 0x0 0x0 0x0 0x0 0x0 0x230007 0x0 0x78 0x0 0x280005 0x0 0x0 0x0 0x0 0x0 0x0 0x2d0007 0x0 0x90 0x0 0x330005 0x0 0x0 0x0 0x0 0x0 0x0 0x3a0005 0x0 0x0 0x0 0x0 0x0 0x0 0x410005 0x0 0x0 0x0 0x0 0x0 0x0 0x450007 0x0 0x30 0x0 0x510002 0x0 0x560005 0x0 0x0 0x0 0x0 0x0 0x0 0x660003 0x0 0x70 0x700007 0x0 0x58 0x0 0x7a0007 0x0 0x38 0x0 0x7d0003 0x0 0x38 0x940007 0x0 0xffffffffffffffa8 0x0 0xa50002 0x0 0xab0002 0x0 0x0 0x0 0x0 0x0 0x0 0x0 0x9 0x1 0x0 oops 0 methods 0
ciMethod org/python/pydev/core/log/Log log (ILjava/lang/String;Ljava/lang/Throwable;)Lorg/eclipse/core/runtime/CoreException; 4 0 11 0 -1
ciMethod org/python/pydev/core/log/Log log (Ljava/lang/Throwable;)Lorg/eclipse/core/runtime/CoreException; 0 0 4 0 0
ciMethod org/python/pydev/core/log/Log logInfo (Ljava/lang/String;Ljava/lang/Throwable;)Lorg/eclipse/core/runtime/CoreException; 6 0 3 0 0
ciMethod org/python/pydev/ast/interpreter_managers/InterpreterManagersAPI getJythonInterpreterManager ()Lorg/python/pydev/core/IInterpreterManager; 12 0 6 0 -1
ciMethod org/python/pydev/ast/interpreter_managers/InterpreterManagersAPI getIronpythonInterpreterManager ()Lorg/python/pydev/core/IInterpreterManager; 12 0 6 0 -1
ciMethodData org/python/pydev/shared_core/log/Log log (ILjava/lang/String;Ljava/lang/Throwable;)Lorg/eclipse/core/runtime/CoreException; 1 411 orig 80 0 0 0 0 0 0 0 0 0 0 0 0 0 0 0 0 0 0 0 0 0 0 0 0 0 0 0 0 0 0 0 0 0 0 0 0 0 0 0 0 0 0 0 0 0 0 0 0 0 0 0 0 0 0 0 0 0 0 0 0 0 0 0 0 0 0 0 0 0 0 0 0 0 0 0 0 0 0 0 0 data 158 0x2 0x19b 0x30007 0x19b 0x38 0x0 0x90003 0x0 0x98 0xc0002 0x19b 0x130005 0x19b 0x0 0x0 0x0 0x0 0x0 0x160005 0x0 0x0 0x1e8514ba0e8 0x19b 0x0 0x0 0x260007 0x13 0x38 0x188 0x2a0003 0x188 0x18 0x2e0002 0x19b 0x390002 0x19b 0x430002 0x19b 0x470002 0x19b 0x580005 0x0 0x0 0x1e851b5a198 0x19b 0x0 0x0 0x5d0104 0x0 0x0 0x1e84ab24e48 0x193 0x0 0x0 0x620002 0x19b 0x690007 0x8 0x78 0x193 0x700005 0x193 0x0 0x0 0x0 0x0 0x0 0x780007 0x6 0x20 0x18d 0x880002 0xe 0x8b0005 0x0 0x0 0x1e851b5a198 0xe 0x0 0x0 0x940003 0xe 0x18 0x9b0002 0xe 0x9e0007 0xe 0x158 0x0 0xa30007 0x0 0x1d0 0x0 0xaa0005 0x0 0x0 0x0 0x0 0x0 0x0 0xaf0005 0x0 0x0 0x0 0x0 0x0 0x0 0xb20007 0x0 0x140 0x0 0xb70005 0x0 0x0 0x0 0x0 0x0 0x0 0xba0005 0x0 0x0 0x0 0x0 0x0 0x0 0xbd0003 0x0 0xb0 0xc00002 0xe 0xc70005 0xe 0x0 0x0 0x0 0x0 0x0 0xcc0005 0x0 0x0 0x1e8514ba190 0xe 0x0 0x0 0xd10003 0xe 0x18 0x0 0x0 0x0 0x0 0x0 0x0 0x9 0x3 0x0 0x0 0x0 oops 5 21 org/eclipse/osgi/internal/framework/EquinoxBundle 43 java/util/HashMap 50 java/lang/Long 76 java/util/HashMap 140 org/eclipse/core/internal/runtime/Log methods 0
ciMethodData org/python/pydev/core/log/Log log (Ljava/lang/Throwable;)Lorg/eclipse/core/runtime/CoreException; 1 4 orig 80 0 0 0 0 0 0 0 0 0 0 0 0 0 0 0 0 0 0 0 0 0 0 0 0 0 0 0 0 0 0 0 0 0 0 0 0 0 0 0 0 0 0 0 0 0 0 0 0 0 0 0 0 0 0 0 0 0 0 0 0 0 0 0 0 0 0 0 0 0 0 0 0 0 0 0 0 0 0 0 0 data 32 0x20005 0x0 0x0 0x1e85069ac58 0x4 0x0 0x0 0x50007 0x0 0x70 0x4 0x90005 0x0 0x0 0x1e85069ac58 0x4 0x0 0x0 0xc0003 0x4 0x18 0x120002 0x4 0x0 0x0 0x0 0x0 0x0 0x0 0x9 0x1 0xffffffffffffffff oops 2 3 org/python/pydev/core/MisconfigurationException 14 org/python/pydev/core/MisconfigurationException methods 0
ciMethodData org/python/pydev/core/log/Log log (ILjava/lang/String;Ljava/lang/Throwable;)Lorg/eclipse/core/runtime/CoreException; 1 9 orig 80 0 0 0 0 0 0 0 0 0 0 0 0 0 0 0 0 0 0 0 0 0 0 0 0 0 0 0 0 0 0 0 0 0 0 0 0 0 0 0 0 0 0 0 0 0 0 0 0 0 0 0 0 0 0 0 0 0 0 0 0 0 0 0 0 0 0 0 0 0 0 0 0 0 0 0 0 0 0 0 0 data 13 0x30002 0x9 0x0 0x0 0x0 0x0 0x0 0x0 0x9 0x3 0x0 0xffffffffffffffff 0xffffffffffffffff oops 0 methods 0
ciMethodData org/eclipse/core/internal/resources/Resource getPathVariableManager ()Lorg/eclipse/core/resources/IPathVariableManager; 2 19211 orig 80 0 0 0 0 0 0 0 0 0 0 0 0 0 0 0 0 0 0 0 0 0 0 0 0 0 0 0 0 0 0 0 0 0 0 0 0 0 0 0 0 0 0 0 0 0 0 0 0 0 0 0 0 0 0 0 0 0 0 0 0 0 0 0 0 0 0 0 0 0 0 0 0 0 0 0 0 0 0 0 0 data 29 0x10005 0x1e08 0x0 0x1e8501bfe38 0x13ff 0x1e8501bfee0 0x1904 0x40007 0x4299 0x58 0x872 0xb0005 0x0 0x0 0x1e8501bf980 0x872 0x0 0x0 0x140002 0x4299 0x0 0x0 0x0 0x0 0x0 0x0 0x9 0x1 0x0 oops 3 3 org/eclipse/core/internal/resources/Folder 5 org/eclipse/core/internal/resources/File 14 org/eclipse/core/internal/resources/Workspace methods 0
ciMethodData org/eclipse/core/internal/resources/ProjectPathVariableManager <init> (Lorg/eclipse/core/internal/resources/Resource;)V 2 17049 orig 80 0 0 0 0 0 0 0 0 0 0 0 0 0 0 0 0 0 0 0 0 0 0 0 0 0 0 0 0 0 0 0 0 0 0 0 0 0 0 0 0 0 0 0 0 0 0 0 0 0 0 0 0 0 0 0 0 0 0 0 0 0 0 0 0 0 0 0 0 0 0 0 0 0 0 0 0 0 0 0 0 data 21 0x10002 0x4299 0xf0002 0x4299 0x120005 0x0 0x0 0x1e8501c1770 0x4299 0x0 0x0 0x0 0x0 0x0 0x0 0x0 0x0 0x9 0x2 0x6 0x0 oops 1 7 org/eclipse/core/internal/resources/ProjectVariableProviderManager methods 0
ciMethodData org/eclipse/core/internal/resources/ProjectVariableProviderManager getDefault ()Lorg/eclipse/core/internal/resources/ProjectVariableProviderManager; 2 17049 orig 80 0 0 0 0 0 0 0 0 0 0 0 0 0 0 0 0 0 0 0 0 0 0 0 0 0 0 0 0 0 0 0 0 0 0 0 0 0 0 0 0 0 0 0 0 0 0 0 0 0 0 0 0 0 0 0 0 0 0 0 0 0 0 0 0 0 0 0 0 0 0 0 0 0 0 0 0 0 0 0 0 data 4 0x0 0x0 0x9 0x0 oops 0 methods 0
ciMethodData org/eclipse/core/internal/resources/ProjectVariableProviderManager getDescriptors ()[Lorg/eclipse/core/internal/resources/ProjectVariableProviderManager$Descriptor; 2 17049 orig 80 0 0 0 0 0 0 0 0 0 0 0 0 0 0 0 0 0 0 0 0 0 0 0 0 0 0 0 0 0 0 0 0 0 0 0 0 0 0 0 0 0 0 0 0 0 0 0 0 0 0 0 0 0 0 0 0 0 0 0 0 0 0 0 0 0 0 0 0 0 0 0 0 0 0 0 0 0 0 0 0 data 16 0x10005 0x0 0x0 0x1e8501c1770 0x4299 0x0 0x0 0x0 0x0 0x0 0x0 0x0 0x0 0x9 0x1 0x0 oops 1 3 org/eclipse/core/internal/resources/ProjectVariableProviderManager methods 0
ciMethodData org/eclipse/core/internal/resources/ProjectVariableProviderManager lazyInitialize ()V 2 7175 orig 80 0 0 0 0 0 0 0 0 0 0 0 0 0 0 0 0 0 0 0 0 0 0 0 0 0 0 0 0 0 0 0 0 0 0 0 0 0 0 0 0 0 0 0 0 0 0 0 0 0 0 0 0 0 0 0 0 0 0 0 0 0 0 0 0 0 0 0 0 0 0 0 0 0 0 0 0 0 0 0 0 data 123 0x30007 0x0 0x20 0x1c07 0x70002 0x0 0xe0005 0x0 0x0 0x0 0x0 0x0 0x0 0x150005 0x0 0x0 0x0 0x0 0x0 0x0 0x250002 0x0 0x350003 0x0 0x1e0 0x3f0005 0x0 0x0 0x0 0x0 0x0 0x0 0x4e0003 0x0 0x170 0x5a0005 0x0 0x0 0x0 0x0 0x0 0x0 0x650005 0x0 0x0 0x0 0x0 0x0 0x0 0x680007 0x0 0xe8 0x0 0x750002 0x0 0x7a0003 0x0 0x28 0x810002 0x0 0x860007 0x0 0x90 0x0 0x8e0005 0x0 0x0 0x0 0x0 0x0 0x0 0x930005 0x0 0x0 0x0 0x0 0x0 0x0 0xa00007 0x0 0xfffffffffffffea8 0x0 0xaa0007 0x0 0xfffffffffffffe38 0x0 0xb00005 0x0 0x0 0x0 0x0 0x0 0x0 0xb80005 0x0 0x0 0x0 0x0 0x0 0x0 0xc00005 0x0 0x0 0x0 0x0 0x0 0x0 0xc50004 0x0 0x0 0x0 0x0 0x0 0x0 0x0 0x0 0x0 0x0 0x0 0x0 0x9 0x1 0x0 oops 0 methods 0
ciMethodData java/lang/String contains (Ljava/lang/CharSequence;)Z 2 5443 orig 80 0 0 0 0 0 0 0 0 0 0 0 0 249 127 0 0 0 0 0 0 0 0 0 0 0 0 0 0 0 0 0 0 0 0 0 0 0 0 0 0 0 0 0 0 0 0 0 0 0 0 0 0 0 0 0 0 0 0 0 0 0 0 0 0 0 0 0 0 0 0 0 0 0 0 0 0 0 0 0 0 data 31 0x20005 0x0 0x0 0x1e84ab20d48 0x1543 0x0 0x0 0x70005 0x1543 0x0 0x0 0x0 0x0 0x0 0xa0007 0x152d 0x38 0x16 0xe0003 0x16 0x18 0x0 0x0 0x0 0x0 0x0 0x0 0x9 0x2 0x0 0x0 oops 1 3 java/lang/String methods 0
ciMethodData java/util/concurrent/ConcurrentHashMap$EntryIterator next ()Ljava/lang/Object; 2 5137 orig 80 0 0 0 0 0 0 0 0 0 0 0 0 249 127 0 0 0 0 0 0 0 0 0 0 0 0 0 0 0 0 0 0 0 0 0 0 0 0 0 0 0 0 0 0 0 0 0 0 0 0 0 0 0 0 0 0 0 0 0 0 0 0 0 0 0 0 0 0 0 0 0 0 0 0 0 0 0 0 0 0 data 16 0x10005 0x1411 0x0 0x0 0x0 0x0 0x0 0x0 0x0 0x0 0x0 0x0 0x0 0x9 0x1 0x0 oops 0 methods 0
ciMethodData java/util/concurrent/ConcurrentHashMap$EntryIterator next ()Ljava/util/Map$Entry; 2 5137 orig 80 0 0 0 0 0 0 0 0 0 0 0 0 0 0 0 0 0 0 0 0 0 0 0 0 0 0 0 0 0 0 0 0 0 0 0 0 0 0 0 0 0 0 0 0 0 0 0 0 0 0 0 0 0 0 0 0 0 0 0 0 0 0 0 0 0 0 0 0 0 0 0 0 0 0 0 0 0 0 0 0 data 24 0x60007 0x1411 0x30 0x0 0xd0002 0x0 0x210005 0x1411 0x0 0x0 0x0 0x0 0x0 0x2f0002 0x1411 0x0 0x0 0x0 0x0 0x0 0x0 0x9 0x1 0x0 oops 0 methods 0
ciMethodData java/util/concurrent/ConcurrentHashMap$MapEntry <init> (Ljava/lang/Object;Ljava/lang/Object;Ljava/util/concurrent/ConcurrentHashMap;)V 2 5137 orig 80 0 0 0 0 0 0 0 0 0 0 0 0 0 0 0 0 0 0 0 0 0 0 0 0 0 0 0 0 0 0 0 0 0 0 0 0 0 0 0 0 0 0 0 0 0 0 0 0 0 0 0 0 0 0 0 0 0 0 0 0 0 0 0 0 0 0 0 0 0 0 0 0 0 0 0 0 0 0 0 0 data 12 0x10002 0x1411 0x0 0x0 0x0 0x0 0x9 0x4 0xe 0x0 0x0 0x0 oops 0 methods 0
ciMethodData java/net/URI <init> (Ljava/lang/String;)V 2 5337 orig 80 0 0 0 0 0 0 0 0 0 0 0 0 249 127 0 0 0 0 0 0 0 0 0 0 0 0 0 0 0 0 0 0 0 0 0 0 0 0 0 0 0 0 0 0 0 0 0 0 0 0 0 0 0 0 0 0 0 0 0 0 0 0 0 0 0 0 0 0 0 0 0 0 0 0 0 0 0 0 0 0 data 21 0x10002 0x14d9 0xf0002 0x14d9 0x130005 0x0 0x0 0x1e850537668 0x14d9 0x0 0x0 0x0 0x0 0x0 0x0 0x0 0x0 0x9 0x2 0x0 0x0 oops 1 7 java/net/URI$Parser methods 0
ciMethodData java/util/HashMap values ()Ljava/util/Collection; 2 4257 orig 80 0 0 0 0 0 0 0 0 0 0 0 0 249 127 0 0 0 0 0 0 0 0 0 0 0 0 0 0 0 0 0 0 0 0 0 0 0 0 0 0 0 0 0 0 0 0 0 0 0 0 0 0 0 0 0 0 0 0 0 0 0 0 0 0 0 0 0 0 0 0 0 0 0 0 0 0 0 0 0 0 data 15 0x60007 0xff1 0x30 0xb0 0xe0002 0xb0 0x0 0x0 0x0 0x0 0x0 0x0 0x9 0x1 0x0 oops 0 methods 0
ciMethodData java/util/HashMap$Values <init> (Ljava/util/HashMap;)V 1 176 orig 80 0 0 0 0 0 0 0 0 0 0 0 0 0 0 0 0 0 0 0 0 0 0 0 0 0 0 0 0 0 0 0 0 0 0 0 0 0 0 0 0 0 0 0 0 0 0 0 0 0 0 0 0 0 0 0 0 0 0 0 0 0 0 0 0 0 0 0 0 0 0 0 0 0 0 0 0 0 0 0 0 data 10 0x60002 0xb0 0x0 0x0 0x0 0x0 0x9 0x2 0x6 0x0 oops 0 methods 0
ciMethodData java/util/HashMap$Values iterator ()Ljava/util/Iterator; 2 4220 orig 80 0 0 0 0 0 0 0 0 0 0 0 0 249 127 0 0 0 0 0 0 0 0 0 0 0 0 0 0 0 0 0 0 0 0 0 0 0 0 0 0 0 0 0 0 0 0 0 0 0 0 0 0 0 0 0 0 0 0 0 0 0 0 0 0 0 0 0 0 0 0 0 0 0 0 0 0 0 0 0 0 data 9 0x80002 0x107c 0x0 0x0 0x0 0x0 0x9 0x1 0x0 oops 0 methods 0
ciMethodData java/util/HashMap$ValueIterator <init> (Ljava/util/HashMap;)V 2 4220 orig 80 0 0 0 0 0 0 0 0 0 0 0 0 0 0 0 0 0 0 0 0 0 0 0 0 0 0 0 0 0 0 0 0 0 0 0 0 0 0 0 0 0 0 0 0 0 0 0 0 0 0 0 0 0 0 0 0 0 0 0 0 0 0 0 0 0 0 0 0 0 0 0 0 0 0 0 0 0 0 0 0 data 8 0x20002 0x107c 0x0 0x0 0x9 0x2 0x0 0x0 oops 0 methods 0
ciMethodData org/eclipse/core/internal/resources/Project getProject ()Lorg/eclipse/core/resources/IProject; 2 1029 orig 80 0 0 0 0 0 0 0 0 0 0 0 0 249 127 0 0 0 0 0 0 0 0 0 0 0 0 0 0 0 0 0 0 0 0 0 0 0 0 0 0 0 0 0 0 0 0 0 0 0 0 0 0 0 0 0 0 0 0 0 0 0 0 0 0 0 0 0 0 0 0 0 0 0 0 0 0 0 0 0 0 data 5 0x0 0x0 0x9 0x1 0x0 oops 0 methods 0
ciMethod org/python/pydev/plugin/nature/PipenvHelper getPipenvInterpreterInfoForProjectLocation ([Lorg/python/pydev/core/IInterpreterInfo;Ljava/io/File;Lorg/python/pydev/core/IInterpreterManager;)Lorg/python/pydev/core/IInterpreterInfo; 4 0 2 0 -1
ciMethod org/python/pydev/core/PropertiesHelper createMapFromProperties (Ljava/util/Properties;)Ljava/util/Map; 214 14338 968 0 4384
ciMethod  @bci org/python/pydev/ast/interpreter_managers/InterpreterInfo getStringSubstitutionVariables (Z)Ljava/util/Properties; 29 <appendix> member <vmtarget> ; <init> (Ljava/util/Properties;)V 512 0 3290 0 0
ciMethodData org/eclipse/core/internal/resources/Project checkAccessible (I)V 2 5122 orig 80 0 0 0 0 0 0 0 0 0 0 0 0 249 127 0 0 0 0 0 0 0 0 0 0 0 0 0 0 0 0 0 0 0 0 0 0 0 0 0 0 0 0 0 0 0 0 0 0 0 0 0 0 0 0 0 0 0 0 0 0 0 0 0 0 0 0 0 0 0 0 0 0 0 0 0 0 0 0 0 0 data 41 0x20002 0x1402 0x70005 0x0 0x0 0x1e851b5a048 0x1402 0x0 0x0 0xa0007 0x1402 0xb0 0x0 0x110005 0x0 0x0 0x0 0x0 0x0 0x0 0x140002 0x0 0x200005 0x0 0x0 0x0 0x0 0x0 0x0 0x250002 0x0 0x0 0x0 0x0 0x0 0x0 0x0 0x9 0x2 0xffffffffffffffff 0x0 oops 1 5 org/eclipse/core/internal/resources/Project methods 0
ciMethodData org/python/pydev/core/PropertiesHelper createMapFromProperties (Ljava/util/Properties;)Ljava/util/Map; 2 861 orig 80 0 0 0 0 0 0 0 0 0 0 0 0 249 127 0 0 0 0 0 0 0 0 0 0 0 0 0 0 0 0 0 0 0 0 0 0 0 0 0 0 0 0 0 0 0 0 0 0 0 0 0 0 0 0 0 0 0 0 0 0 0 0 0 0 0 0 0 0 0 0 0 0 0 0 0 0 0 0 0 0 data 88 0x40002 0x35d 0x90005 0x0 0x0 0x1e84ab222a8 0x35d 0x0 0x0 0xe0005 0x0 0x0 0x1e84f7954a0 0x35d 0x0 0x0 0x150003 0x35d 0x1a0 0x1a0005 0x0 0x0 0x1e84f7955f0 0xe157 0x0 0x0 0x1f0004 0x0 0x0 0x1e84f795740 0xe157 0x0 0x0 0x250005 0x0 0x0 0x1e84f795740 0xe157 0x0 0x0 0x2a0004 0x0 0x0 0x1e84ab20d48 0xe157 0x0 0x0 0x2e0005 0x0 0x0 0x1e84f795740 0xe157 0x0 0x0 0x330004 0x0 0x0 0x1e84ab20d48 0xe157 0x0 0x0 0x360005 0x0 0x0 0x1e851b5a198 0xe157 0x0 0x0 0x3c0005 0x0 0x0 0x1e84f7955f0 0xe4b4 0x0 0x0 0x410007 0xe157 0xfffffffffffffe40 0x35d 0x0 0x0 0x0 0x0 0x0 0x0 0x9 0x1 0xffffffffffffffff oops 10 5 java/util/Properties 12 java/util/Collections$SynchronizedSet 22 java/util/concurrent/ConcurrentHashMap$EntryIterator 29 java/util/concurrent/ConcurrentHashMap$MapEntry 36 java/util/concurrent/ConcurrentHashMap$MapEntry 43 java/lang/String 50 java/util/concurrent/ConcurrentHashMap$MapEntry 57 java/lang/String 64 java/util/HashMap 71 java/util/concurrent/ConcurrentHashMap$EntryIterator methods 0
ciMethodData org/python/pydev/core/ProjectMisconfiguredException <init> (Ljava/lang/Throwable;)V 1 0 orig 80 0 0 0 0 0 0 0 0 0 0 0 0 0 0 0 0 0 0 0 0 0 0 0 0 0 0 0 0 0 0 0 0 0 0 0 0 0 0 0 0 0 0 0 0 0 0 0 0 0 0 0 0 0 0 0 0 0 0 0 0 0 0 0 0 0 0 0 0 0 0 0 0 0 0 0 0 0 0 0 0 data 8 0x20002 0x0 0x0 0x0 0x9 0x2 0x1c 0xffffffffffffffff oops 0 methods 0
ciMethodData org/python/pydev/core/log/Log logInfo (Ljava/lang/String;Ljava/lang/Throwable;)Lorg/eclipse/core/runtime/CoreException; 1 0 orig 80 0 0 0 0 0 0 0 0 0 0 0 0 0 0 0 0 0 0 0 0 0 0 0 0 0 0 0 0 0 0 0 0 0 0 0 0 0 0 0 0 0 0 0 0 0 0 0 0 0 0 0 0 0 0 0 0 0 0 0 0 0 0 0 0 0 0 0 0 0 0 0 0 0 0 0 0 0 0 0 0 data 12 0x30002 0x0 0x0 0x0 0x0 0x0 0x0 0x0 0x9 0x2 0xffffffffffffffff 0xffffffffffffffff oops 0 methods 0
ciMethodData org/eclipse/core/runtime/QualifiedName hashCode ()I 2 5120 orig 80 0 0 0 0 0 0 0 0 0 0 0 0 249 127 0 0 0 0 0 0 0 0 0 0 0 0 0 0 0 0 0 0 0 0 0 0 0 0 0 0 0 0 0 0 0 0 0 0 0 0 0 0 0 0 0 0 0 0 0 0 0 0 0 0 0 0 0 0 0 0 0 0 0 0 0 0 0 0 0 0 data 30 0x40007 0x1400 0x38 0x0 0x80003 0x0 0x50 0xf0005 0x1400 0x0 0x0 0x0 0x0 0x0 0x160005 0x1400 0x0 0x0 0x0 0x0 0x0 0x0 0x0 0x0 0x0 0x0 0x0 0x9 0x1 0x0 oops 0 methods 0
ciMethodData java/lang/Throwable getLocalizedMessage ()Ljava/lang/String; 1 4 orig 80 0 0 0 0 0 0 0 0 0 0 0 0 0 0 0 0 0 0 0 0 0 0 0 0 0 0 0 0 0 0 0 0 0 0 0 0 0 0 0 0 0 0 0 0 0 0 0 0 0 0 0 0 0 0 0 0 0 0 0 0 0 0 0 0 0 0 0 0 0 0 0 0 0 0 0 0 0 0 0 0 data 16 0x10005 0x0 0x0 0x1e84ab21298 0x4 0x0 0x0 0x0 0x0 0x0 0x0 0x0 0x0 0x9 0x1 0xffffffffffffffff oops 1 3 java/lang/RuntimeException methods 0
ciMethodData java/io/File <init> (Ljava/net/URI;)V 2 6201 orig 80 0 0 0 0 0 0 0 0 0 0 0 0 249 127 0 0 0 0 0 0 0 0 0 0 0 0 0 0 0 0 0 0 0 0 0 0 0 0 0 0 0 0 0 0 0 0 0 0 0 0 0 0 0 0 0 0 0 0 0 0 0 0 0 0 0 0 0 0 0 0 0 0 0 0 0 0 0 0 0 0 data 158 0x10002 0x1839 0xa0005 0x1839 0x0 0x0 0x0 0x0 0x0 0xd0007 0x1839 0x30 0x0 0x160002 0x0 0x1b0005 0x1839 0x0 0x0 0x0 0x0 0x0 0x1e0007 0x1839 0x30 0x0 0x270002 0x0 0x2c0005 0x1839 0x0 0x0 0x0 0x0 0x0 0x310007 0x0 0x78 0x1839 0x370005 0x1839 0x0 0x0 0x0 0x0 0x0 0x3a0007 0x1839 0x30 0x0 0x430002 0x0 0x480005 0x1839 0x0 0x0 0x0 0x0 0x0 0x4b0007 0x1839 0x30 0x0 0x540002 0x0 0x590005 0x1839 0x0 0x0 0x0 0x0 0x0 0x5c0007 0x1839 0x30 0x0 0x650002 0x0 0x6a0005 0x1839 0x0 0x0 0x0 0x0 0x0 0x6d0007 0x1839 0x30 0x0 0x760002 0x0 0x7b0005 0x1839 0x0 0x0 0x0 0x0 0x0 0x800005 0x1839 0x0 0x0 0x0 0x0 0x0 0x830007 0x1839 0x30 0x0 0x8c0002 0x0 0x940005 0x0 0x0 0x1e851983dc8 0x1839 0x0 0x0 0x9d0007 0x0 0x58 0x1839 0xa60005 0x1839 0x0 0x0 0x0 0x0 0x0 0xaf0005 0x0 0x0 0x1e851983dc8 0x1839 0x0 0x0 0xbd0005 0x0 0x0 0x1e851983dc8 0x1839 0x0 0x0 0x0 0x0 0x0 0x0 0x0 0x0 0x0 0x0 0x0 0x0 0x0 0x9 0x2 0x0 0x0 oops 3 114 java/io/WinNTFileSystem 132 java/io/WinNTFileSystem 139 java/io/WinNTFileSystem methods 0
ciMethodData java/net/URI create (Ljava/lang/String;)Ljava/net/URI; 2 5120 orig 80 0 0 0 0 0 0 0 0 0 0 0 0 0 0 0 0 0 0 0 0 0 0 0 0 0 0 0 0 0 0 0 0 0 0 0 0 0 0 0 0 0 0 0 0 0 0 0 0 0 0 0 0 0 0 0 0 0 0 0 0 0 0 0 0 0 0 0 0 0 0 0 0 0 0 0 0 0 0 0 0 data 20 0x50002 0x1400 0xf0005 0x0 0x0 0x0 0x0 0x0 0x0 0x130002 0x0 0x0 0x0 0x0 0x0 0x0 0x0 0x9 0x1 0x0 oops 0 methods 0
ciMethodData java/util/concurrent/ConcurrentHashMap tableSizeFor (I)I 2 6457 orig 80 0 0 0 0 0 0 0 0 0 0 0 0 249 127 0 0 0 0 0 0 0 0 0 0 0 0 0 0 0 0 0 0 0 0 0 0 0 0 0 0 0 0 0 0 0 0 0 0 0 0 0 0 0 0 0 0 0 0 0 0 0 0 0 0 0 0 0 0 0 0 0 0 0 0 0 0 0 0 0 0 data 25 0x40002 0x1939 0xa0007 0x1939 0x38 0x0 0xe0003 0x0 0x50 0x140007 0x1939 0x38 0x0 0x190003 0x0 0x18 0x0 0x0 0x0 0x0 0x0 0x0 0x9 0x1 0x0 oops 0 methods 0
ciMethodData java/util/Dictionary <init> ()V 2 3191 orig 80 0 0 0 0 0 0 0 0 0 0 0 0 249 127 0 0 0 0 0 0 0 0 0 0 0 0 0 0 0 0 0 0 0 0 0 0 0 0 0 0 0 0 0 0 0 0 0 0 0 0 0 0 0 0 0 0 0 0 0 0 0 0 0 0 0 0 0 0 0 0 0 0 0 0 0 0 0 0 0 0 data 7 0x10002 0xc77 0x0 0x0 0x9 0x1 0x0 oops 0 methods 0
ciMethodData java/util/HashMap forEach (Ljava/util/function/BiConsumer;)V 2 254 orig 80 0 0 0 0 0 0 0 0 0 0 0 0 249 127 0 0 0 0 0 0 0 0 0 0 0 0 0 0 0 0 0 0 0 0 0 0 0 0 0 0 0 0 0 0 0 0 0 0 0 0 0 0 0 0 0 0 0 0 0 0 0 0 0 0 0 0 0 0 0 0 0 0 0 0 0 0 0 0 0 0 data 51 0x10007 0xfe 0x30 0x0 0x80002 0x0 0x100007 0x0 0x118 0xfe 0x190007 0x0 0xf8 0xfe 0x300007 0xfe 0xa8 0x7f00 0x3c0007 0x7f00 0x70 0x417c 0x4a0005 0x0 0x0 0x1e84f8a1228 0x417c 0x0 0x0 0x560003 0x417c 0xffffffffffffffa8 0x5c0003 0x7f00 0xffffffffffffff70 0x640007 0xfe 0x30 0x0 0x6b0002 0x0 0x0 0x0 0x0 0x0 0x0 0x0 0x9 0x2 0x0 0xffffffffffffffff oops 1 25  @bci org/python/pydev/ast/interpreter_managers/InterpreterInfo getStringSubstitutionVariables (Z)Ljava/util/Properties; 29 <appendix> member <vmtarget> ; methods 0
ciMethodData java/util/Collections$SynchronizedCollection iterator ()Ljava/util/Iterator; 2 4035 orig 80 0 0 0 0 0 0 0 0 0 0 0 0 249 127 0 0 0 0 0 0 0 0 0 0 0 0 0 0 0 0 0 0 0 0 0 0 0 0 0 0 0 0 0 0 0 0 0 0 0 0 0 0 0 0 0 0 0 0 0 0 0 0 0 0 0 0 0 0 0 0 0 0 0 0 0 0 0 0 0 0 data 16 0x40005 0x0 0x0 0x1e84f47b678 0xfc3 0x0 0x0 0x0 0x0 0x0 0x0 0x0 0x0 0x9 0x1 0x0 oops 1 3 java/util/Properties$EntrySet methods 0
ciMethodData java/util/Collections$SynchronizedCollection <init> (Ljava/util/Collection;Ljava/lang/Object;)V 2 4028 orig 80 0 0 0 0 0 0 0 0 0 0 0 0 249 127 0 0 0 0 0 0 0 0 0 0 0 0 0 0 0 0 0 0 0 0 0 0 0 0 0 0 0 0 0 0 0 0 0 0 0 0 0 0 0 0 0 0 0 0 0 0 0 0 0 0 0 0 0 0 0 0 0 0 0 0 0 0 0 0 0 0 data 24 0x10002 0xfbc 0x60002 0xfbc 0x90004 0x0 0x0 0x1e84f47b678 0x8 0x0 0x0 0x110002 0xfbc 0x0 0x0 0x0 0x0 0x0 0x0 0x9 0x3 0x6 0x0 0x0 oops 1 7 java/util/Properties$EntrySet methods 0
ciMethodData java/util/Collections synchronizedSet (Ljava/util/Set;Ljava/lang/Object;)Ljava/util/Set; 2 4028 orig 80 0 0 0 0 0 0 0 0 0 0 0 0 249 127 0 0 0 0 0 0 0 0 0 0 0 0 0 0 0 0 0 0 0 0 0 0 0 0 0 0 0 0 0 0 0 0 0 0 0 0 0 0 0 0 0 0 0 0 0 0 0 0 0 0 0 0 0 0 0 0 0 0 0 0 0 0 0 0 0 0 data 9 0x60002 0xfbc 0x0 0x0 0x0 0x9 0x2 0x0 0x0 oops 0 methods 0
ciMethodData java/util/Collections$SynchronizedSet <init> (Ljava/util/Set;Ljava/lang/Object;)V 2 4028 orig 80 0 0 0 0 0 0 0 0 0 0 0 0 0 0 0 0 0 0 0 0 0 0 0 0 0 0 0 0 0 0 0 0 0 0 0 0 0 0 0 0 0 0 0 0 0 0 0 0 0 0 0 0 0 0 0 0 0 0 0 0 0 0 0 0 0 0 0 0 0 0 0 0 0 0 0 0 0 0 0 0 data 9 0x30002 0xfbc 0x0 0x0 0x9 0x3 0x0 0x0 0x0 oops 0 methods 0
ciMethodData java/util/Properties entrySet ()Ljava/util/Set; 2 4021 orig 80 0 0 0 0 0 0 0 0 0 0 0 0 249 127 0 0 0 0 0 0 0 0 0 0 0 0 0 0 0 0 0 0 0 0 0 0 0 0 0 0 0 0 0 0 0 0 0 0 0 0 0 0 0 0 0 0 0 0 0 0 0 0 0 0 0 0 0 0 0 0 0 0 0 0 0 0 0 0 0 0 data 20 0x80005 0x0 0x0 0x1e84ab24348 0xfb5 0x0 0x0 0xb0002 0xfb5 0xf0002 0xfb5 0x0 0x0 0x0 0x0 0x0 0x0 0x9 0x1 0x0 oops 1 3 java/util/concurrent/ConcurrentHashMap methods 0
ciMethodData java/util/concurrent/ConcurrentHashMap entrySet ()Ljava/util/Set; 2 4020 orig 80 0 0 0 0 0 0 0 0 0 0 0 0 0 0 0 0 0 0 0 0 0 0 0 0 0 0 0 0 0 0 0 0 0 0 0 0 0 0 0 0 0 0 0 0 0 0 0 0 0 0 0 0 0 0 0 0 0 0 0 0 0 0 0 0 0 0 0 0 0 0 0 0 0 0 0 0 0 0 0 0 data 15 0x60007 0x352 0x20 0xc62 0x110002 0x352 0x0 0x0 0x0 0x0 0x0 0x0 0x9 0x1 0x0 oops 0 methods 0
ciMethodData java/util/Properties$EntrySet <init> (Ljava/util/Set;)V 2 4020 orig 80 0 0 0 0 0 0 0 0 0 0 0 0 0 0 0 0 0 0 0 0 0 0 0 0 0 0 0 0 0 0 0 0 0 0 0 0 0 0 0 0 0 0 0 0 0 0 0 0 0 0 0 0 0 0 0 0 0 0 0 0 0 0 0 0 0 0 0 0 0 0 0 0 0 0 0 0 0 0 0 0 data 10 0x10002 0xfb4 0x0 0x0 0x0 0x0 0x9 0x2 0x0 0x0 oops 0 methods 0
ciMethodData java/util/concurrent/ConcurrentHashMap$EntrySetView <init> (Ljava/util/concurrent/ConcurrentHashMap;)V 1 850 orig 80 0 0 0 0 0 0 0 0 0 0 0 0 0 0 0 0 0 0 0 0 0 0 0 0 0 0 0 0 0 0 0 0 0 0 0 0 0 0 0 0 0 0 0 0 0 0 0 0 0 0 0 0 0 0 0 0 0 0 0 0 0 0 0 0 0 0 0 0 0 0 0 0 0 0 0 0 0 0 0 0 data 8 0x20002 0x352 0x0 0x0 0x9 0x2 0x0 0x0 oops 0 methods 0
ciMethodData java/util/concurrent/ConcurrentHashMap$CollectionView <init> (Ljava/util/concurrent/ConcurrentHashMap;)V 1 850 orig 80 0 0 0 0 0 0 0 0 0 0 0 0 0 0 0 0 0 0 0 0 0 0 0 0 0 0 0 0 0 0 0 0 0 0 0 0 0 0 0 0 0 0 0 0 0 0 0 0 0 0 0 0 0 0 0 0 0 0 0 0 0 0 0 0 0 0 0 0 0 0 0 0 0 0 0 0 0 0 0 0 data 10 0x10002 0x352 0x0 0x0 0x0 0x0 0x9 0x2 0x6 0x0 oops 0 methods 0
ciMethodData java/util/concurrent/ConcurrentHashMap <init> (IFI)V 2 3142 orig 80 0 0 0 0 0 0 0 0 0 0 0 0 249 127 0 0 0 0 0 0 0 0 0 0 0 0 0 0 0 0 0 0 0 0 0 0 0 0 0 0 0 0 0 0 0 0 0 0 0 0 0 0 0 0 0 0 0 0 0 0 0 0 0 0 0 0 0 0 0 0 0 0 0 0 0 0 0 0 0 0 data 41 0x10002 0xc46 0x70007 0x0 0x60 0xc46 0xb0007 0x0 0x40 0xc46 0xf0007 0xc46 0x30 0x0 0x160002 0x0 0x1c0007 0xc46 0x20 0x0 0x320007 0xc46 0x38 0x0 0x370003 0x0 0x28 0x3d0002 0xc46 0x0 0x0 0x0 0x0 0x0 0x0 0x9 0x4 0x0 0x0 0x0 0x0 oops 0 methods 0
ciMethodData java/util/concurrent/ConcurrentHashMap <init> (I)V 2 3134 orig 80 0 0 0 0 0 0 0 0 0 0 0 0 249 127 0 0 0 0 0 0 0 0 0 0 0 0 0 0 0 0 0 0 0 0 0 0 0 0 0 0 0 0 0 0 0 0 0 0 0 0 0 0 0 0 0 0 0 0 0 0 0 0 0 0 0 0 0 0 0 0 0 0 0 0 0 0 0 0 0 0 data 9 0x50002 0xc3e 0x0 0x0 0x0 0x9 0x2 0x0 0x0 oops 0 methods 0
ciMethodData java/util/Properties$EntrySet iterator ()Ljava/util/Iterator; 2 3892 orig 80 0 0 0 0 0 0 0 0 0 0 0 0 249 127 0 0 0 0 0 0 0 0 0 0 0 0 0 0 0 0 0 0 0 0 0 0 0 0 0 0 0 0 0 0 0 0 0 0 0 0 0 0 0 0 0 0 0 0 0 0 0 0 0 0 0 0 0 0 0 0 0 0 0 0 0 0 0 0 0 0 data 16 0x40005 0x0 0x0 0x1e84f47d9c8 0xf34 0x0 0x0 0x0 0x0 0x0 0x0 0x0 0x0 0x9 0x1 0x0 oops 1 3 java/util/concurrent/ConcurrentHashMap$EntrySetView methods 0
ciMethodData java/util/concurrent/ConcurrentHashMap$EntrySetView iterator ()Ljava/util/Iterator; 2 3892 orig 80 0 0 0 0 0 0 0 0 0 0 0 0 249 127 0 0 0 0 0 0 0 0 0 0 0 0 0 0 0 0 0 0 0 0 0 0 0 0 0 0 0 0 0 0 0 0 0 0 0 0 0 0 0 0 0 0 0 0 0 0 0 0 0 0 0 0 0 0 0 0 0 0 0 0 0 0 0 0 0 0 data 18 0xb0007 0xf34 0x38 0x0 0xf0003 0x0 0x18 0x1e0002 0xf34 0x0 0x0 0x0 0x0 0x0 0x0 0x9 0x1 0x0 oops 0 methods 0
ciMethodData java/util/concurrent/ConcurrentHashMap$EntryIterator <init> ([Ljava/util/concurrent/ConcurrentHashMap$Node;IIILjava/util/concurrent/ConcurrentHashMap;)V 2 3892 orig 80 0 0 0 0 0 0 0 0 0 0 0 0 0 0 0 0 0 0 0 0 0 0 0 0 0 0 0 0 0 0 0 0 0 0 0 0 0 0 0 0 0 0 0 0 0 0 0 0 0 0 0 0 0 0 0 0 0 0 0 0 0 0 0 0 0 0 0 0 0 0 0 0 0 0 0 0 0 0 0 0 data 12 0x80002 0xf34 0x0 0x0 0x9 0x6 0x0 0x0 0x0 0x0 0x0 0x0 oops 0 methods 0
ciMethodData java/util/Properties <init> (Ljava/util/Properties;I)V 2 3101 orig 80 0 0 0 0 0 0 0 0 0 0 0 0 249 127 0 0 0 0 0 0 0 0 0 0 0 0 0 0 0 0 0 0 0 0 0 0 0 0 0 0 0 0 0 0 0 0 0 0 0 0 0 0 0 0 0 0 0 0 0 0 0 0 0 0 0 0 0 0 0 0 0 0 0 0 0 0 0 0 0 0 data 29 0x20004 0x0 0x0 0x0 0x0 0x0 0x0 0x50002 0xc1d 0xe0002 0xc1d 0x1c0005 0xc1d 0x0 0x0 0x0 0x0 0x0 0x0 0x0 0x0 0x0 0x0 0x0 0x9 0x3 0x0 0x0 0x0 oops 0 methods 0
ciMethodData java/util/Hashtable <init> (Ljava/lang/Void;)V 2 3101 orig 80 0 0 0 0 0 0 0 0 0 0 0 0 0 0 0 0 0 0 0 0 0 0 0 0 0 0 0 0 0 0 0 0 0 0 0 0 0 0 0 0 0 0 0 0 0 0 0 0 0 0 0 0 0 0 0 0 0 0 0 0 0 0 0 0 0 0 0 0 0 0 0 0 0 0 0 0 0 0 0 0 data 10 0x10002 0xc1d 0x0 0x0 0x0 0x0 0x9 0x2 0x0 0x0 oops 0 methods 0
ciMethodData java/util/Properties <init> ()V 2 3099 orig 80 0 0 0 0 0 0 0 0 0 0 0 0 249 127 0 0 0 0 0 0 0 0 0 0 0 0 0 0 0 0 0 0 0 0 0 0 0 0 0 0 0 0 0 0 0 0 0 0 0 0 0 0 0 0 0 0 0 0 0 0 0 0 0 0 0 0 0 0 0 0 0 0 0 0 0 0 0 0 0 0 data 7 0x40002 0xc1b 0x0 0x0 0x9 0x1 0x0 oops 0 methods 0
ciMethodData java/util/concurrent/ConcurrentHashMap putAll (Ljava/util/Map;)V 2 3059 orig 80 0 0 0 0 0 0 0 0 0 0 0 0 249 127 0 0 0 0 0 0 0 0 0 0 0 0 0 0 0 0 0 0 0 0 0 0 0 0 0 0 0 0 0 0 0 0 0 0 0 0 0 0 0 0 0 0 0 0 0 0 0 0 0 0 0 0 0 0 0 0 0 0 0 0 0 0 0 0 0 0 data 87 0x20005 0x0 0x0 0x1e84ab222a8 0xbf2 0x1e851b5a198 0x1 0x70005 0xbf3 0x0 0x0 0x0 0x0 0x0 0xb0005 0x0 0x0 0x1e84ab222a8 0xbf2 0x1e851b5a198 0x1 0x100005 0x0 0x0 0x1e84f7954a0 0xbf2 0x1e84f795548 0x1 0x170005 0x0 0x0 0x1e84f7955f0 0x17e4 0x1e84f795698 0x2 0x1c0007 0xbf3 0x150 0xbf3 0x200005 0x0 0x0 0x1e84f7955f0 0xbf2 0x1e84f795698 0x1 0x250004 0x0 0x0 0x1e84f795740 0xbf2 0x1e850733ee0 0x1 0x2b0005 0x0 0x0 0x1e84f795740 0xbf2 0x1e850733ee0 0x1 0x310005 0x0 0x0 0x1e84f795740 0xbf2 0x1e850733ee0 0x1 0x370005 0xbf3 0x0 0x0 0x0 0x0 0x0 0x3b0003 0xbf3 0xfffffffffffffe90 0x0 0x0 0x0 0x0 0x0 0x0 0x9 0x2 0x0 0x0 oops 16 3 java/util/Properties 5 java/util/HashMap 17 java/util/Properties 19 java/util/HashMap 24 java/util/Collections$SynchronizedSet 26 java/util/HashMap$EntrySet 31 java/util/concurrent/ConcurrentHashMap$EntryIterator 33 java/util/HashMap$EntryIterator 42 java/util/concurrent/ConcurrentHashMap$EntryIterator 44 java/util/HashMap$EntryIterator 49 java/util/concurrent/ConcurrentHashMap$MapEntry 51 java/util/HashMap$Node 56 java/util/concurrent/ConcurrentHashMap$MapEntry 58 java/util/HashMap$Node 63 java/util/concurrent/ConcurrentHashMap$MapEntry 65 java/util/HashMap$Node methods 0
ciMethodData java/util/concurrent/ConcurrentHashMap tryPresize (I)V 2 3059 orig 80 0 0 0 0 0 0 0 0 0 0 0 0 0 0 0 0 0 0 0 0 0 0 0 0 0 0 0 0 0 0 0 0 0 0 0 0 0 0 0 0 0 0 0 0 0 0 0 0 0 0 0 0 0 0 0 0 0 0 0 0 0 0 0 0 0 0 0 0 0 0 0 0 0 0 0 0 0 0 0 0 data 99 0x40007 0xbf3 0x38 0x0 0x90003 0x0 0x28 0x130002 0xbf3 0x1d0007 0x0 0x270 0x17e5 0x280007 0xbf2 0x40 0xbf3 0x310007 0xbf3 0x100 0x0 0x360007 0x0 0x38 0xbf2 0x3a0003 0xbf2 0x18 0x490005 0x0 0x0 0x0 0x0 0x0 0x0 0x4c0007 0x0 0x188 0xbf2 0x550007 0x0 0x20 0xbf2 0x720003 0xbf2 0x18 0x7f0003 0xbf2 0x130 0x840007 0xbf3 0x130 0x0 0x8b0007 0x0 0x38 0x0 0x8e0003 0x0 0xf0 0x970007 0x0 0xc0 0x0 0x9c0002 0x0 0xb00005 0x0 0x0 0x0 0x0 0x0 0x0 0xb30007 0x0 0x58 0x0 0xba0005 0x0 0x0 0x0 0x0 0x0 0x0 0xbd0003 0xbf2 0xfffffffffffffda8 0x0 0x0 0x0 0x0 0x0 0x0 0x0 0x0 0x9 0x2 0x0 0x0 oops 0 methods 0
ciMethodData java/util/Properties size ()I 2 3041 orig 80 0 0 0 0 0 0 0 0 0 0 0 0 249 127 0 0 0 0 0 0 0 0 0 0 0 0 0 0 0 0 0 0 0 0 0 0 0 0 0 0 0 0 0 0 0 0 0 0 0 0 0 0 0 0 0 0 0 0 0 0 0 0 0 0 0 0 0 0 0 0 0 0 0 0 0 0 0 0 0 0 data 16 0x40005 0x0 0x0 0x1e84ab24348 0xbe1 0x0 0x0 0x0 0x0 0x0 0x0 0x0 0x0 0x9 0x1 0x0 oops 1 3 java/util/concurrent/ConcurrentHashMap methods 0
ciMethodData java/lang/System getenv ()Ljava/util/Map; 2 3036 orig 80 0 0 0 0 0 0 0 0 0 0 0 0 249 127 0 0 0 0 0 0 0 0 0 0 0 0 0 0 0 0 0 0 0 0 0 0 0 0 0 0 0 0 0 0 0 0 0 0 0 0 0 0 0 0 0 0 0 0 0 0 0 0 0 0 0 0 0 0 0 0 0 0 0 0 0 0 0 0 0 0 data 25 0x2 0xbdc 0x50007 0xbdc 0x68 0x0 0x100002 0x0 0x130005 0x0 0x0 0x0 0x0 0x0 0x0 0x160002 0xbdc 0x0 0x0 0x0 0x0 0x0 0x0 0x9 0x0 oops 0 methods 0
ciMethodData java/lang/ProcessEnvironment getenv ()Ljava/util/Map; 2 3036 orig 80 0 0 0 0 0 0 0 0 0 0 0 0 0 0 0 0 0 0 0 0 0 0 0 0 0 0 0 0 0 0 0 0 0 0 0 0 0 0 0 0 0 0 0 0 0 0 0 0 0 0 0 0 0 0 0 0 0 0 0 0 0 0 0 0 0 0 0 0 0 0 0 0 0 0 0 0 0 0 0 0 data 4 0x0 0x0 0x9 0x0 oops 0 methods 0
ciMethodData java/util/Properties putAll (Ljava/util/Map;)V 2 3033 orig 80 0 0 0 0 0 0 0 0 0 0 0 0 249 127 0 0 0 0 0 0 0 0 0 0 0 0 0 0 0 0 0 0 0 0 0 0 0 0 0 0 0 0 0 0 0 0 0 0 0 0 0 0 0 0 0 0 0 0 0 0 0 0 0 0 0 0 0 0 0 0 0 0 0 0 0 0 0 0 0 0 data 17 0x50005 0x0 0x0 0x1e84ab24348 0xbd9 0x0 0x0 0x0 0x0 0x0 0x0 0x0 0x0 0x9 0x2 0x0 0x0 oops 1 3 java/util/concurrent/ConcurrentHashMap methods 0
ciMethodData java/util/Collections$UnmodifiableMap forEach (Ljava/util/function/BiConsumer;)V 2 3034 orig 80 0 0 0 0 0 0 0 0 0 0 0 0 249 127 0 0 0 0 0 0 0 0 0 0 0 0 0 0 0 0 0 0 0 0 0 0 0 0 0 0 0 0 0 0 0 0 0 0 0 0 0 0 0 0 0 0 0 0 0 0 0 0 0 0 0 0 0 0 0 0 0 0 0 0 0 0 0 0 0 0 data 17 0x50005 0x0 0x0 0x1e84f44b728 0xbda 0x0 0x0 0x0 0x0 0x0 0x0 0x0 0x0 0x9 0x2 0x0 0x0 oops 1 3 java/lang/ProcessEnvironment methods 0
ciMethodData java/lang/Throwable toString ()Ljava/lang/String; 1 2 orig 80 0 0 0 0 0 0 0 0 0 0 0 0 0 0 0 0 0 0 0 0 0 0 0 0 0 0 0 0 0 0 0 0 0 0 0 0 0 0 0 0 0 0 0 0 0 0 0 0 0 0 0 0 0 0 0 0 0 0 0 0 0 0 0 0 0 0 0 0 0 0 0 0 0 0 0 0 0 0 0 0 data 67 0x10005 0x2 0x0 0x0 0x0 0x0 0x0 0x40005 0x2 0x0 0x0 0x0 0x0 0x0 0x90005 0x0 0x0 0x1e84ab21298 0x2 0x0 0x0 0xe0007 0x0 0x128 0x2 0x150002 0x2 0x190005 0x2 0x0 0x0 0x0 0x0 0x0 0x1e0005 0x2 0x0 0x0 0x0 0x0 0x0 0x220005 0x2 0x0 0x0 0x0 0x0 0x0 0x250005 0x2 0x0 0x0 0x0 0x0 0x0 0x280003 0x2 0x18 0x0 0x0 0x0 0x0 0x0 0x0 0x9 0x1 0xffffffffffffffff oops 1 17 java/lang/RuntimeException methods 0
ciMethodData org/python/pydev/plugin/nature/PythonNatureStore checkLoad (Ljava/lang/String;)V 2 5122 orig 80 0 0 0 0 0 0 0 0 0 0 0 0 249 127 0 0 0 0 0 0 0 0 0 0 0 0 0 0 0 0 0 0 0 0 0 0 0 0 0 0 0 0 0 0 0 0 0 0 0 0 0 0 0 0 0 0 0 0 0 0 0 0 0 0 0 0 0 0 0 0 0 0 0 0 0 0 0 0 0 0 data 34 0x40007 0x1402 0xc0 0x0 0x170004 0x0 0x0 0x0 0x0 0x0 0x0 0x1b0004 0x0 0x0 0x0 0x0 0x0 0x0 0x1c0002 0x0 0x1f0002 0x0 0x240002 0x0 0x0 0x0 0x0 0x0 0x0 0x0 0x9 0x2 0x0 0x0 oops 0 methods 0
ciMethodData org/python/pydev/plugin/nature/PythonNatureStore traceFunc (Ljava/lang/String;[Ljava/lang/Object;)V 2 3220 orig 80 0 0 0 0 0 0 0 0 0 0 0 0 249 127 0 0 0 0 0 0 0 0 0 0 0 0 0 0 0 0 0 0 0 0 0 0 0 0 0 0 0 0 0 0 0 0 0 0 0 0 0 0 0 0 0 0 0 0 0 0 0 0 0 0 0 0 0 0 0 0 0 0 0 0 0 0 0 0 0 0 data 6 0x0 0x9 0x3 0x0 0x0 0x0 oops 0 methods 0
ciMethodData org/python/pydev/ast/interpreter_managers/InterpreterManagersAPI getPythonInterpreterManager ()Lorg/python/pydev/core/IInterpreterManager; 2 3562 orig 80 0 0 0 0 0 0 0 0 0 0 0 0 249 127 0 0 0 0 0 0 0 0 0 0 0 0 0 0 0 0 0 0 0 0 0 0 0 0 0 0 0 0 0 0 0 0 0 0 0 0 0 0 0 0 0 0 0 0 0 0 0 0 0 0 0 0 0 0 0 0 0 0 0 0 0 0 0 0 0 0 data 10 0x10002 0xdea 0x0 0x0 0x0 0x0 0x0 0x0 0x9 0x0 oops 0 methods 0
ciMethodData org/python/pydev/ast/interpreter_managers/InterpreterManagersAPI getPythonInterpreterManager (Z)Lorg/python/pydev/core/IInterpreterManager; 2 3562 orig 80 0 0 0 0 0 0 0 0 0 0 0 0 0 0 0 0 0 0 0 0 0 0 0 0 0 0 0 0 0 0 0 0 0 0 0 0 0 0 0 0 0 0 0 0 0 0 0 0 0 0 0 0 0 0 0 0 0 0 0 0 0 0 0 0 0 0 0 0 0 0 0 0 0 0 0 0 0 0 0 0 data 5 0x0 0x0 0x9 0x1 0x0 oops 0 methods 0
ciMethodData org/python/pydev/plugin/nature/PythonNature getProjectInterpreterName ()Ljava/lang/String; 2 3544 orig 80 0 0 0 0 0 0 0 0 0 0 0 0 249 127 0 0 0 0 0 0 0 0 0 0 0 0 0 0 0 0 0 0 0 0 0 0 0 0 0 0 0 0 0 0 0 0 0 0 0 0 0 0 0 0 0 0 0 0 0 0 0 0 0 0 0 0 0 0 0 0 0 0 0 0 0 0 0 0 0 0 data 47 0x40007 0x0 0x130 0xdd8 0xb0007 0xdd8 0x110 0x0 0xf0005 0x0 0x0 0x0 0x0 0x0 0x0 0x120002 0x0 0x150005 0x0 0x0 0x0 0x0 0x0 0x0 0x1c0007 0x0 0x70 0x0 0x240005 0x0 0x0 0x0 0x0 0x0 0x0 0x270003 0x0 0x18 0x0 0x0 0x0 0x0 0x0 0x0 0x9 0x1 0x0 oops 0 methods 0
ciMethodData org/python/pydev/plugin/nature/PythonNature getInterpreterType ()I 2 3541 orig 80 0 0 0 0 0 0 0 0 0 0 0 0 249 127 0 0 0 0 0 0 0 0 0 0 0 0 0 0 0 0 0 0 0 0 0 0 0 0 0 0 0 0 0 0 0 0 0 0 0 0 0 0 0 0 0 0 0 0 0 0 0 0 0 0 0 0 0 0 0 0 0 0 0 0 0 0 0 0 0 0 data 31 0x40007 0xdd5 0x78 0x0 0x90005 0x0 0x0 0x0 0x0 0x0 0x0 0xf0002 0x0 0x120002 0x0 0x1c0005 0xdd5 0x0 0x0 0x0 0x0 0x0 0x0 0x0 0x0 0x0 0x0 0x0 0x9 0x1 0x0 oops 0 methods 0
ciMethodData org/python/pydev/plugin/nature/PythonNature getRelatedInterpreterManager ()Lorg/python/pydev/core/IInterpreterManager; 2 3535 orig 80 0 0 0 0 0 0 0 0 0 0 0 0 249 127 0 0 0 0 0 0 0 0 0 0 0 0 0 0 0 0 0 0 0 0 0 0 0 0 0 0 0 0 0 0 0 0 0 0 0 0 0 0 0 0 0 0 0 0 0 0 0 0 0 0 0 0 0 0 0 0 0 0 0 0 0 0 0 0 0 0 data 40 0x10005 0x0 0x0 0x1e85090b658 0xdcf 0x0 0x0 0x60008 0x8 0x0 0x80 0xdcf 0x50 0x0 0x60 0x0 0x70 0x200002 0xdcf 0x240002 0x0 0x280002 0x0 0x31000a 0x0 0x1 0x1e84ab20d48 0x360002 0x0 0x400002 0x0 0x0 0x0 0x0 0x0 0x0 0x0 0x9 0x1 0x0 oops 2 3 org/python/pydev/plugin/nature/PythonNature 26 java/lang/String methods 0
ciMethodData org/eclipse/core/internal/resources/Project getDescription ()Lorg/eclipse/core/resources/IProjectDescription; 2 5145 orig 80 0 0 0 0 0 0 0 0 0 0 0 0 249 127 0 0 0 0 0 0 0 0 0 0 0 0 0 0 0 0 0 0 0 0 0 0 0 0 0 0 0 0 0 0 0 0 0 0 0 0 0 0 0 0 0 0 0 0 0 0 0 0 0 0 0 0 0 0 0 0 0 0 0 0 0 0 0 0 0 0 data 69 0x30005 0x0 0x0 0x1e851b5a048 0x1419 0x0 0x0 0xa0005 0x0 0x0 0x1e851b5a048 0x1419 0x0 0x0 0xd0005 0x0 0x0 0x1e851b5a048 0x1419 0x0 0x0 0x110004 0x0 0x0 0x1e85116f590 0x1419 0x0 0x0 0x140005 0x0 0x0 0x1e85116f590 0x1419 0x0 0x0 0x190007 0x1419 0x58 0x0 0x1e0005 0x0 0x0 0x0 0x0 0x0 0x0 0x220005 0x0 0x0 0x1e852e192e8 0x1419 0x0 0x0 0x250004 0x0 0x0 0x1e852e192e8 0x1419 0x0 0x0 0x0 0x0 0x0 0x0 0x0 0x0 0x9 0x1 0x0 oops 7 3 org/eclipse/core/internal/resources/Project 10 org/eclipse/core/internal/resources/Project 17 org/eclipse/core/internal/resources/Project 24 org/eclipse/core/internal/resources/ProjectInfo 31 org/eclipse/core/internal/resources/ProjectInfo 49 org/eclipse/core/internal/resources/ProjectDescription 56 org/eclipse/core/internal/resources/ProjectDescription methods 0
ciMethodData org/eclipse/core/internal/resources/ProjectPathVariableManager getURIValue (Ljava/lang/String;)Ljava/net/URI; 2 5124 orig 80 0 0 0 0 0 0 0 0 0 0 0 0 249 127 0 0 0 0 0 0 0 0 0 0 0 0 0 0 0 0 0 0 0 0 0 0 0 0 0 0 0 0 0 0 0 0 0 0 0 0 0 0 0 0 0 0 0 0 0 0 0 0 0 0 0 0 0 0 0 0 0 0 0 0 0 0 0 0 0 0 data 74 0x20005 0x0 0x0 0x1e851b5a0f0 0x1404 0x0 0x0 0x70007 0x0 0x158 0x1404 0xd0005 0x1404 0x0 0x0 0x0 0x0 0x0 0x100007 0x1404 0xd0 0x0 0x160005 0x0 0x0 0x0 0x0 0x0 0x0 0x1b0007 0x0 0x78 0x0 0x200005 0x0 0x0 0x0 0x0 0x0 0x0 0x270007 0x0 0x20 0x0 0x2e0002 0x1404 0x340002 0x0 0x3b0002 0x0 0x400005 0x0 0x0 0x0 0x0 0x0 0x0 0x440005 0x0 0x0 0x0 0x0 0x0 0x0 0x0 0x0 0x0 0x0 0x0 0x0 0x9 0x2 0x0 0x0 oops 1 3 org/eclipse/core/internal/resources/ProjectPathVariableManager methods 0
ciMethodData org/eclipse/core/internal/resources/ProjectPathVariableManager internalGetValue (Ljava/lang/String;)Ljava/lang/String; 2 5124 orig 80 0 0 0 0 0 0 0 0 0 0 0 0 0 0 0 0 0 0 0 0 0 0 0 0 0 0 0 0 0 0 0 0 0 0 0 0 0 0 0 0 0 0 0 0 0 0 0 0 0 0 0 0 0 0 0 0 0 0 0 0 0 0 0 0 0 0 0 0 0 0 0 0 0 0 0 0 0 0 0 0 data 162 0x40005 0x0 0x0 0x1e851b5a048 0x1404 0x0 0x0 0x70005 0x0 0x0 0x1e851b5a048 0x1404 0x0 0x0 0xc0004 0x0 0x0 0x1e852e192e8 0x1404 0x0 0x0 0xf0005 0x0 0x0 0x1e852e192e8 0x1404 0x0 0x0 0x130003 0x1404 0x18 0x1a0007 0x1404 0x120 0x0 0x1f0005 0x0 0x0 0x0 0x0 0x0 0x0 0x220007 0x0 0xc8 0x0 0x270005 0x0 0x0 0x0 0x0 0x0 0x0 0x2a0004 0x0 0x0 0x0 0x0 0x0 0x0 0x2d0005 0x0 0x0 0x0 0x0 0x0 0x0 0x340005 0x1404 0x0 0x0 0x0 0x0 0x0 0x3c0007 0x1404 0x70 0x0 0x430005 0x0 0x0 0x0 0x0 0x0 0x0 0x470003 0x0 0x18 0x590003 0x1404 0xe0 0x650005 0x0 0x0 0x1e8501c14f0 0x320a 0x0 0x0 0x690005 0x320a 0x0 0x0 0x0 0x0 0x0 0x6c0007 0x1e06 0x58 0x1404 0x760005 0x0 0x0 0x1e8501c14f0 0x1404 0x0 0x0 0x810007 0x320a 0xffffffffffffff38 0x0 0x910003 0x0 0xe0 0x9e0005 0x0 0x0 0x0 0x0 0x0 0x0 0xa10005 0x0 0x0 0x0 0x0 0x0 0x0 0xa40007 0x0 0x58 0x0 0xae0005 0x0 0x0 0x0 0x0 0x0 0x0 0xb90007 0x0 0xffffffffffffff38 0x0 0x0 0x0 0x0 0x0 0x0 0x0 0x9 0x2 0x0 0x0 oops 6 3 org/eclipse/core/internal/resources/Project 10 org/eclipse/core/internal/resources/Project 17 org/eclipse/core/internal/resources/ProjectDescription 24 org/eclipse/core/internal/resources/ProjectDescription 94 org/eclipse/core/internal/resources/ProjectVariableProviderManager$Descriptor 112 org/eclipse/core/internal/resources/ProjectVariableProviderManager$Descriptor methods 0
ciMethodData org/eclipse/core/internal/resources/ProjectVariableProviderManager$Descriptor getValue (Ljava/lang/String;Lorg/eclipse/core/resources/IResource;)Ljava/lang/String; 2 5124 orig 80 0 0 0 0 0 0 0 0 0 0 0 0 0 0 0 0 0 0 0 0 0 0 0 0 0 0 0 0 0 0 0 0 0 0 0 0 0 0 0 0 0 0 0 0 0 0 0 0 0 0 0 0 0 0 0 0 0 0 0 0 0 0 0 0 0 0 0 0 0 0 0 0 0 0 0 0 0 0 0 0 data 22 0x40007 0x1404 0x20 0x0 0x120005 0xa02 0x0 0x1e850530e90 0x501 0x1e850530f38 0x501 0x0 0x0 0x0 0x0 0x0 0x0 0x9 0x3 0x0 0x0 0x0 oops 2 7 org/eclipse/core/internal/resources/projectvariables/ProjectLocationVariableResolver 9 org/eclipse/core/internal/resources/projectvariables/WorkspaceLocationVariableResolver methods 0
ciMethodData org/python/pydev/plugin/nature/PythonNature getProjectInterpreter ()Lorg/python/pydev/core/IInterpreterInfo; 2 3433 orig 80 0 0 0 0 0 0 0 0 0 0 0 0 249 127 0 0 0 0 0 0 0 0 0 0 0 0 0 0 0 0 0 0 0 0 0 0 0 0 0 0 0 0 0 0 0 0 0 0 0 0 0 0 0 0 0 0 0 0 0 0 0 0 0 0 0 0 0 0 0 0 0 0 0 0 0 0 0 0 0 0 data 148 0x40007 0xd69 0x30 0x0 0xe0002 0x0 0x130005 0x0 0x0 0x1e85090b658 0xd69 0x0 0x0 0x1a0005 0x0 0x0 0x1e85090b658 0xd69 0x0 0x0 0x1f0007 0xd69 0x50 0x0 0x250007 0x0 0x20 0x0 0x310002 0x0 0x390005 0xd69 0x0 0x0 0x0 0x0 0x0 0x3c0007 0xd69 0x1c0 0x0 0x400005 0x0 0x0 0x0 0x0 0x0 0x0 0x450007 0x0 0xf8 0x0 0x4c0005 0x0 0x0 0x0 0x0 0x0 0x0 0x550007 0x0 0xa0 0x0 0x5a0005 0x0 0x0 0x0 0x0 0x0 0x0 0x620005 0x0 0x0 0x0 0x0 0x0 0x0 0x6a0002 0x0 0x6f0007 0x0 0xa8 0x0 0x740005 0x0 0x0 0x0 0x0 0x0 0x0 0x7a0003 0x0 0x50 0x800005 0x0 0x0 0x1e84fe53e58 0xd69 0x0 0x0 0x870007 0xd69 0x128 0x0 0x8b0005 0x0 0x0 0x0 0x0 0x0 0x0 0x920007 0x0 0x70 0x0 0x970005 0x0 0x0 0x0 0x0 0x0 0x0 0x9e0003 0x0 0x18 0xa9000a 0x0 0x5 0x0 0x0 0x1 0x0 0x1e84ab20d48 0xb60002 0x0 0xbd0002 0x0 0xcc0002 0x0 0x0 0x0 0x0 0x0 0x0 0x0 0x9 0x1 0x0 oops 4 9 org/python/pydev/plugin/nature/PythonNature 16 org/python/pydev/plugin/nature/PythonNature 96 org/python/pydev/ast/interpreter_managers/PythonInterpreterManager 132 java/lang/String methods 0
ciMethodData org/python/pydev/ast/interpreter_managers/AbstractInterpreterManager getInterpreterInfo (Ljava/lang/String;Lorg/eclipse/core/runtime/IProgressMonitor;)Lorg/python/pydev/core/IInterpreterInfo; 2 3433 orig 80 0 0 0 0 0 0 0 0 0 0 0 0 0 0 0 0 0 0 0 0 0 0 0 0 0 0 0 0 0 0 0 0 0 0 0 0 0 0 0 0 0 0 0 0 0 0 0 0 0 0 0 0 0 0 0 0 0 0 0 0 0 0 0 0 0 0 0 0 0 0 0 0 0 0 0 0 0 0 0 0 data 18 0x30005 0x0 0x0 0x1e84fe53e58 0xd69 0x0 0x0 0x0 0x0 0x0 0x0 0x0 0x0 0x9 0x3 0x0 0x0 0x0 oops 1 3 org/python/pydev/ast/interpreter_managers/PythonInterpreterManager methods 0
ciMethodData org/python/pydev/ast/interpreter_managers/AbstractInterpreterManager getInterpreterInfo (Ljava/lang/String;Lorg/eclipse/core/runtime/IProgressMonitor;)Lorg/python/pydev/ast/interpreter_managers/InterpreterInfo; 2 3433 orig 80 0 0 0 0 0 0 0 0 0 0 0 0 0 0 0 0 0 0 0 0 0 0 0 0 0 0 0 0 0 0 0 0 0 0 0 0 0 0 0 0 0 0 0 0 0 0 0 0 0 0 0 0 0 0 0 0 0 0 0 0 0 0 0 0 0 0 0 0 0 0 0 0 0 0 0 0 0 0 0 0 data 100 0xb0007 0xd69 0x58 0x0 0xf0005 0x0 0x0 0x0 0x0 0x0 0x0 0x170005 0x0 0x0 0x1e851b5a198 0xd69 0x0 0x0 0x1c0005 0x0 0x0 0x1e84ff31558 0xd69 0x0 0x0 0x230003 0xd69 0x138 0x280005 0x0 0x0 0x1e84ff31600 0xd69 0x0 0x0 0x2d0004 0x0 0x0 0x1e85069cf80 0xd69 0x0 0x0 0x340007 0x0 0xb0 0xd69 0x3a0005 0x0 0x0 0x1e85069cf80 0xd69 0x0 0x0 0x3f0007 0x0 0x58 0xd69 0x440004 0x0 0x0 0x1e85069cf80 0xd69 0x0 0x0 0x4c0005 0x0 0x0 0x1e84ff31600 0xd69 0x0 0x0 0x510007 0xd69 0xfffffffffffffea8 0x0 0x560003 0x0 0x18 0x6a0004 0x0 0x0 0x0 0x0 0x0 0x0 0x6b0002 0x0 0x6e0002 0x0 0x0 0x0 0x0 0x0 0x0 0x0 0x9 0x3 0x0 0x0 0x0 oops 7 14 java/util/HashMap 21 java/util/HashMap$Values 31 java/util/HashMap$ValueIterator 38 org/python/pydev/ast/interpreter_managers/InterpreterInfo 49 org/python/pydev/ast/interpreter_managers/InterpreterInfo 60 org/python/pydev/ast/interpreter_managers/InterpreterInfo 67 java/util/HashMap$ValueIterator methods 0
ciMethodData org/python/pydev/ast/interpreter_managers/InterpreterInfo matchNameBackwardCompatible (Ljava/lang/String;)Z 2 3431 orig 80 0 0 0 0 0 0 0 0 0 0 0 0 249 127 0 0 0 0 0 0 0 0 0 0 0 0 0 0 0 0 0 0 0 0 0 0 0 0 0 0 0 0 0 0 0 0 0 0 0 0 0 0 0 0 0 0 0 0 0 0 0 0 0 0 0 0 0 0 0 0 0 0 0 0 0 0 0 0 0 0 data 45 0x40007 0x0 0x78 0xd67 0xc0005 0xd67 0x0 0x0 0x0 0x0 0x0 0xf0007 0x0 0x20 0xd67 0x140002 0x0 0x170007 0x0 0x58 0x0 0x1f0005 0x0 0x0 0x0 0x0 0x0 0x0 0x280005 0x0 0x0 0x0 0x0 0x0 0x0 0x0 0x0 0x0 0x0 0x0 0x0 0x9 0x2 0x0 0x0 oops 0 methods 0
ciMethodData org/eclipse/core/internal/resources/ProjectPathVariableManager getPathVariableNames ()[Ljava/lang/String; 2 1829 orig 80 0 0 0 0 0 0 0 0 0 0 0 0 249 127 0 0 0 0 0 0 0 0 0 0 0 0 0 0 0 0 0 0 0 0 0 0 0 0 0 0 0 0 0 0 0 0 0 0 0 0 0 0 0 0 0 0 0 0 0 0 0 0 0 0 0 0 0 0 0 0 0 0 0 0 0 0 0 0 0 0 data 154 0x40002 0x725 0xc0005 0x0 0x0 0x1e851b5a048 0x725 0x0 0x0 0xf0005 0x0 0x0 0x1e851b5a048 0x725 0x0 0x0 0x140004 0x0 0x0 0x1e852e192e8 0x725 0x0 0x0 0x170005 0x0 0x0 0x1e852e192e8 0x725 0x0 0x0 0x1b0003 0x725 0x18 0x310003 0x725 0x1a8 0x3c0005 0x0 0x0 0x1e8501c14f0 0x23b9 0x0 0x0 0x430005 0x0 0x0 0x1e8501c14f0 0x23b9 0x0 0x0 0x4a0007 0x725 0x120 0x1c94 0x500007 0x0 0x100 0x1c94 0x560003 0x1c94 0xc0 0x5c0005 0x0 0x0 0x1e8501c14f0 0x1c94 0x0 0x0 0x630005 0x0 0x0 0x1e8501c14f0 0x1c94 0x0 0x0 0x690005 0x0 0x0 0x1e852e18b28 0x1c94 0x0 0x0 0x770007 0x1c94 0xffffffffffffff58 0x1c94 0x810007 0x23b9 0xfffffffffffffe70 0x725 0x850007 0x725 0x90 0x0 0x8a0005 0x0 0x0 0x0 0x0 0x0 0x0 0x8d0005 0x0 0x0 0x0 0x0 0x0 0x0 0x950005 0x0 0x0 0x1e851b5a0f0 0x725 0x0 0x0 0x980005 0x0 0x0 0x1e852e1b118 0x725 0x0 0x0 0x9b0002 0x725 0x9e0005 0x0 0x0 0x1e852e18b28 0x725 0x0 0x0 0xa90005 0x0 0x0 0x1e852e18b28 0x725 0x0 0x0 0xae0004 0x0 0x0 0x1e850906758 0x725 0x0 0x0 0x0 0x0 0x0 0x0 0x0 0x0 0x9 0x1 0x0 oops 14 5 org/eclipse/core/internal/resources/Project 12 org/eclipse/core/internal/resources/Project 19 org/eclipse/core/internal/resources/ProjectDescription 26 org/eclipse/core/internal/resources/ProjectDescription 39 org/eclipse/core/internal/resources/ProjectVariableProviderManager$Descriptor 46 org/eclipse/core/internal/resources/ProjectVariableProviderManager$Descriptor 64 org/eclipse/core/internal/resources/ProjectVariableProviderManager$Descriptor 71 org/eclipse/core/internal/resources/ProjectVariableProviderManager$Descriptor 78 java/util/LinkedList 111 org/eclipse/core/internal/resources/ProjectPathVariableManager 118 org/eclipse/core/internal/resources/PathVariableManager 127 java/util/LinkedList 134 java/util/LinkedList 141 [Ljava/lang/String; methods 0
ciMethodData org/python/pydev/plugin/nature/PythonPathNature getVariableSubstitution (Z)Ljava/util/Map; 2 3072 orig 80 0 0 0 0 0 0 0 0 0 0 0 0 0 0 0 0 0 0 0 0 0 0 0 0 0 0 0 0 0 0 0 0 0 0 0 0 0 0 0 0 0 0 0 0 0 0 0 0 0 0 0 0 0 0 0 0 0 0 0 0 0 0 0 0 0 0 0 0 0 0 0 0 0 0 0 0 0 0 0 0 data 143 0x60007 0xc00 0x30 0x0 0xd0002 0x0 0x120007 0x0 0x1b0 0xc00 0x160005 0x0 0x0 0x1e85090b658 0xc00 0x0 0x0 0x1e0005 0x0 0x0 0x1e85069cf80 0xc00 0x0 0x0 0x270007 0xc00 0x48 0x0 0x2e0002 0x0 0x320003 0x0 0x100 0x370002 0xc00 0x3b0003 0xc00 0xd8 0x410005 0x0 0x0 0x0 0x0 0x0 0x0 0x440002 0x0 0x47000a 0x0 0x3 0x0 0x1e84ab20d48 0x1e84ab20d48 0x4e0002 0x0 0x560002 0x0 0x5a0003 0x0 0x28 0x610002 0x0 0x690005 0x0 0x0 0x1e85090b658 0xc00 0x0 0x0 0x6c0002 0xc00 0x6f0005 0x0 0x0 0x1e85069d028 0xc00 0x0 0x0 0x760003 0xc00 0xa0 0x7c0005 0x0 0x0 0x0 0x0 0x0 0x0 0x7f0002 0x0 0x82000a 0x0 0x3 0x0 0x0 0x1e84ab20d48 0x890002 0x0 0x8f0007 0xc00 0xe8 0x0 0x940005 0x0 0x0 0x0 0x0 0x0 0x0 0x990007 0x0 0x90 0x0 0x9d0007 0x0 0x70 0x0 0xa30005 0x0 0x0 0x0 0x0 0x0 0x0 0xa80003 0x0 0x18 0xaf0007 0xc00 0x30 0x0 0xb60002 0x0 0x0 0x0 0x0 0x0 0x0 0x0 0x9 0x2 0x0 0x0 oops 7 13 org/python/pydev/plugin/nature/PythonNature 20 org/python/pydev/ast/interpreter_managers/InterpreterInfo 51 java/lang/String 52 java/lang/String 65 org/python/pydev/plugin/nature/PythonNature 74 org/python/pydev/plugin/nature/PythonNatureStore 95 java/lang/String methods 0
ciMethodData org/python/pydev/ast/interpreter_managers/InterpreterInfo getStringSubstitutionVariables (Z)Ljava/util/Properties; 2 3072 orig 80 0 0 0 0 0 0 0 0 0 0 0 0 0 0 0 0 0 0 0 0 0 0 0 0 0 0 0 0 0 0 0 0 0 0 0 0 0 0 0 0 0 0 0 0 0 0 0 0 0 0 0 0 0 0 0 0 0 0 0 0 0 0 0 0 0 0 0 0 0 0 0 0 0 0 0 0 0 0 0 0 data 38 0x10007 0xc00 0x20 0x0 0xd0002 0xc00 0x160005 0x0 0x0 0x1e84ab222a8 0xc00 0x0 0x0 0x190002 0xc00 0x1d000a 0xc00 0x3 0x0 0x1e84ab222a8 0x1e84f8a1228 0x220005 0x0 0x0 0x1e84f8a12d0 0xc00 0x0 0x0 0x0 0x0 0x0 0x0 0x0 0x0 0x9 0x2 0x0 0x0 oops 4 9 java/util/Properties 19 java/util/Properties 20  @bci org/python/pydev/ast/interpreter_managers/InterpreterInfo getStringSubstitutionVariables (Z)Ljava/util/Properties; 29 <appendix> member <vmtarget> ; 24 java/util/Collections$UnmodifiableMap methods 0
ciMethodData org/python/pydev/plugin/nature/PythonPathNature getProjectVariableSubstitutionQualifiedName ()Lorg/eclipse/core/runtime/QualifiedName; 2 3075 orig 80 0 0 0 0 0 0 0 0 0 0 0 0 0 0 0 0 0 0 0 0 0 0 0 0 0 0 0 0 0 0 0 0 0 0 0 0 0 0 0 0 0 0 0 0 0 0 0 0 0 0 0 0 0 0 0 0 0 0 0 0 0 0 0 0 0 0 0 0 0 0 0 0 0 0 0 0 0 0 0 0 data 14 0x30007 0xc03 0x30 0x0 0xe0002 0x0 0x0 0x0 0x0 0x0 0x0 0x0 0x9 0x0 oops 0 methods 0
ciMethodData org/python/pydev/plugin/nature/PythonNatureStore getMapProperty (Lorg/eclipse/core/runtime/QualifiedName;)Ljava/util/Map; 2 3075 orig 80 0 0 0 0 0 0 0 0 0 0 0 0 0 0 0 0 0 0 0 0 0 0 0 0 0 0 0 0 0 0 0 0 0 0 0 0 0 0 0 0 0 0 0 0 0 0 0 0 0 0 0 0 0 0 0 0 0 0 0 0 0 0 0 0 0 0 0 0 0 0 0 0 0 0 0 0 0 0 0 0 data 162 0x40007 0xc03 0x20 0x0 0xc0005 0xc03 0x0 0x0 0x0 0x0 0x0 0x180005 0x0 0x0 0x1e851b5a198 0xc03 0x0 0x0 0x240007 0x0 0x38 0xc03 0x290003 0xc03 0x2d8 0x2e0004 0x0 0x0 0x0 0x0 0x0 0x0 0x310007 0x0 0x70 0x0 0x360004 0x0 0x0 0x0 0x0 0x0 0x0 0x3a0003 0x0 0x230 0x430005 0x0 0x0 0x0 0x0 0x0 0x0 0x4a0007 0x0 0x170 0x0 0x580004 0x0 0x0 0x0 0x0 0x0 0x0 0x5d0004 0x0 0x0 0x0 0x0 0x0 0x0 0x5e0005 0x0 0x0 0x0 0x0 0x0 0x0 0x620003 0x0 0xa8 0x6e0005 0x0 0x0 0x0 0x0 0x0 0x0 0x7b0005 0x0 0x0 0x0 0x0 0x0 0x0 0x800002 0x0 0x8b0002 0x0 0x950007 0x0 0x38 0x0 0x9b0003 0x0 0x18 0x9f0005 0x0 0x0 0x0 0x0 0x0 0x0 0xa70003 0xc03 0x18 0xb00007 0xc03 0x58 0x0 0xb50005 0x0 0x0 0x0 0x0 0x0 0x0 0xc30004 0x0 0x0 0x1e85090cac8 0xc03 0x0 0x0 0xc70104 0x0 0x0 0x0 0x0 0x0 0x0 0xc80005 0xc03 0x0 0x0 0x0 0x0 0x0 0x0 0x0 0x0 0x0 0x0 0x0 0x0 0x0 0x0 0x0 0x9 0x2 0x0 0x0 oops 2 14 java/util/HashMap 130 org/eclipse/core/runtime/QualifiedName methods 0
ciMethodData  @bci org/python/pydev/ast/interpreter_managers/InterpreterInfo getStringSubstitutionVariables (Z)Ljava/util/Properties; 29 <appendix> member <vmtarget> ; <init> (Ljava/util/Properties;)V 2 3034 orig 80 0 0 0 0 0 0 0 0 0 0 0 0 249 127 0 0 0 0 0 0 0 0 0 0 0 0 0 0 0 0 0 0 0 0 0 0 0 0 0 0 0 0 0 0 0 0 0 0 0 0 0 0 0 0 0 0 0 0 0 0 0 0 0 0 0 0 0 0 0 0 0 0 0 0 0 0 0 0 0 0 data 10 0x10002 0xbda 0x0 0x0 0x0 0x0 0x9 0x2 0x6 0x0 oops 0 methods 0
ciMethodData org/python/pydev/core/docutils/StringSubstitution initialize (Lorg/python/pydev/core/IPythonPathNature;Lorg/eclipse/core/resources/IProject;Z)V 2 3072 orig 80 0 0 0 0 0 0 0 0 0 0 0 0 249 127 0 0 0 0 0 0 0 0 0 0 0 0 0 0 0 0 0 0 0 0 0 0 0 0 0 0 0 0 0 0 0 0 0 0 0 0 0 0 0 0 0 0 0 0 0 0 0 0 0 0 0 0 0 0 0 0 0 0 0 0 0 0 0 0 0 0 data 181 0x30005 0x0 0x0 0x1e851b59fa0 0xc00 0x0 0x0 0xf0007 0x0 0x70 0xc00 0x130005 0x0 0x0 0x1e851b5a048 0xc00 0x0 0x0 0x1a0003 0xc00 0x18 0x240007 0x0 0x58 0xc00 0x290005 0x0 0x0 0x1e851b5a0f0 0xc00 0x0 0x0 0x310007 0x0 0x140 0xc00 0x3a0005 0x0 0x0 0x1e851b5a198 0xc00 0x0 0x0 0x3f0007 0x0 0xe8 0xc00 0x430005 0x0 0x0 0x1e851b5a048 0xc00 0x0 0x0 0x4c0007 0x0 0x90 0xc00 0x570005 0x0 0x0 0x1e851b5a240 0xc00 0x0 0x0 0x5c0005 0x0 0x0 0x1e851b5a198 0xc00 0x0 0x0 0x640007 0x0 0x308 0xc00 0x730003 0xc00 0x278 0x810005 0x0 0x0 0x1e851b5a0f0 0x2ffd 0x0 0x0 0x8a0007 0x0 0x228 0x2ffc 0x8f0005 0x2ffc 0x0 0x0 0x0 0x0 0x0 0x960007 0x0 0x1d0 0x2ffc 0x9d0005 0x2ffc 0x0 0x0 0x0 0x0 0x0 0xa00007 0x0 0x178 0x2ffc 0xa50005 0x2ffc 0x0 0x0 0x0 0x0 0x0 0xac0007 0x0 0x120 0x2ffc 0xb50005 0x0 0x0 0x1e851b5a198 0x2ffc 0x0 0x0 0xba0007 0x0 0xc8 0x2ffc 0xc90002 0x2ffc 0xcc0005 0x0 0x0 0x1e851b5a2e8 0x2ffc 0x0 0x0 0xcf0005 0x0 0x0 0x1e851b5a198 0x2ffc 0x0 0x0 0xd50003 0x2ffc 0x28 0xdc0002 0x0 0xe80007 0x2ffd 0xfffffffffffffda0 0xbff 0xeb0003 0xbff 0x50 0xf20002 0x0 0xf60003 0x0 0x28 0xfd0002 0x0 0x0 0x0 0x0 0x0 0x0 0x0 0x9 0x4 0x0 0x0 0x0 0x0 oops 11 3 org/python/pydev/plugin/nature/PythonPathNature 14 org/eclipse/core/internal/resources/Project 28 org/eclipse/core/internal/resources/ProjectPathVariableManager 39 java/util/HashMap 50 org/eclipse/core/internal/resources/Project 61 org/eclipse/core/runtime/Path 68 java/util/HashMap 82 org/eclipse/core/internal/resources/ProjectPathVariableManager 126 java/util/HashMap 139 java/io/File 146 java/util/HashMap methods 0
compile org/python/pydev/core/docutils/StringSubstitution initialize (Lorg/python/pydev/core/IPythonPathNature;Lorg/eclipse/core/resources/IProject;Z)V -1 4 inline 220 0 -1 0 org/python/pydev/core/docutils/StringSubstitution initialize (Lorg/python/pydev/core/IPythonPathNature;Lorg/eclipse/core/resources/IProject;Z)V 1 3 0 org/python/pydev/plugin/nature/PythonPathNature getVariableSubstitution (Z)Ljava/util/Map; 2 22 0 org/python/pydev/plugin/nature/PythonNature getProjectInterpreter ()Lorg/python/pydev/core/IInterpreterInfo; 3 19 0 org/python/pydev/plugin/nature/PythonNature getProjectInterpreterName ()Ljava/lang/String; 3 26 0 org/python/pydev/plugin/nature/PythonNature getRelatedInterpreterManager ()Lorg/python/pydev/core/IInterpreterManager; 4 1 0 org/python/pydev/plugin/nature/PythonNature getInterpreterType ()I 5 28 0 java/lang/Integer intValue ()I 4 32 0 org/python/pydev/ast/interpreter_managers/InterpreterManagersAPI getPythonInterpreterManager ()Lorg/python/pydev/core/IInterpreterManager; 5 1 0 org/python/pydev/ast/interpreter_managers/InterpreterManagersAPI getPythonInterpreterManager (Z)Lorg/python/pydev/core/IInterpreterManager; 3 57 0 java/lang/String equals (Ljava/lang/Object;)Z 3 128 0 org/python/pydev/ast/interpreter_managers/AbstractInterpreterManager getInterpreterInfo (Ljava/lang/String;Lorg/eclipse/core/runtime/IProgressMonitor;)Lorg/python/pydev/core/IInterpreterInfo; 4 3 0 org/python/pydev/ast/interpreter_managers/AbstractInterpreterManager getInterpreterInfo (Ljava/lang/String;Lorg/eclipse/core/runtime/IProgressMonitor;)Lorg/python/pydev/ast/interpreter_managers/InterpreterInfo; 5 23 0 java/util/HashMap values ()Ljava/util/Collection; 6 14 0 java/util/HashMap$Values <init> (Ljava/util/HashMap;)V 7 6 0 java/util/AbstractCollection <init> ()V 8 1 0 java/lang/Object <init> ()V 5 28 0 java/util/HashMap$Values iterator ()Ljava/util/Iterator; 6 8 0 java/util/HashMap$ValueIterator <init> (Ljava/util/HashMap;)V 7 2 0 java/util/HashMap$HashIterator <init> (Ljava/util/HashMap;)V 8 6 0 java/lang/Object <init> ()V 5 76 0 java/util/HashMap$HashIterator hasNext ()Z 5 40 0 java/util/HashMap$ValueIterator next ()Ljava/lang/Object; 6 1 0 java/util/HashMap$HashIterator nextNode ()Ljava/util/HashMap$Node; 5 58 0 org/python/pydev/ast/interpreter_managers/InterpreterInfo matchNameBackwardCompatible (Ljava/lang/String;)Z 6 12 0 java/lang/String equals (Ljava/lang/Object;)Z 2 30 0 org/python/pydev/ast/interpreter_managers/InterpreterInfo getStringSubstitutionVariables (Z)Ljava/util/Properties; 3 13 0 java/util/Properties <init> ()V 4 4 0 java/util/Properties <init> (Ljava/util/Properties;I)V 5 5 0 java/util/Hashtable <init> (Ljava/lang/Void;)V 6 1 0 java/util/Dictionary <init> ()V 7 1 0 java/lang/Object <init> ()V 5 14 0 java/util/concurrent/ConcurrentHashMap <init> (I)V 6 5 0 java/util/concurrent/ConcurrentHashMap <init> (IFI)V 7 1 0 java/util/AbstractMap <init> ()V 8 1 0 java/lang/Object <init> ()V 7 61 0 java/util/concurrent/ConcurrentHashMap tableSizeFor (I)I 3 22 0 java/util/Properties putAll (Ljava/util/Map;)V 4 5 0 java/util/concurrent/ConcurrentHashMap putAll (Ljava/util/Map;)V 5 2 0 java/util/Properties size ()I 6 4 0 java/util/concurrent/ConcurrentHashMap size ()I 7 1 0 java/util/concurrent/ConcurrentHashMap sumCount ()J 5 7 0 java/util/concurrent/ConcurrentHashMap tryPresize (I)V 6 19 0 java/util/concurrent/ConcurrentHashMap tableSizeFor (I)I 5 11 0 java/util/Properties entrySet ()Ljava/util/Set; 6 8 0 java/util/concurrent/ConcurrentHashMap entrySet ()Ljava/util/Set; 7 17 0 java/util/concurrent/ConcurrentHashMap$EntrySetView <init> (Ljava/util/concurrent/ConcurrentHashMap;)V 8 2 0 java/util/concurrent/ConcurrentHashMap$CollectionView <init> (Ljava/util/concurrent/ConcurrentHashMap;)V 9 1 0 java/lang/Object <init> ()V 6 11 0 java/util/Properties$EntrySet <init> (Ljava/util/Set;)V 7 1 0 java/lang/Object <init> ()V 6 15 0 java/util/Collections synchronizedSet (Ljava/util/Set;Ljava/lang/Object;)Ljava/util/Set; 7 6 0 java/util/Collections$SynchronizedSet <init> (Ljava/util/Set;Ljava/lang/Object;)V 8 3 0 java/util/Collections$SynchronizedCollection <init> (Ljava/util/Collection;Ljava/lang/Object;)V 9 1 0 java/lang/Object <init> ()V 9 6 0 java/util/Objects requireNonNull (Ljava/lang/Object;)Ljava/lang/Object; 9 17 0 java/util/Objects requireNonNull (Ljava/lang/Object;)Ljava/lang/Object; 5 11 0 java/util/HashMap entrySet ()Ljava/util/Set; 5 16 0 java/util/Collections$SynchronizedCollection iterator ()Ljava/util/Iterator; 6 4 0 java/util/Properties$EntrySet iterator ()Ljava/util/Iterator; 7 4 0 java/util/concurrent/ConcurrentHashMap$EntrySetView iterator ()Ljava/util/Iterator; 8 30 0 java/util/concurrent/ConcurrentHashMap$EntryIterator <init> ([Ljava/util/concurrent/ConcurrentHashMap$Node;IIILjava/util/concurrent/ConcurrentHashMap;)V 9 8 0 java/util/concurrent/ConcurrentHashMap$BaseIterator <init> ([Ljava/util/concurrent/ConcurrentHashMap$Node;IIILjava/util/concurrent/ConcurrentHashMap;)V 10 6 0 java/util/concurrent/ConcurrentHashMap$Traverser <init> ([Ljava/util/concurrent/ConcurrentHashMap$Node;III)V 11 1 0 java/lang/Object <init> ()V 10 16 0 java/util/concurrent/ConcurrentHashMap$Traverser advance ()Ljava/util/concurrent/ConcurrentHashMap$Node; 11 72 0 java/util/concurrent/ConcurrentHashMap tabAt ([Ljava/util/concurrent/ConcurrentHashMap$Node;I)Ljava/util/concurrent/ConcurrentHashMap$Node; 5 16 0 java/util/HashMap$EntrySet iterator ()Ljava/util/Iterator; 6 8 0 java/util/HashMap$EntryIterator <init> (Ljava/util/HashMap;)V 7 2 0 java/util/HashMap$HashIterator <init> (Ljava/util/HashMap;)V 8 6 0 java/lang/Object <init> ()V 5 23 0 java/util/concurrent/ConcurrentHashMap$BaseIterator hasNext ()Z 5 23 0 java/util/HashMap$HashIterator hasNext ()Z 5 32 0 java/util/concurrent/ConcurrentHashMap$EntryIterator next ()Ljava/lang/Object; 6 1 0 java/util/concurrent/ConcurrentHashMap$EntryIterator next ()Ljava/util/Map$Entry; 7 33 0 java/util/concurrent/ConcurrentHashMap$Traverser advance ()Ljava/util/concurrent/ConcurrentHashMap$Node; 8 72 0 java/util/concurrent/ConcurrentHashMap tabAt ([Ljava/util/concurrent/ConcurrentHashMap$Node;I)Ljava/util/concurrent/ConcurrentHashMap$Node; 7 47 0 java/util/concurrent/ConcurrentHashMap$MapEntry <init> (Ljava/lang/Object;Ljava/lang/Object;Ljava/util/concurrent/ConcurrentHashMap;)V 8 1 0 java/lang/Object <init> ()V 5 32 0 java/util/HashMap$EntryIterator next ()Ljava/lang/Object; 6 1 0 java/util/HashMap$EntryIterator next ()Ljava/util/Map$Entry; 7 1 0 java/util/HashMap$HashIterator nextNode ()Ljava/util/HashMap$Node; 5 43 0 java/util/concurrent/ConcurrentHashMap$MapEntry getKey ()Ljava/lang/Object; 5 43 0 java/util/HashMap$Node getKey ()Ljava/lang/Object; 5 49 0 java/util/concurrent/ConcurrentHashMap$MapEntry getValue ()Ljava/lang/Object; 5 49 0 java/util/HashMap$Node getValue ()Ljava/lang/Object; 3 25 0 java/lang/System getenv ()Ljava/util/Map; 4 0 0 java/lang/System getSecurityManager ()Ljava/lang/SecurityManager; 5 0 0 java/lang/System allowSecurityManager ()Z 4 22 0 java/lang/ProcessEnvironment getenv ()Ljava/util/Map; 3 29 0 java/lang/invoke/Invokers$Holder linkToTargetMethod (Ljava/lang/Object;Ljava/lang/Object;)Ljava/lang/Object; 4 5 0 java/lang/invoke/DirectMethodHandle$Holder newInvokeSpecial (Ljava/lang/Object;Ljava/lang/Object;)Ljava/lang/Object; 5 1 0 java/lang/invoke/DirectMethodHandle allocateInstance (Ljava/lang/Object;)Ljava/lang/Object; 5 6 0 java/lang/invoke/DirectMethodHandle constructorMethod (Ljava/lang/Object;)Ljava/lang/Object; 5 16 0  @bci org/python/pydev/ast/interpreter_managers/InterpreterInfo getStringSubstitutionVariables (Z)Ljava/util/Properties; 29 <appendix> member <vmtarget> ; <init> (Ljava/util/Properties;)V 6 1 0 java/lang/Object <init> ()V 3 34 0 java/util/Collections$UnmodifiableMap forEach (Ljava/util/function/BiConsumer;)V 2 65 0 org/python/pydev/plugin/nature/PythonNature getProject ()Lorg/eclipse/core/resources/IProject; 2 71 0 java/lang/invoke/Invokers$Holder linkToTargetMethod (Ljava/lang/Object;Ljava/lang/Object;)Ljava/lang/Object; 3 5 0  @bci org/python/pydev/pydev_lsp/PyDevCodeAnalysis run ()V 105 <appendix> form vmentry <vmtarget> ; invoke (Ljava/lang/Object;Ljava/lang/Object;)Ljava/lang/Object; 4 21 0 java/lang/invoke/DirectMethodHandle$Holder invokeStatic (Ljava/lang/Object;Ljava/lang/Object;Ljava/lang/Object;)Ljava/lang/Object; 5 1 0 java/lang/invoke/DirectMethodHandle internalMemberName (Ljava/lang/Object;)Ljava/lang/Object; 5 11 0 java/lang/StringConcatHelper simpleConcat (Ljava/lang/Object;Ljava/lang/Object;)Ljava/lang/String; 6 1 0 java/lang/StringConcatHelper stringOf (Ljava/lang/Object;)Ljava/lang/String; 7 5 0 java/lang/String toString ()Ljava/lang/String; 6 6 0 java/lang/StringConcatHelper stringOf (Ljava/lang/Object;)Ljava/lang/String; 7 5 0 java/lang/String toString ()Ljava/lang/String; 6 11 0 java/lang/String isEmpty ()Z 6 27 0 java/lang/String isEmpty ()Z 6 42 0 java/lang/StringConcatHelper initialCoder ()J 6 46 0 java/lang/StringConcatHelper mix (JLjava/lang/String;)J 7 2 0 java/lang/String length ()I 8 6 0 java/lang/String coder ()B 7 9 0 java/lang/String coder ()B 7 23 0 java/lang/StringConcatHelper checkOverflow (J)J 6 54 0 java/lang/StringConcatHelper mix (JLjava/lang/String;)J 7 2 0 java/lang/String length ()I 8 6 0 java/lang/String coder ()B 7 9 0 java/lang/String coder ()B 7 23 0 java/lang/StringConcatHelper checkOverflow (J)J 6 61 0 java/lang/StringConcatHelper newArray (J)[B 7 19 0 jdk/internal/misc/Unsafe allocateUninitializedArray (Ljava/lang/Class;I)Ljava/lang/Object; 6 71 0 java/lang/StringConcatHelper prepend (J[BLjava/lang/String;)J 7 2 0 java/lang/String length ()I 8 6 0 java/lang/String coder ()B 7 21 0 java/lang/String getBytes ([BIB)V 8 1 0 java/lang/String coder ()B 6 81 0 java/lang/StringConcatHelper prepend (J[BLjava/lang/String;)J 7 2 0 java/lang/String length ()I 8 6 0 java/lang/String coder ()B 7 21 0 java/lang/String getBytes ([BIB)V 8 1 0 java/lang/String coder ()B 6 90 0 java/lang/StringConcatHelper newString ([BJ)Ljava/lang/String; 7 12 0 java/lang/String <init> ([BB)V 8 1 0 java/lang/Object <init> ()V 7 30 0 java/lang/String <init> ([BB)V 8 1 0 java/lang/Object <init> ()V 2 105 0 org/python/pydev/plugin/nature/PythonNature getStore ()Lorg/python/pydev/plugin/nature/IPythonNatureStore; 2 108 0 org/python/pydev/plugin/nature/PythonPathNature getProjectVariableSubstitutionQualifiedName ()Lorg/eclipse/core/runtime/QualifiedName; 2 111 0 org/python/pydev/plugin/nature/PythonNatureStore getMapProperty (Lorg/eclipse/core/runtime/QualifiedName;)Ljava/util/Map; 3 12 0 org/python/pydev/plugin/nature/PythonNatureStore checkLoad (Ljava/lang/String;)V 3 24 0 java/util/HashMap get (Ljava/lang/Object;)Ljava/lang/Object; 4 2 0 java/util/HashMap getNode (Ljava/lang/Object;)Ljava/util/HashMap$Node; 5 23 0 java/util/HashMap hash (Ljava/lang/Object;)I 6 9 0 org/eclipse/core/runtime/QualifiedName hashCode ()I 7 15 0 java/lang/String hashCode ()I 8 17 0 java/lang/String isLatin1 ()Z 7 22 0 java/lang/String hashCode ()I 8 17 0 java/lang/String isLatin1 ()Z 3 200 0 org/python/pydev/plugin/nature/PythonNatureStore traceFunc (Ljava/lang/String;[Ljava/lang/Object;)V 2 124 0 org/python/pydev/plugin/nature/PythonNature getProject ()Lorg/eclipse/core/resources/IProject; 1 19 0 org/eclipse/core/internal/resources/Resource getPathVariableManager ()Lorg/eclipse/core/resources/IPathVariableManager; 2 1 0 org/eclipse/core/internal/resources/Project getProject ()Lorg/eclipse/core/resources/IProject; 2 20 0 org/eclipse/core/internal/resources/ProjectPathVariableManager <init> (Lorg/eclipse/core/internal/resources/Resource;)V 3 1 0 java/lang/Object <init> ()V 3 15 0 org/eclipse/core/internal/resources/ProjectVariableProviderManager getDefault ()Lorg/eclipse/core/internal/resources/ProjectVariableProviderManager; 3 18 0 org/eclipse/core/internal/resources/ProjectVariableProviderManager getDescriptors ()[Lorg/eclipse/core/internal/resources/ProjectVariableProviderManager$Descriptor; 4 1 0 org/eclipse/core/internal/resources/ProjectVariableProviderManager lazyInitialize ()V 1 58 0 java/util/HashMap containsKey (Ljava/lang/Object;)Z 2 2 0 java/util/HashMap getNode (Ljava/lang/Object;)Ljava/util/HashMap$Node; 3 23 0 java/util/HashMap hash (Ljava/lang/Object;)I 4 9 0 java/lang/String hashCode ()I 5 17 0 java/lang/String isLatin1 ()Z 1 67 0 org/eclipse/core/internal/resources/Resource getFullPath ()Lorg/eclipse/core/runtime/IPath; 1 87 0 org/eclipse/core/runtime/Path lastSegment ()Ljava/lang/String; 2 1 0 org/eclipse/core/runtime/Path getSegments ()[Ljava/lang/String; 1 92 0 java/util/HashMap put (Ljava/lang/Object;Ljava/lang/Object;)Ljava/lang/Object; 2 2 0 java/util/HashMap hash (Ljava/lang/Object;)I 3 9 0 java/lang/String hashCode ()I 4 17 0 java/lang/String isLatin1 ()Z 2 9 0 java/util/HashMap putVal (ILjava/lang/Object;Ljava/lang/Object;ZZ)Ljava/lang/Object; 3 56 0 java/util/HashMap newNode (ILjava/lang/Object;Ljava/lang/Object;Ljava/util/HashMap$Node;)Ljava/util/HashMap$Node; 4 9 0 java/util/HashMap$Node <init> (ILjava/lang/Object;Ljava/lang/Object;Ljava/util/HashMap$Node;)V 5 1 0 java/lang/Object <init> ()V 3 152 0 java/util/HashMap newNode (ILjava/lang/Object;Ljava/lang/Object;Ljava/util/HashMap$Node;)Ljava/util/HashMap$Node; 4 9 0 java/util/HashMap$Node <init> (ILjava/lang/Object;Ljava/lang/Object;Ljava/util/HashMap$Node;)V 5 1 0 java/lang/Object <init> ()V 3 253 0 java/util/HashMap afterNodeAccess (Ljava/util/HashMap$Node;)V 3 295 0 java/util/HashMap afterNodeInsertion (Z)V 1 129 0 org/eclipse/core/internal/resources/ProjectPathVariableManager getURIValue (Ljava/lang/String;)Ljava/net/URI; 2 2 0 org/eclipse/core/internal/resources/ProjectPathVariableManager internalGetValue (Ljava/lang/String;)Ljava/lang/String; 3 4 0 org/eclipse/core/internal/resources/Project getProject ()Lorg/eclipse/core/resources/IProject; 3 15 0 org/eclipse/core/internal/resources/ProjectDescription getVariables ()Ljava/util/HashMap; 3 52 0 java/lang/String indexOf (I)I 4 3 0 java/lang/String indexOf (II)I 5 1 0 java/lang/String isLatin1 ()Z 5 13 0 java/lang/StringLatin1 indexOf ([BII)I 6 1 0 java/lang/StringLatin1 canEncode (I)Z 3 101 0 org/eclipse/core/internal/resources/ProjectVariableProviderManager$Descriptor getName ()Ljava/lang/String; 3 105 0 java/lang/String equals (Ljava/lang/Object;)Z 3 118 0 org/eclipse/core/internal/resources/ProjectVariableProviderManager$Descriptor getValue (Ljava/lang/String;Lorg/eclipse/core/resources/IResource;)Ljava/lang/String; 2 13 0 java/lang/String contains (Ljava/lang/CharSequence;)Z 3 2 0 java/lang/String toString ()Ljava/lang/String; 3 7 0 java/lang/String indexOf (Ljava/lang/String;)I 4 1 0 java/lang/String coder ()B 4 7 0 java/lang/String coder ()B 4 14 0 java/lang/String isLatin1 ()Z 2 46 0 java/net/URI create (Ljava/lang/String;)Ljava/net/URI; 3 5 0 java/net/URI <init> (Ljava/lang/String;)V 4 1 0 java/lang/Object <init> ()V 4 15 0 java/net/URI$Parser <init> (Ljava/net/URI;Ljava/lang/String;)V 5 6 0 java/lang/Object <init> ()V 2 52 0 org/eclipse/core/runtime/IPath fromPortableString (Ljava/lang/String;)Lorg/eclipse/core/runtime/IPath; 1 143 0 java/net/URI getScheme ()Ljava/lang/String; 1 157 0 java/lang/String equalsIgnoreCase (Ljava/lang/String;)Z 2 14 0 java/lang/String length ()I 3 6 0 java/lang/String coder ()B 2 18 0 java/lang/String length ()I 3 6 0 java/lang/String coder ()B 2 30 0 java/lang/String length ()I 3 6 0 java/lang/String coder ()B 1 165 0 java/net/URI getPath ()Ljava/lang/String; 2 21 0 java/net/URI decode (Ljava/lang/String;)Ljava/lang/String; 1 181 0 java/util/HashMap containsKey (Ljava/lang/Object;)Z 2 2 0 java/util/HashMap getNode (Ljava/lang/Object;)Ljava/util/HashMap$Node; 3 23 0 java/util/HashMap hash (Ljava/lang/Object;)I 4 9 0 java/lang/String hashCode ()I 5 17 0 java/lang/String isLatin1 ()Z 1 204 0 java/io/File toString ()Ljava/lang/String; 2 1 0 java/io/File getPath ()Ljava/lang/String; 1 207 0 java/util/HashMap put (Ljava/lang/Object;Ljava/lang/Object;)Ljava/lang/Object;
